2026-05-17 10:58:50,908 INFO [long-pulling] client count 0

2026-05-17 10:59:00,932 INFO [long-pulling] client count 0

2026-05-17 10:59:00,932 INFO toNotifyTaskSize = 0

2026-05-17 10:59:00,933 INFO toClientNotifyTaskSize = 0

2026-05-17 10:59:00,933 INFO groupCount = 1, subscriberClientCount = 0, subscriberCount = 0

2026-05-17 10:59:10,936 INFO [long-pulling] client count 0

2026-05-17 10:59:10,936 INFO groupCount = 1, subscriberClientCount = 0, subscriberCount = 0

2026-05-17 10:59:10,936 INFO toNotifyTaskSize = 0

2026-05-17 10:59:10,936 INFO toClientNotifyTaskSize = 0

2026-05-17 10:59:20,952 INFO [long-pulling] client count 0

2026-05-17 10:59:20,953 INFO toNotifyTaskSize = 0

2026-05-17 10:59:20,953 INFO groupCount = 1, subscriberClientCount = 0, subscriberCount = 0

2026-05-17 10:59:20,965 INFO toClientNotifyTaskSize = 0

2026-05-17 10:59:30,964 INFO [long-pulling] client count 0

2026-05-17 10:59:30,979 INFO toNotifyTaskSize = 0

2026-05-17 10:59:30,979 INFO groupCount = 1, subscriberClientCount = 0, subscriberCount = 0

2026-05-17 10:59:30,979 INFO toClientNotifyTaskSize = 0

2026-05-17 10:59:40,967 INFO [long-pulling] client count 0

2026-05-17 10:59:40,980 INFO toNotifyTaskSize = 0

2026-05-17 10:59:40,980 INFO groupCount = 1, subscriberClientCount = 0, subscriberCount = 0

2026-05-17 10:59:40,981 INFO toClientNotifyTaskSize = 0

2026-05-17 10:59:50,980 INFO [long-pulling] client count 0

2026-05-17 10:59:50,985 INFO groupCount = 1, subscriberClientCount = 0, subscriberCount = 0

2026-05-17 10:59:50,985 INFO toNotifyTaskSize = 0

2026-05-17 10:59:50,985 INFO toClientNotifyTaskSize = 0

2026-05-17 11:00:00,994 INFO [long-pulling] client count 0

2026-05-17 11:00:00,994 INFO toNotifyTaskSize = 0

2026-05-17 11:00:00,995 INFO toClientNotifyTaskSize = 0

2026-05-17 11:00:00,994 INFO groupCount = 1, subscriberClientCount = 0, subscriberCount = 0

2026-05-17 11:00:10,996 INFO [long-pulling] client count 0

2026-05-17 11:00:10,996 INFO groupCount = 1, subscriberClientCount = 0, subscriberCount = 0

2026-05-17 11:00:10,996 INFO toNotifyTaskSize = 0

2026-05-17 11:00:10,996 INFO toClientNotifyTaskSize = 0

2026-05-17 11:00:20,999 INFO [long-pulling] client count 0

2026-05-17 11:00:20,999 INFO toNotifyTaskSize = 0

2026-05-17 11:00:20,999 INFO toClientNotifyTaskSize = 0

2026-05-17 11:00:20,999 INFO groupCount = 1, subscriberClientCount = 0, subscriberCount = 0

2026-05-17 11:00:31,012 INFO toNotifyTaskSize = 0

2026-05-17 11:00:31,012 INFO groupCount = 1, subscriberClientCount = 0, subscriberCount = 0

2026-05-17 11:00:31,012 INFO [long-pulling] client count 0

2026-05-17 11:00:31,013 INFO toClientNotifyTaskSize = 0

2026-05-17 11:00:41,027 INFO toNotifyTaskSize = 0

2026-05-17 11:00:41,027 INFO [long-pulling] client count 0

2026-05-17 11:00:41,027 INFO groupCount = 1, subscriberClientCount = 0, subscriberCount = 0

2026-05-17 11:00:41,027 INFO toClientNotifyTaskSize = 0

2026-05-17 11:00:51,028 INFO [long-pulling] client count 0

2026-05-17 11:00:51,028 INFO groupCount = 1, subscriberClientCount = 0, subscriberCount = 0

2026-05-17 11:00:51,028 INFO toNotifyTaskSize = 0

2026-05-17 11:00:51,028 INFO toClientNotifyTaskSize = 0

2026-05-17 11:01:01,043 INFO toNotifyTaskSize = 0

2026-05-17 11:01:01,043 INFO groupCount = 1, subscriberClientCount = 0, subscriberCount = 0

2026-05-17 11:01:01,043 INFO [long-pulling] client count 0

2026-05-17 11:01:01,043 INFO toClientNotifyTaskSize = 0

2026-05-17 11:01:11,058 INFO groupCount = 1, subscriberClientCount = 0, subscriberCount = 0

2026-05-17 11:01:11,058 INFO toNotifyTaskSize = 0

2026-05-17 11:01:11,059 INFO toClientNotifyTaskSize = 0

2026-05-17 11:01:11,058 INFO [long-pulling] client count 0

2026-05-17 11:01:21,061 INFO [long-pulling] client count 0

2026-05-17 11:01:21,061 INFO toNotifyTaskSize = 0

2026-05-17 11:01:21,061 INFO toClientNotifyTaskSize = 0

2026-05-17 11:01:21,061 INFO groupCount = 1, subscriberClientCount = 0, subscriberCount = 0

2026-05-17 11:01:31,067 INFO [long-pulling] client count 0

2026-05-17 11:01:31,067 INFO groupCount = 1, subscriberClientCount = 0, subscriberCount = 0

2026-05-17 11:01:31,067 INFO toNotifyTaskSize = 0

2026-05-17 11:01:31,067 INFO toClientNotifyTaskSize = 0

2026-05-17 11:01:41,071 INFO [long-pulling] client count 0

2026-05-17 11:01:41,071 INFO groupCount = 1, subscriberClientCount = 0, subscriberCount = 0

2026-05-17 11:01:41,071 INFO toNotifyTaskSize = 0

2026-05-17 11:01:41,071 INFO toClientNotifyTaskSize = 0

2026-05-17 11:01:51,075 INFO [long-pulling] client count 0

2026-05-17 11:01:51,075 INFO toNotifyTaskSize = 0

2026-05-17 11:01:51,075 INFO groupCount = 1, subscriberClientCount = 0, subscriberCount = 0

2026-05-17 11:01:51,075 INFO toClientNotifyTaskSize = 0

2026-05-17 11:02:01,076 INFO [long-pulling] client count 0

2026-05-17 11:02:01,076 INFO groupCount = 1, subscriberClientCount = 0, subscriberCount = 0

2026-05-17 11:02:01,076 INFO toNotifyTaskSize = 0

2026-05-17 11:02:01,076 INFO toClientNotifyTaskSize = 0

2026-05-17 11:02:11,088 INFO [long-pulling] client count 0

2026-05-17 11:02:11,088 INFO toNotifyTaskSize = 0

2026-05-17 11:02:11,088 INFO groupCount = 1, subscriberClientCount = 0, subscriberCount = 0

2026-05-17 11:02:11,088 INFO toClientNotifyTaskSize = 0

2026-05-17 11:02:21,102 INFO toNotifyTaskSize = 0

2026-05-17 11:02:21,102 INFO [long-pulling] client count 0

2026-05-17 11:02:21,102 INFO groupCount = 1, subscriberClientCount = 0, subscriberCount = 0

2026-05-17 11:02:21,102 INFO toClientNotifyTaskSize = 0

2026-05-17 11:02:31,110 INFO [long-pulling] client count 0

2026-05-17 11:02:31,110 INFO toNotifyTaskSize = 0

2026-05-17 11:02:31,110 INFO groupCount = 1, subscriberClientCount = 0, subscriberCount = 0

2026-05-17 11:02:31,110 INFO toClientNotifyTaskSize = 0

2026-05-17 11:02:41,121 INFO [long-pulling] client count 0

2026-05-17 11:02:41,121 INFO toNotifyTaskSize = 0

2026-05-17 11:02:41,121 INFO groupCount = 1, subscriberClientCount = 0, subscriberCount = 0

2026-05-17 11:02:41,122 INFO toClientNotifyTaskSize = 0

2026-05-17 11:02:51,129 INFO [long-pulling] client count 0

2026-05-17 11:02:51,130 INFO groupCount = 1, subscriberClientCount = 0, subscriberCount = 0

2026-05-17 11:02:51,130 INFO toNotifyTaskSize = 0

2026-05-17 11:02:51,130 INFO toClientNotifyTaskSize = 0

2026-05-17 11:03:01,132 INFO [long-pulling] client count 0

2026-05-17 11:03:01,132 INFO toNotifyTaskSize = 0

2026-05-17 11:03:01,133 INFO toClientNotifyTaskSize = 0

2026-05-17 11:03:01,132 INFO groupCount = 1, subscriberClientCount = 0, subscriberCount = 0

2026-05-17 11:03:11,139 INFO toNotifyTaskSize = 0

2026-05-17 11:03:11,139 INFO [long-pulling] client count 0

2026-05-17 11:03:11,139 INFO groupCount = 1, subscriberClientCount = 0, subscriberCount = 0

2026-05-17 11:03:11,139 INFO toClientNotifyTaskSize = 0

2026-05-17 11:03:21,151 INFO [long-pulling] client count 0

2026-05-17 11:03:21,151 INFO toNotifyTaskSize = 0

2026-05-17 11:03:21,151 INFO groupCount = 1, subscriberClientCount = 0, subscriberCount = 0

2026-05-17 11:03:21,151 INFO toClientNotifyTaskSize = 0

2026-05-17 11:03:31,164 INFO [long-pulling] client count 0

2026-05-17 11:03:31,164 INFO toNotifyTaskSize = 0

2026-05-17 11:03:31,164 INFO groupCount = 1, subscriberClientCount = 0, subscriberCount = 0

2026-05-17 11:03:31,164 INFO toClientNotifyTaskSize = 0

2026-05-17 11:03:41,165 INFO [long-pulling] client count 0

2026-05-17 11:03:41,165 INFO toNotifyTaskSize = 0

2026-05-17 11:03:41,165 INFO groupCount = 1, subscriberClientCount = 0, subscriberCount = 0

2026-05-17 11:03:41,165 INFO toClientNotifyTaskSize = 0

2026-05-17 11:03:51,175 INFO [long-pulling] client count 0

2026-05-17 11:03:51,175 INFO toNotifyTaskSize = 0

2026-05-17 11:03:51,175 INFO groupCount = 1, subscriberClientCount = 0, subscriberCount = 0

2026-05-17 11:03:51,175 INFO toClientNotifyTaskSize = 0

2026-05-17 11:04:01,184 INFO [long-pulling] client count 0

2026-05-17 11:04:01,184 INFO toNotifyTaskSize = 0

2026-05-17 11:04:01,184 INFO groupCount = 1, subscriberClientCount = 0, subscriberCount = 0

2026-05-17 11:04:01,184 INFO toClientNotifyTaskSize = 0

2026-05-17 11:04:11,187 INFO [long-pulling] client count 0

2026-05-17 11:04:11,187 INFO groupCount = 1, subscriberClientCount = 0, subscriberCount = 0

2026-05-17 11:04:11,187 INFO toNotifyTaskSize = 0

2026-05-17 11:04:11,187 INFO toClientNotifyTaskSize = 0

2026-05-17 11:04:21,188 INFO [long-pulling] client count 0

2026-05-17 11:04:21,188 INFO groupCount = 1, subscriberClientCount = 0, subscriberCount = 0

2026-05-17 11:04:21,188 INFO toNotifyTaskSize = 0

2026-05-17 11:04:21,189 INFO toClientNotifyTaskSize = 0

2026-05-17 11:04:31,200 INFO [long-pulling] client count 0

2026-05-17 11:04:31,200 INFO groupCount = 1, subscriberClientCount = 0, subscriberCount = 0

2026-05-17 11:04:31,200 INFO toNotifyTaskSize = 0

2026-05-17 11:04:31,200 INFO toClientNotifyTaskSize = 0

2026-05-17 11:04:41,210 INFO groupCount = 1, subscriberClientCount = 0, subscriberCount = 0

2026-05-17 11:04:41,210 INFO toNotifyTaskSize = 0

2026-05-17 11:04:41,210 INFO [long-pulling] client count 0

2026-05-17 11:04:41,210 INFO toClientNotifyTaskSize = 0

2026-05-17 11:04:51,215 INFO [long-pulling] client count 0

2026-05-17 11:04:51,215 INFO groupCount = 1, subscriberClientCount = 0, subscriberCount = 0

2026-05-17 11:04:51,215 INFO toNotifyTaskSize = 0

2026-05-17 11:04:51,215 INFO toClientNotifyTaskSize = 0

2026-05-17 11:05:01,216 INFO [long-pulling] client count 0

2026-05-17 11:05:01,216 INFO toNotifyTaskSize = 0

2026-05-17 11:05:01,216 INFO groupCount = 1, subscriberClientCount = 0, subscriberCount = 0

2026-05-17 11:05:01,216 INFO toClientNotifyTaskSize = 0

2026-05-17 11:05:11,225 INFO toNotifyTaskSize = 0

2026-05-17 11:05:11,225 INFO [long-pulling] client count 0

2026-05-17 11:05:11,225 INFO groupCount = 1, subscriberClientCount = 0, subscriberCount = 0

2026-05-17 11:05:11,225 INFO toClientNotifyTaskSize = 0

2026-05-17 11:05:21,228 INFO [long-pulling] client count 0

2026-05-17 11:05:21,228 INFO toNotifyTaskSize = 0

2026-05-17 11:05:21,228 INFO groupCount = 1, subscriberClientCount = 0, subscriberCount = 0

2026-05-17 11:05:21,228 INFO toClientNotifyTaskSize = 0

2026-05-17 11:05:31,233 INFO [long-pulling] client count 0

2026-05-17 11:05:31,233 INFO toNotifyTaskSize = 0

2026-05-17 11:05:31,233 INFO groupCount = 1, subscriberClientCount = 0, subscriberCount = 0

2026-05-17 11:05:31,233 INFO toClientNotifyTaskSize = 0

2026-05-17 11:05:41,235 INFO [long-pulling] client count 0

2026-05-17 11:05:41,241 INFO toNotifyTaskSize = 0

2026-05-17 11:05:41,241 INFO groupCount = 1, subscriberClientCount = 0, subscriberCount = 0

2026-05-17 11:05:41,242 INFO toClientNotifyTaskSize = 0

2026-05-17 11:05:51,236 INFO [long-pulling] client count 0

2026-05-17 11:05:51,251 INFO toNotifyTaskSize = 0

2026-05-17 11:05:51,251 INFO groupCount = 1, subscriberClientCount = 0, subscriberCount = 0

2026-05-17 11:05:51,251 INFO toClientNotifyTaskSize = 0

2026-05-17 11:06:01,241 INFO [long-pulling] client count 0

2026-05-17 11:06:01,257 INFO toNotifyTaskSize = 0

2026-05-17 11:06:01,257 INFO groupCount = 1, subscriberClientCount = 0, subscriberCount = 0

2026-05-17 11:06:01,257 INFO toClientNotifyTaskSize = 0

2026-05-17 11:06:11,255 INFO [long-pulling] client count 0

2026-05-17 11:06:11,265 INFO toNotifyTaskSize = 0

2026-05-17 11:06:11,265 INFO groupCount = 1, subscriberClientCount = 0, subscriberCount = 0

2026-05-17 11:06:11,265 INFO toClientNotifyTaskSize = 0

2026-05-17 11:06:21,260 INFO [long-pulling] client count 0

2026-05-17 11:06:21,275 INFO groupCount = 1, subscriberClientCount = 0, subscriberCount = 0

2026-05-17 11:06:21,275 INFO toNotifyTaskSize = 0

2026-05-17 11:06:21,275 INFO toClientNotifyTaskSize = 0

2026-05-17 11:06:31,265 INFO [long-pulling] client count 0

2026-05-17 11:06:31,282 INFO toNotifyTaskSize = 0

2026-05-17 11:06:31,282 INFO groupCount = 1, subscriberClientCount = 0, subscriberCount = 0

2026-05-17 11:06:31,282 INFO toClientNotifyTaskSize = 0

2026-05-17 11:06:41,273 INFO [long-pulling] client count 0

2026-05-17 11:06:41,296 INFO toNotifyTaskSize = 0

2026-05-17 11:06:41,296 INFO groupCount = 1, subscriberClientCount = 0, subscriberCount = 0

2026-05-17 11:06:41,297 INFO toClientNotifyTaskSize = 0

2026-05-17 11:06:51,279 INFO [long-pulling] client count 0

2026-05-17 11:06:51,298 INFO groupCount = 1, subscriberClientCount = 0, subscriberCount = 0

2026-05-17 11:06:51,298 INFO toNotifyTaskSize = 0

2026-05-17 11:06:51,298 INFO toClientNotifyTaskSize = 0

2026-05-17 11:07:01,287 INFO [long-pulling] client count 0

2026-05-17 11:07:01,303 INFO toNotifyTaskSize = 0

2026-05-17 11:07:01,303 INFO groupCount = 1, subscriberClientCount = 0, subscriberCount = 0

2026-05-17 11:07:01,303 INFO toClientNotifyTaskSize = 0

2026-05-17 11:07:11,288 INFO [long-pulling] client count 0

2026-05-17 11:07:11,305 INFO groupCount = 1, subscriberClientCount = 0, subscriberCount = 0

2026-05-17 11:07:11,305 INFO toNotifyTaskSize = 0

2026-05-17 11:07:11,305 INFO toClientNotifyTaskSize = 0

2026-05-17 11:07:21,297 INFO [long-pulling] client count 0

2026-05-17 11:07:21,316 INFO groupCount = 1, subscriberClientCount = 0, subscriberCount = 0

2026-05-17 11:07:21,316 INFO toNotifyTaskSize = 0

2026-05-17 11:07:21,317 INFO toClientNotifyTaskSize = 0

2026-05-17 11:07:31,307 INFO [long-pulling] client count 0

2026-05-17 11:07:31,322 INFO groupCount = 1, subscriberClientCount = 0, subscriberCount = 0

2026-05-17 11:07:31,322 INFO toNotifyTaskSize = 0

2026-05-17 11:07:31,322 INFO toClientNotifyTaskSize = 0

2026-05-17 11:07:41,312 INFO [long-pulling] client count 0

2026-05-17 11:07:41,327 INFO groupCount = 1, subscriberClientCount = 0, subscriberCount = 0

2026-05-17 11:07:41,327 INFO toNotifyTaskSize = 0

2026-05-17 11:07:41,327 INFO toClientNotifyTaskSize = 0

2026-05-17 11:07:51,314 INFO [long-pulling] client count 0

2026-05-17 11:07:51,329 INFO groupCount = 1, subscriberClientCount = 0, subscriberCount = 0

2026-05-17 11:07:51,329 INFO toNotifyTaskSize = 0

2026-05-17 11:07:51,329 INFO toClientNotifyTaskSize = 0

2026-05-17 11:08:01,316 INFO [long-pulling] client count 0

2026-05-17 11:08:01,332 INFO groupCount = 1, subscriberClientCount = 0, subscriberCount = 0

2026-05-17 11:08:01,332 INFO toNotifyTaskSize = 0

2026-05-17 11:08:01,332 INFO toClientNotifyTaskSize = 0

2026-05-17 11:08:11,322 INFO [long-pulling] client count 0

2026-05-17 11:08:11,338 INFO toNotifyTaskSize = 0

2026-05-17 11:08:11,338 INFO groupCount = 1, subscriberClientCount = 0, subscriberCount = 0

2026-05-17 11:08:11,339 INFO toClientNotifyTaskSize = 0

2026-05-17 11:08:21,331 INFO [long-pulling] client count 0

2026-05-17 11:08:21,347 INFO groupCount = 1, subscriberClientCount = 0, subscriberCount = 0

2026-05-17 11:08:21,347 INFO toNotifyTaskSize = 0

2026-05-17 11:08:21,347 INFO toClientNotifyTaskSize = 0

2026-05-17 11:08:31,343 INFO [long-pulling] client count 0

2026-05-17 11:08:31,360 INFO groupCount = 1, subscriberClientCount = 0, subscriberCount = 0

2026-05-17 11:08:31,360 INFO toNotifyTaskSize = 0

2026-05-17 11:08:31,361 INFO toClientNotifyTaskSize = 0

2026-05-17 11:08:41,351 INFO [long-pulling] client count 0

2026-05-17 11:08:41,367 INFO toNotifyTaskSize = 0

2026-05-17 11:08:41,367 INFO groupCount = 1, subscriberClientCount = 0, subscriberCount = 0

2026-05-17 11:08:41,367 INFO toClientNotifyTaskSize = 0

2026-05-17 11:08:51,356 INFO [long-pulling] client count 0

2026-05-17 11:08:51,372 INFO groupCount = 1, subscriberClientCount = 0, subscriberCount = 0

2026-05-17 11:08:51,372 INFO toNotifyTaskSize = 0

2026-05-17 11:08:51,373 INFO toClientNotifyTaskSize = 0

2026-05-17 11:09:01,365 INFO [long-pulling] client count 0

2026-05-17 11:09:01,381 INFO toNotifyTaskSize = 0

2026-05-17 11:09:01,381 INFO groupCount = 1, subscriberClientCount = 0, subscriberCount = 0

2026-05-17 11:09:01,381 INFO toClientNotifyTaskSize = 0

2026-05-17 11:09:11,381 INFO [long-pulling] client count 0

2026-05-17 11:09:11,382 INFO toNotifyTaskSize = 0

2026-05-17 11:09:11,382 INFO toClientNotifyTaskSize = 0

2026-05-17 11:09:11,381 INFO groupCount = 1, subscriberClientCount = 0, subscriberCount = 0

2026-05-17 11:09:21,384 INFO groupCount = 1, subscriberClientCount = 0, subscriberCount = 0

2026-05-17 11:09:21,384 INFO toNotifyTaskSize = 0

2026-05-17 11:09:21,384 INFO [long-pulling] client count 0

2026-05-17 11:09:21,384 INFO toClientNotifyTaskSize = 0

2026-05-17 11:09:31,396 INFO groupCount = 1, subscriberClientCount = 0, subscriberCount = 0

2026-05-17 11:09:31,396 INFO toNotifyTaskSize = 0

2026-05-17 11:09:31,396 INFO toClientNotifyTaskSize = 0

2026-05-17 11:09:31,396 INFO [long-pulling] client count 0

2026-05-17 11:09:41,401 INFO [long-pulling] client count 0

2026-05-17 11:09:41,401 INFO toNotifyTaskSize = 0

2026-05-17 11:09:41,401 INFO toClientNotifyTaskSize = 0

2026-05-17 11:09:41,401 INFO groupCount = 1, subscriberClientCount = 0, subscriberCount = 0

2026-05-17 11:09:51,409 INFO [long-pulling] client count 0

2026-05-17 11:09:51,409 INFO groupCount = 1, subscriberClientCount = 0, subscriberCount = 0

2026-05-17 11:09:51,409 INFO toNotifyTaskSize = 0

2026-05-17 11:09:51,410 INFO toClientNotifyTaskSize = 0

2026-05-17 11:10:01,426 INFO [long-pulling] client count 0

2026-05-17 11:10:01,426 INFO toNotifyTaskSize = 0

2026-05-17 11:10:01,426 INFO groupCount = 1, subscriberClientCount = 0, subscriberCount = 0

2026-05-17 11:10:01,426 INFO toClientNotifyTaskSize = 0

2026-05-17 11:10:11,437 INFO [long-pulling] client count 0

2026-05-17 11:10:11,437 INFO toNotifyTaskSize = 0

2026-05-17 11:10:11,437 INFO toClientNotifyTaskSize = 0

2026-05-17 11:10:11,437 INFO groupCount = 1, subscriberClientCount = 0, subscriberCount = 0

2026-05-17 11:10:21,452 INFO toNotifyTaskSize = 0

2026-05-17 11:10:21,452 INFO groupCount = 1, subscriberClientCount = 0, subscriberCount = 0

2026-05-17 11:10:21,452 INFO [long-pulling] client count 0

2026-05-17 11:10:21,452 INFO toClientNotifyTaskSize = 0

2026-05-17 11:10:31,455 INFO [long-pulling] client count 0

2026-05-17 11:10:31,455 INFO groupCount = 1, subscriberClientCount = 0, subscriberCount = 0

2026-05-17 11:10:31,455 INFO toNotifyTaskSize = 0

2026-05-17 11:10:31,456 INFO toClientNotifyTaskSize = 0

2026-05-17 11:10:41,464 INFO [long-pulling] client count 0

2026-05-17 11:10:41,464 INFO toNotifyTaskSize = 0

2026-05-17 11:10:41,464 INFO groupCount = 1, subscriberClientCount = 0, subscriberCount = 0

2026-05-17 11:10:41,465 INFO toClientNotifyTaskSize = 0

2026-05-17 11:10:51,476 INFO groupCount = 1, subscriberClientCount = 0, subscriberCount = 0

2026-05-17 11:10:51,476 INFO toNotifyTaskSize = 0

2026-05-17 11:10:51,476 INFO toClientNotifyTaskSize = 0

2026-05-17 11:10:51,476 INFO [long-pulling] client count 0

2026-05-17 11:11:01,480 INFO toNotifyTaskSize = 0

2026-05-17 11:11:01,480 INFO [long-pulling] client count 0

2026-05-17 11:11:01,480 INFO groupCount = 1, subscriberClientCount = 0, subscriberCount = 0

2026-05-17 11:11:01,480 INFO toClientNotifyTaskSize = 0

2026-05-17 11:11:11,494 INFO [long-pulling] client count 0

2026-05-17 11:11:11,494 INFO toNotifyTaskSize = 0

2026-05-17 11:11:11,495 INFO toClientNotifyTaskSize = 0

2026-05-17 11:11:11,494 INFO groupCount = 1, subscriberClientCount = 0, subscriberCount = 0

2026-05-17 11:11:21,504 INFO [long-pulling] client count 0

2026-05-17 11:11:21,504 INFO groupCount = 1, subscriberClientCount = 0, subscriberCount = 0

2026-05-17 11:11:21,504 INFO toNotifyTaskSize = 0

2026-05-17 11:11:21,504 INFO toClientNotifyTaskSize = 0

2026-05-17 11:11:31,519 INFO [long-pulling] client count 0

2026-05-17 11:11:31,519 INFO toNotifyTaskSize = 0

2026-05-17 11:11:31,519 INFO groupCount = 1, subscriberClientCount = 0, subscriberCount = 0

2026-05-17 11:11:31,519 INFO toClientNotifyTaskSize = 0

2026-05-17 11:11:41,523 INFO [long-pulling] client count 0

2026-05-17 11:11:41,523 INFO groupCount = 1, subscriberClientCount = 0, subscriberCount = 0

2026-05-17 11:11:41,523 INFO toNotifyTaskSize = 0

2026-05-17 11:11:41,523 INFO toClientNotifyTaskSize = 0

2026-05-17 11:11:51,533 INFO [long-pulling] client count 0

2026-05-17 11:11:51,533 INFO groupCount = 1, subscriberClientCount = 0, subscriberCount = 0

2026-05-17 11:11:51,533 INFO toNotifyTaskSize = 0

2026-05-17 11:11:51,533 INFO toClientNotifyTaskSize = 0

2026-05-17 11:12:01,548 INFO groupCount = 1, subscriberClientCount = 0, subscriberCount = 0

2026-05-17 11:12:01,548 INFO toNotifyTaskSize = 0

2026-05-17 11:12:01,548 INFO [long-pulling] client count 0

2026-05-17 11:12:01,548 INFO toClientNotifyTaskSize = 0

2026-05-17 11:12:11,556 INFO toNotifyTaskSize = 0

2026-05-17 11:12:11,556 INFO [long-pulling] client count 0

2026-05-17 11:12:11,556 INFO groupCount = 1, subscriberClientCount = 0, subscriberCount = 0

2026-05-17 11:12:11,556 INFO toClientNotifyTaskSize = 0

2026-05-17 11:12:21,561 INFO [long-pulling] client count 0

2026-05-17 11:12:21,561 INFO toNotifyTaskSize = 0

2026-05-17 11:12:21,561 INFO groupCount = 1, subscriberClientCount = 0, subscriberCount = 0

2026-05-17 11:12:21,561 INFO toClientNotifyTaskSize = 0

2026-05-17 11:12:31,569 INFO [long-pulling] client count 0

2026-05-17 11:12:31,569 INFO toNotifyTaskSize = 0

2026-05-17 11:12:31,569 INFO groupCount = 1, subscriberClientCount = 0, subscriberCount = 0

2026-05-17 11:12:31,570 INFO toClientNotifyTaskSize = 0

2026-05-17 11:12:41,579 INFO [long-pulling] client count 0

2026-05-17 11:12:41,579 INFO groupCount = 1, subscriberClientCount = 0, subscriberCount = 0

2026-05-17 11:12:41,579 INFO toNotifyTaskSize = 0

2026-05-17 11:12:41,580 INFO toClientNotifyTaskSize = 0

2026-05-17 11:12:51,582 INFO [long-pulling] client count 0

2026-05-17 11:12:51,582 INFO toNotifyTaskSize = 0

2026-05-17 11:12:51,582 INFO toClientNotifyTaskSize = 0

2026-05-17 11:12:51,582 INFO groupCount = 1, subscriberClientCount = 0, subscriberCount = 0

2026-05-17 11:13:01,582 INFO [long-pulling] client count 0

2026-05-17 11:13:01,582 INFO toNotifyTaskSize = 0

2026-05-17 11:13:01,583 INFO toClientNotifyTaskSize = 0

2026-05-17 11:13:01,583 INFO groupCount = 1, subscriberClientCount = 0, subscriberCount = 0

2026-05-17 11:13:11,595 INFO toNotifyTaskSize = 0

2026-05-17 11:13:11,595 INFO groupCount = 1, subscriberClientCount = 0, subscriberCount = 0

2026-05-17 11:13:11,595 INFO [long-pulling] client count 0

2026-05-17 11:13:11,595 INFO toClientNotifyTaskSize = 0

2026-05-17 11:13:21,606 INFO groupCount = 1, subscriberClientCount = 0, subscriberCount = 0

2026-05-17 11:13:21,606 INFO toNotifyTaskSize = 0

2026-05-17 11:13:21,606 INFO [long-pulling] client count 0

2026-05-17 11:13:21,606 INFO toClientNotifyTaskSize = 0

2026-05-17 11:13:31,610 INFO [long-pulling] client count 0

2026-05-17 11:13:31,610 INFO groupCount = 1, subscriberClientCount = 0, subscriberCount = 0

2026-05-17 11:13:31,610 INFO toNotifyTaskSize = 0

2026-05-17 11:13:31,610 INFO toClientNotifyTaskSize = 0

2026-05-17 11:13:41,611 INFO [long-pulling] client count 0

2026-05-17 11:13:41,617 INFO toNotifyTaskSize = 0

2026-05-17 11:13:41,617 INFO groupCount = 1, subscriberClientCount = 0, subscriberCount = 0

2026-05-17 11:13:41,617 INFO toClientNotifyTaskSize = 0

2026-05-17 11:13:51,622 INFO [long-pulling] client count 0

2026-05-17 11:13:51,622 INFO toNotifyTaskSize = 0

2026-05-17 11:13:51,622 INFO toClientNotifyTaskSize = 0

2026-05-17 11:13:51,622 INFO groupCount = 1, subscriberClientCount = 0, subscriberCount = 0

2026-05-17 11:14:01,628 INFO toNotifyTaskSize = 0

2026-05-17 11:14:01,628 INFO groupCount = 1, subscriberClientCount = 0, subscriberCount = 0

2026-05-17 11:14:01,628 INFO [long-pulling] client count 0

2026-05-17 11:14:01,628 INFO toClientNotifyTaskSize = 0

2026-05-17 11:14:11,639 INFO [long-pulling] client count 0

2026-05-17 11:14:11,639 INFO groupCount = 1, subscriberClientCount = 0, subscriberCount = 0

2026-05-17 11:14:11,639 INFO toNotifyTaskSize = 0

2026-05-17 11:14:11,639 INFO toClientNotifyTaskSize = 0

2026-05-17 11:14:21,649 INFO [long-pulling] client count 0

2026-05-17 11:14:21,649 INFO groupCount = 1, subscriberClientCount = 0, subscriberCount = 0

2026-05-17 11:14:21,649 INFO toNotifyTaskSize = 0

2026-05-17 11:14:21,649 INFO toClientNotifyTaskSize = 0

2026-05-17 11:14:31,655 INFO [long-pulling] client count 0

2026-05-17 11:14:31,671 INFO toNotifyTaskSize = 0

2026-05-17 11:14:31,671 INFO toClientNotifyTaskSize = 0

2026-05-17 11:14:31,671 INFO groupCount = 1, subscriberClientCount = 0, subscriberCount = 0

2026-05-17 11:14:41,660 INFO [long-pulling] client count 0

2026-05-17 11:14:41,671 INFO toNotifyTaskSize = 0

2026-05-17 11:14:41,671 INFO toClientNotifyTaskSize = 0

2026-05-17 11:14:41,671 INFO groupCount = 1, subscriberClientCount = 0, subscriberCount = 0

2026-05-17 11:14:51,660 INFO [long-pulling] client count 0

2026-05-17 11:14:51,676 INFO toNotifyTaskSize = 0

2026-05-17 11:14:51,676 INFO groupCount = 1, subscriberClientCount = 0, subscriberCount = 0

2026-05-17 11:14:51,676 INFO toClientNotifyTaskSize = 0

2026-05-17 11:15:01,673 INFO [long-pulling] client count 0

2026-05-17 11:15:01,688 INFO groupCount = 1, subscriberClientCount = 0, subscriberCount = 0

2026-05-17 11:15:01,688 INFO toNotifyTaskSize = 0

2026-05-17 11:15:01,688 INFO toClientNotifyTaskSize = 0

2026-05-17 11:15:11,687 INFO [long-pulling] client count 0

2026-05-17 11:15:11,703 INFO toNotifyTaskSize = 0

2026-05-17 11:15:11,703 INFO groupCount = 1, subscriberClientCount = 0, subscriberCount = 0

2026-05-17 11:15:11,703 INFO toClientNotifyTaskSize = 0

2026-05-17 11:15:21,693 INFO [long-pulling] client count 0

2026-05-17 11:15:21,709 INFO groupCount = 1, subscriberClientCount = 0, subscriberCount = 0

2026-05-17 11:15:21,709 INFO toNotifyTaskSize = 0

2026-05-17 11:15:21,709 INFO toClientNotifyTaskSize = 0

2026-05-17 11:15:31,698 INFO [long-pulling] client count 0

2026-05-17 11:15:31,714 INFO groupCount = 1, subscriberClientCount = 0, subscriberCount = 0

2026-05-17 11:15:31,714 INFO toNotifyTaskSize = 0

2026-05-17 11:15:31,714 INFO toClientNotifyTaskSize = 0

2026-05-17 11:15:41,715 INFO [long-pulling] client count 0

2026-05-17 11:15:41,715 INFO groupCount = 1, subscriberClientCount = 0, subscriberCount = 0

2026-05-17 11:15:41,715 INFO toNotifyTaskSize = 0

2026-05-17 11:15:41,716 INFO toClientNotifyTaskSize = 0

2026-05-17 11:15:51,723 INFO [long-pulling] client count 0

2026-05-17 11:15:51,723 INFO toNotifyTaskSize = 0

2026-05-17 11:15:51,723 INFO groupCount = 1, subscriberClientCount = 0, subscriberCount = 0

2026-05-17 11:15:51,723 INFO toClientNotifyTaskSize = 0

2026-05-17 11:16:01,731 INFO [long-pulling] client count 0

2026-05-17 11:16:01,731 INFO toNotifyTaskSize = 0

2026-05-17 11:16:01,731 INFO groupCount = 1, subscriberClientCount = 0, subscriberCount = 0

2026-05-17 11:16:01,731 INFO toClientNotifyTaskSize = 0

2026-05-17 11:16:11,747 INFO [long-pulling] client count 0

2026-05-17 11:16:11,747 INFO toNotifyTaskSize = 0

2026-05-17 11:16:11,747 INFO toClientNotifyTaskSize = 0

2026-05-17 11:16:11,747 INFO groupCount = 1, subscriberClientCount = 0, subscriberCount = 0

2026-05-17 11:16:21,757 INFO toNotifyTaskSize = 0

2026-05-17 11:16:21,757 INFO [long-pulling] client count 0

2026-05-17 11:16:21,757 INFO groupCount = 1, subscriberClientCount = 0, subscriberCount = 0

2026-05-17 11:16:21,757 INFO toClientNotifyTaskSize = 0

2026-05-17 11:16:31,759 INFO groupCount = 1, subscriberClientCount = 0, subscriberCount = 0

2026-05-17 11:16:31,759 INFO [long-pulling] client count 0

2026-05-17 11:16:31,759 INFO toNotifyTaskSize = 0

2026-05-17 11:16:31,759 INFO toClientNotifyTaskSize = 0

2026-05-17 11:16:41,771 INFO toNotifyTaskSize = 0

2026-05-17 11:16:41,771 INFO groupCount = 1, subscriberClientCount = 0, subscriberCount = 0

2026-05-17 11:16:41,771 INFO [long-pulling] client count 0

2026-05-17 11:16:41,771 INFO toClientNotifyTaskSize = 0

2026-05-17 11:16:51,775 INFO [long-pulling] client count 0

2026-05-17 11:16:51,775 INFO groupCount = 1, subscriberClientCount = 0, subscriberCount = 0

2026-05-17 11:16:51,775 INFO toNotifyTaskSize = 0

2026-05-17 11:16:51,775 INFO toClientNotifyTaskSize = 0

2026-05-17 11:17:01,780 INFO [long-pulling] client count 0

2026-05-17 11:17:01,780 INFO toNotifyTaskSize = 0

2026-05-17 11:17:01,780 INFO toClientNotifyTaskSize = 0

2026-05-17 11:17:01,780 INFO groupCount = 1, subscriberClientCount = 0, subscriberCount = 0

2026-05-17 11:17:11,791 INFO [long-pulling] client count 0

2026-05-17 11:17:11,791 INFO groupCount = 1, subscriberClientCount = 0, subscriberCount = 0

2026-05-17 11:17:11,791 INFO toNotifyTaskSize = 0

2026-05-17 11:17:11,792 INFO toClientNotifyTaskSize = 0

2026-05-17 11:17:21,796 INFO [long-pulling] client count 0

2026-05-17 11:17:21,796 INFO toNotifyTaskSize = 0

2026-05-17 11:17:21,796 INFO toClientNotifyTaskSize = 0

2026-05-17 11:17:21,796 INFO groupCount = 1, subscriberClientCount = 0, subscriberCount = 0

2026-05-17 11:17:31,801 INFO [long-pulling] client count 0

2026-05-17 11:17:31,801 INFO groupCount = 1, subscriberClientCount = 0, subscriberCount = 0

2026-05-17 11:17:31,801 INFO toNotifyTaskSize = 0

2026-05-17 11:17:31,802 INFO toClientNotifyTaskSize = 0

2026-05-17 11:17:41,812 INFO [long-pulling] client count 0

2026-05-17 11:17:41,812 INFO groupCount = 1, subscriberClientCount = 0, subscriberCount = 0

2026-05-17 11:17:41,812 INFO toNotifyTaskSize = 0

2026-05-17 11:17:41,813 INFO toClientNotifyTaskSize = 0

2026-05-17 11:17:51,813 INFO [long-pulling] client count 0

2026-05-17 11:17:51,829 INFO groupCount = 1, subscriberClientCount = 0, subscriberCount = 0

2026-05-17 11:17:51,829 INFO toNotifyTaskSize = 0

2026-05-17 11:17:51,830 INFO toClientNotifyTaskSize = 0

2026-05-17 11:18:01,817 INFO [long-pulling] client count 0

2026-05-17 11:18:01,830 INFO groupCount = 1, subscriberClientCount = 0, subscriberCount = 0

2026-05-17 11:18:01,830 INFO toNotifyTaskSize = 0

2026-05-17 11:18:01,830 INFO toClientNotifyTaskSize = 0

2026-05-17 11:18:11,830 INFO [long-pulling] client count 0

2026-05-17 11:18:11,830 INFO toNotifyTaskSize = 0

2026-05-17 11:18:11,830 INFO groupCount = 1, subscriberClientCount = 0, subscriberCount = 0

2026-05-17 11:18:11,830 INFO toClientNotifyTaskSize = 0

2026-05-17 11:18:21,834 INFO [long-pulling] client count 0

2026-05-17 11:18:21,834 INFO groupCount = 1, subscriberClientCount = 0, subscriberCount = 0

2026-05-17 11:18:21,834 INFO toNotifyTaskSize = 0

2026-05-17 11:18:21,835 INFO toClientNotifyTaskSize = 0

2026-05-17 11:18:31,835 INFO [long-pulling] client count 0

2026-05-17 11:18:31,851 INFO groupCount = 1, subscriberClientCount = 0, subscriberCount = 0

2026-05-17 11:18:31,851 INFO toNotifyTaskSize = 0

2026-05-17 11:18:31,851 INFO toClientNotifyTaskSize = 0

2026-05-17 11:18:41,840 INFO [long-pulling] client count 0

2026-05-17 11:18:41,851 INFO groupCount = 1, subscriberClientCount = 0, subscriberCount = 0

2026-05-17 11:18:41,851 INFO toNotifyTaskSize = 0

2026-05-17 11:18:41,851 INFO toClientNotifyTaskSize = 0

2026-05-17 11:18:51,845 INFO [long-pulling] client count 0

2026-05-17 11:18:51,861 INFO toNotifyTaskSize = 0

2026-05-17 11:18:51,861 INFO groupCount = 1, subscriberClientCount = 0, subscriberCount = 0

2026-05-17 11:18:51,862 INFO toClientNotifyTaskSize = 0

2026-05-17 11:19:01,850 INFO [long-pulling] client count 0

2026-05-17 11:19:01,866 INFO toNotifyTaskSize = 0

2026-05-17 11:19:01,866 INFO groupCount = 1, subscriberClientCount = 0, subscriberCount = 0

2026-05-17 11:19:01,867 INFO toClientNotifyTaskSize = 0

2026-05-17 11:19:11,856 INFO [long-pulling] client count 0

2026-05-17 11:19:11,872 INFO toNotifyTaskSize = 0

2026-05-17 11:19:11,872 INFO groupCount = 1, subscriberClientCount = 0, subscriberCount = 0

2026-05-17 11:19:11,873 INFO toClientNotifyTaskSize = 0

2026-05-17 11:19:21,871 INFO [long-pulling] client count 0

2026-05-17 11:19:21,889 INFO groupCount = 1, subscriberClientCount = 0, subscriberCount = 0

2026-05-17 11:19:21,889 INFO toNotifyTaskSize = 0

2026-05-17 11:19:21,889 INFO toClientNotifyTaskSize = 0

2026-05-17 11:19:31,883 INFO [long-pulling] client count 0

2026-05-17 11:19:31,889 INFO groupCount = 1, subscriberClientCount = 0, subscriberCount = 0

2026-05-17 11:19:31,889 INFO toNotifyTaskSize = 0

2026-05-17 11:19:31,890 INFO toClientNotifyTaskSize = 0

2026-05-17 11:19:41,895 INFO groupCount = 1, subscriberClientCount = 0, subscriberCount = 0

2026-05-17 11:19:41,895 INFO [long-pulling] client count 0

2026-05-17 11:19:41,895 INFO toNotifyTaskSize = 0

2026-05-17 11:19:41,895 INFO toClientNotifyTaskSize = 0

2026-05-17 11:19:51,906 INFO toNotifyTaskSize = 0

2026-05-17 11:19:51,906 INFO groupCount = 1, subscriberClientCount = 0, subscriberCount = 0

2026-05-17 11:19:51,906 INFO [long-pulling] client count 0

2026-05-17 11:19:51,906 INFO toClientNotifyTaskSize = 0

2026-05-17 11:20:01,910 INFO groupCount = 1, subscriberClientCount = 0, subscriberCount = 0

2026-05-17 11:20:01,910 INFO toNotifyTaskSize = 0

2026-05-17 11:20:01,910 INFO toClientNotifyTaskSize = 0

2026-05-17 11:20:01,910 INFO [long-pulling] client count 0

2026-05-17 11:20:11,915 INFO [long-pulling] client count 0

2026-05-17 11:20:11,915 INFO toNotifyTaskSize = 0

2026-05-17 11:20:11,915 INFO toClientNotifyTaskSize = 0

2026-05-17 11:20:11,915 INFO groupCount = 1, subscriberClientCount = 0, subscriberCount = 0

2026-05-17 11:20:21,927 INFO [long-pulling] client count 0

2026-05-17 11:20:21,927 INFO toNotifyTaskSize = 0

2026-05-17 11:20:21,927 INFO groupCount = 1, subscriberClientCount = 0, subscriberCount = 0

2026-05-17 11:20:21,927 INFO toClientNotifyTaskSize = 0

2026-05-17 11:20:31,941 INFO [long-pulling] client count 0

2026-05-17 11:20:31,941 INFO toNotifyTaskSize = 0

2026-05-17 11:20:31,941 INFO toClientNotifyTaskSize = 0

2026-05-17 11:20:31,941 INFO groupCount = 1, subscriberClientCount = 0, subscriberCount = 0

2026-05-17 11:20:41,954 INFO [long-pulling] client count 0

2026-05-17 11:20:41,954 INFO groupCount = 1, subscriberClientCount = 0, subscriberCount = 0

2026-05-17 11:20:41,954 INFO toNotifyTaskSize = 0

2026-05-17 11:20:41,955 INFO toClientNotifyTaskSize = 0

2026-05-17 11:20:51,960 INFO [long-pulling] client count 0

2026-05-17 11:20:51,960 INFO groupCount = 1, subscriberClientCount = 0, subscriberCount = 0

2026-05-17 11:20:51,960 INFO toNotifyTaskSize = 0

2026-05-17 11:20:51,961 INFO toClientNotifyTaskSize = 0

2026-05-17 11:21:01,971 INFO [long-pulling] client count 0

2026-05-17 11:21:01,971 INFO groupCount = 1, subscriberClientCount = 0, subscriberCount = 0

2026-05-17 11:21:01,971 INFO toNotifyTaskSize = 0

2026-05-17 11:21:01,971 INFO toClientNotifyTaskSize = 0

2026-05-17 11:21:11,975 INFO groupCount = 1, subscriberClientCount = 0, subscriberCount = 0

2026-05-17 11:21:11,975 INFO [long-pulling] client count 0

2026-05-17 11:21:11,975 INFO toNotifyTaskSize = 0

2026-05-17 11:21:11,976 INFO toClientNotifyTaskSize = 0

2026-05-17 11:21:21,977 INFO [long-pulling] client count 0

2026-05-17 11:21:21,977 INFO toNotifyTaskSize = 0

2026-05-17 11:21:21,977 INFO groupCount = 1, subscriberClientCount = 0, subscriberCount = 0

2026-05-17 11:21:21,978 INFO toClientNotifyTaskSize = 0

2026-05-17 11:21:31,982 INFO [long-pulling] client count 0

2026-05-17 11:21:31,987 INFO toNotifyTaskSize = 0

2026-05-17 11:21:31,987 INFO groupCount = 1, subscriberClientCount = 0, subscriberCount = 0

2026-05-17 11:21:31,988 INFO toClientNotifyTaskSize = 0

2026-05-17 11:21:41,998 INFO toNotifyTaskSize = 0

2026-05-17 11:21:41,998 INFO [long-pulling] client count 0

2026-05-17 11:21:41,998 INFO groupCount = 1, subscriberClientCount = 0, subscriberCount = 0

2026-05-17 11:21:41,999 INFO toClientNotifyTaskSize = 0

2026-05-17 11:21:52,003 INFO [long-pulling] client count 0

2026-05-17 11:21:52,003 INFO toNotifyTaskSize = 0

2026-05-17 11:21:52,004 INFO toClientNotifyTaskSize = 0

2026-05-17 11:21:52,003 INFO groupCount = 1, subscriberClientCount = 0, subscriberCount = 0

2026-05-17 11:22:02,004 INFO [long-pulling] client count 0

2026-05-17 11:22:02,008 INFO toNotifyTaskSize = 0

2026-05-17 11:22:02,008 INFO groupCount = 1, subscriberClientCount = 0, subscriberCount = 0

2026-05-17 11:22:02,009 INFO toClientNotifyTaskSize = 0

2026-05-17 11:22:12,009 INFO [long-pulling] client count 0

2026-05-17 11:22:12,009 INFO toNotifyTaskSize = 0

2026-05-17 11:22:12,009 INFO groupCount = 1, subscriberClientCount = 0, subscriberCount = 0

2026-05-17 11:22:12,009 INFO toClientNotifyTaskSize = 0

2026-05-17 11:22:22,021 INFO groupCount = 1, subscriberClientCount = 0, subscriberCount = 0

2026-05-17 11:22:22,021 INFO toNotifyTaskSize = 0

2026-05-17 11:22:22,021 INFO [long-pulling] client count 0

2026-05-17 11:22:22,021 INFO toClientNotifyTaskSize = 0

2026-05-17 11:22:32,030 INFO [long-pulling] client count 0

2026-05-17 11:22:32,030 INFO groupCount = 1, subscriberClientCount = 0, subscriberCount = 0

2026-05-17 11:22:32,030 INFO toNotifyTaskSize = 0

2026-05-17 11:22:32,031 INFO toClientNotifyTaskSize = 0

2026-05-17 11:22:42,031 INFO [long-pulling] client count 0

2026-05-17 11:22:42,034 INFO groupCount = 1, subscriberClientCount = 0, subscriberCount = 0

2026-05-17 11:22:42,034 INFO toNotifyTaskSize = 0

2026-05-17 11:22:42,035 INFO toClientNotifyTaskSize = 0

2026-05-17 11:22:52,036 INFO [long-pulling] client count 0

2026-05-17 11:22:52,036 INFO toNotifyTaskSize = 0

2026-05-17 11:22:52,036 INFO toClientNotifyTaskSize = 0

2026-05-17 11:22:52,036 INFO groupCount = 1, subscriberClientCount = 0, subscriberCount = 0

2026-05-17 11:23:02,040 INFO groupCount = 1, subscriberClientCount = 0, subscriberCount = 0

2026-05-17 11:23:02,040 INFO [long-pulling] client count 0

2026-05-17 11:23:02,040 INFO toNotifyTaskSize = 0

2026-05-17 11:23:02,041 INFO toClientNotifyTaskSize = 0

2026-05-17 11:23:12,045 INFO [long-pulling] client count 0

2026-05-17 11:23:12,045 INFO toNotifyTaskSize = 0

2026-05-17 11:23:12,045 INFO groupCount = 1, subscriberClientCount = 0, subscriberCount = 0

2026-05-17 11:23:12,045 INFO toClientNotifyTaskSize = 0

2026-05-17 11:23:22,051 INFO [long-pulling] client count 0

2026-05-17 11:23:22,051 INFO groupCount = 1, subscriberClientCount = 0, subscriberCount = 0

2026-05-17 11:23:22,051 INFO toNotifyTaskSize = 0

2026-05-17 11:23:22,051 INFO toClientNotifyTaskSize = 0

2026-05-17 11:23:32,063 INFO toNotifyTaskSize = 0

2026-05-17 11:23:32,063 INFO [long-pulling] client count 0

2026-05-17 11:23:32,063 INFO groupCount = 1, subscriberClientCount = 0, subscriberCount = 0

2026-05-17 11:23:32,063 INFO toClientNotifyTaskSize = 0

2026-05-17 11:23:42,069 INFO [long-pulling] client count 0

2026-05-17 11:23:42,069 INFO toNotifyTaskSize = 0

2026-05-17 11:23:42,070 INFO toClientNotifyTaskSize = 0

2026-05-17 11:23:42,069 INFO groupCount = 1, subscriberClientCount = 0, subscriberCount = 0

2026-05-17 11:23:52,085 INFO toNotifyTaskSize = 0

2026-05-17 11:23:52,085 INFO groupCount = 1, subscriberClientCount = 0, subscriberCount = 0

2026-05-17 11:23:52,085 INFO [long-pulling] client count 0

2026-05-17 11:23:52,085 INFO toClientNotifyTaskSize = 0

2026-05-17 11:24:02,085 INFO [long-pulling] client count 0

2026-05-17 11:24:02,085 INFO groupCount = 1, subscriberClientCount = 0, subscriberCount = 0

2026-05-17 11:24:02,086 INFO toNotifyTaskSize = 0

2026-05-17 11:24:02,086 INFO toClientNotifyTaskSize = 0

2026-05-17 11:24:12,086 INFO [long-pulling] client count 0

2026-05-17 11:24:12,097 INFO groupCount = 1, subscriberClientCount = 0, subscriberCount = 0

2026-05-17 11:24:12,097 INFO toNotifyTaskSize = 0

2026-05-17 11:24:12,097 INFO toClientNotifyTaskSize = 0

2026-05-17 11:24:22,091 INFO [long-pulling] client count 0

2026-05-17 11:24:22,102 INFO groupCount = 1, subscriberClientCount = 0, subscriberCount = 0

2026-05-17 11:24:22,102 INFO toNotifyTaskSize = 0

2026-05-17 11:24:22,102 INFO toClientNotifyTaskSize = 0

2026-05-17 11:24:32,100 INFO [long-pulling] client count 0

2026-05-17 11:24:32,115 INFO toNotifyTaskSize = 0

2026-05-17 11:24:32,115 INFO groupCount = 1, subscriberClientCount = 0, subscriberCount = 0

2026-05-17 11:24:32,115 INFO toClientNotifyTaskSize = 0

2026-05-17 11:24:42,102 INFO [long-pulling] client count 0

2026-05-17 11:24:42,117 INFO toNotifyTaskSize = 0

2026-05-17 11:24:42,117 INFO toClientNotifyTaskSize = 0

2026-05-17 11:24:42,117 INFO groupCount = 1, subscriberClientCount = 0, subscriberCount = 0

2026-05-17 11:24:52,117 INFO [long-pulling] client count 0

2026-05-17 11:24:52,118 INFO toNotifyTaskSize = 0

2026-05-17 11:24:52,118 INFO toClientNotifyTaskSize = 0

2026-05-17 11:24:52,118 INFO groupCount = 1, subscriberClientCount = 0, subscriberCount = 0

2026-05-17 11:25:02,133 INFO toNotifyTaskSize = 0

2026-05-17 11:25:02,133 INFO groupCount = 1, subscriberClientCount = 0, subscriberCount = 0

2026-05-17 11:25:02,133 INFO [long-pulling] client count 0

2026-05-17 11:25:02,133 INFO toClientNotifyTaskSize = 0

2026-05-17 11:25:12,139 INFO [long-pulling] client count 0

2026-05-17 11:25:12,139 INFO toNotifyTaskSize = 0

2026-05-17 11:25:12,139 INFO toClientNotifyTaskSize = 0

2026-05-17 11:25:12,139 INFO groupCount = 1, subscriberClientCount = 0, subscriberCount = 0

2026-05-17 11:25:22,140 INFO [long-pulling] client count 0

2026-05-17 11:25:22,156 INFO toNotifyTaskSize = 0

2026-05-17 11:25:22,156 INFO groupCount = 1, subscriberClientCount = 0, subscriberCount = 0

2026-05-17 11:25:22,156 INFO toClientNotifyTaskSize = 0

2026-05-17 11:25:32,150 INFO [long-pulling] client count 0

2026-05-17 11:25:32,166 INFO toNotifyTaskSize = 0

2026-05-17 11:25:32,166 INFO groupCount = 1, subscriberClientCount = 0, subscriberCount = 0

2026-05-17 11:25:32,166 INFO toClientNotifyTaskSize = 0

2026-05-17 11:25:42,156 INFO [long-pulling] client count 0

2026-05-17 11:25:42,172 INFO toNotifyTaskSize = 0

2026-05-17 11:25:42,172 INFO groupCount = 1, subscriberClientCount = 0, subscriberCount = 0

2026-05-17 11:25:42,172 INFO toClientNotifyTaskSize = 0

2026-05-17 11:25:52,158 INFO [long-pulling] client count 0

2026-05-17 11:25:52,172 INFO groupCount = 1, subscriberClientCount = 0, subscriberCount = 0

2026-05-17 11:25:52,172 INFO toNotifyTaskSize = 0

2026-05-17 11:25:52,172 INFO toClientNotifyTaskSize = 0

2026-05-17 11:26:02,172 INFO [long-pulling] client count 0

2026-05-17 11:26:02,187 INFO groupCount = 1, subscriberClientCount = 0, subscriberCount = 0

2026-05-17 11:26:02,187 INFO toNotifyTaskSize = 0

2026-05-17 11:26:02,187 INFO toClientNotifyTaskSize = 0

2026-05-17 11:26:12,179 INFO [long-pulling] client count 0

2026-05-17 11:26:12,189 INFO groupCount = 1, subscriberClientCount = 0, subscriberCount = 0

2026-05-17 11:26:12,189 INFO toNotifyTaskSize = 0

2026-05-17 11:26:12,189 INFO toClientNotifyTaskSize = 0

2026-05-17 11:26:22,186 INFO [long-pulling] client count 0

2026-05-17 11:26:22,195 INFO toNotifyTaskSize = 0

2026-05-17 11:26:22,195 INFO groupCount = 1, subscriberClientCount = 0, subscriberCount = 0

2026-05-17 11:26:22,196 INFO toClientNotifyTaskSize = 0

2026-05-17 11:26:32,191 INFO [long-pulling] client count 0

2026-05-17 11:26:32,207 INFO toNotifyTaskSize = 0

2026-05-17 11:26:32,207 INFO groupCount = 1, subscriberClientCount = 0, subscriberCount = 0

2026-05-17 11:26:32,207 INFO toClientNotifyTaskSize = 0

2026-05-17 11:26:42,194 INFO [long-pulling] client count 0

2026-05-17 11:26:42,210 INFO groupCount = 1, subscriberClientCount = 0, subscriberCount = 0

2026-05-17 11:26:42,210 INFO toNotifyTaskSize = 0

2026-05-17 11:26:42,210 INFO toClientNotifyTaskSize = 0

2026-05-17 11:26:52,209 INFO [long-pulling] client count 0

2026-05-17 11:26:52,224 INFO groupCount = 1, subscriberClientCount = 0, subscriberCount = 0

2026-05-17 11:26:52,224 INFO toNotifyTaskSize = 0

2026-05-17 11:26:52,224 INFO toClientNotifyTaskSize = 0

2026-05-17 11:27:02,217 INFO [long-pulling] client count 0

2026-05-17 11:27:02,232 INFO groupCount = 1, subscriberClientCount = 0, subscriberCount = 0

2026-05-17 11:27:02,232 INFO toNotifyTaskSize = 0

2026-05-17 11:27:02,232 INFO toClientNotifyTaskSize = 0

2026-05-17 11:27:12,225 INFO [long-pulling] client count 0

2026-05-17 11:27:12,241 INFO groupCount = 1, subscriberClientCount = 0, subscriberCount = 0

2026-05-17 11:27:12,241 INFO toNotifyTaskSize = 0

2026-05-17 11:27:12,241 INFO toClientNotifyTaskSize = 0

2026-05-17 11:27:22,231 INFO [long-pulling] client count 0

2026-05-17 11:27:22,247 INFO toNotifyTaskSize = 0

2026-05-17 11:27:22,247 INFO groupCount = 1, subscriberClientCount = 0, subscriberCount = 0

2026-05-17 11:27:22,247 INFO toClientNotifyTaskSize = 0

2026-05-17 11:27:32,233 INFO [long-pulling] client count 0

2026-05-17 11:27:32,250 INFO groupCount = 1, subscriberClientCount = 0, subscriberCount = 0

2026-05-17 11:27:32,250 INFO toNotifyTaskSize = 0

2026-05-17 11:27:32,251 INFO toClientNotifyTaskSize = 0

2026-05-17 11:27:42,238 INFO [long-pulling] client count 0

2026-05-17 11:27:42,253 INFO toNotifyTaskSize = 0

2026-05-17 11:27:42,253 INFO groupCount = 1, subscriberClientCount = 0, subscriberCount = 0

2026-05-17 11:27:42,253 INFO toClientNotifyTaskSize = 0

2026-05-17 11:27:52,246 INFO [long-pulling] client count 0

2026-05-17 11:27:52,254 INFO groupCount = 1, subscriberClientCount = 0, subscriberCount = 0

2026-05-17 11:27:52,254 INFO toNotifyTaskSize = 0

2026-05-17 11:27:52,254 INFO toClientNotifyTaskSize = 0

2026-05-17 11:28:02,253 INFO [long-pulling] client count 0

2026-05-17 11:28:02,268 INFO toNotifyTaskSize = 0

2026-05-17 11:28:02,268 INFO groupCount = 1, subscriberClientCount = 0, subscriberCount = 0

2026-05-17 11:28:02,268 INFO toClientNotifyTaskSize = 0

2026-05-17 11:28:12,265 INFO [long-pulling] client count 0

2026-05-17 11:28:12,276 INFO toNotifyTaskSize = 0

2026-05-17 11:28:12,276 INFO groupCount = 1, subscriberClientCount = 0, subscriberCount = 0

2026-05-17 11:28:12,276 INFO toClientNotifyTaskSize = 0

2026-05-17 11:28:22,270 INFO [long-pulling] client count 0

2026-05-17 11:28:22,280 INFO groupCount = 1, subscriberClientCount = 0, subscriberCount = 0

2026-05-17 11:28:22,280 INFO toNotifyTaskSize = 0

2026-05-17 11:28:22,280 INFO toClientNotifyTaskSize = 0

2026-05-17 11:28:32,281 INFO [long-pulling] client count 0

2026-05-17 11:28:32,281 INFO groupCount = 1, subscriberClientCount = 0, subscriberCount = 0

2026-05-17 11:28:32,281 INFO toNotifyTaskSize = 0

2026-05-17 11:28:32,282 INFO toClientNotifyTaskSize = 0

2026-05-17 11:28:42,291 INFO groupCount = 1, subscriberClientCount = 0, subscriberCount = 0

2026-05-17 11:28:42,291 INFO toNotifyTaskSize = 0

2026-05-17 11:28:42,291 INFO [long-pulling] client count 0

2026-05-17 11:28:42,291 INFO toClientNotifyTaskSize = 0

2026-05-17 11:28:52,292 INFO [long-pulling] client count 0

2026-05-17 11:28:52,292 INFO toNotifyTaskSize = 0

2026-05-17 11:28:52,292 INFO groupCount = 1, subscriberClientCount = 0, subscriberCount = 0

2026-05-17 11:28:52,292 INFO toClientNotifyTaskSize = 0

2026-05-17 11:29:02,308 INFO [long-pulling] client count 0

2026-05-17 11:29:02,308 INFO toNotifyTaskSize = 0

2026-05-17 11:29:02,308 INFO groupCount = 1, subscriberClientCount = 0, subscriberCount = 0

2026-05-17 11:29:02,308 INFO toClientNotifyTaskSize = 0

2026-05-17 11:29:12,310 INFO [long-pulling] client count 0

2026-05-17 11:29:12,310 INFO toNotifyTaskSize = 0

2026-05-17 11:29:12,310 INFO toClientNotifyTaskSize = 0

2026-05-17 11:29:12,310 INFO groupCount = 1, subscriberClientCount = 0, subscriberCount = 0

2026-05-17 11:29:22,314 INFO [long-pulling] client count 0

2026-05-17 11:29:22,315 INFO toNotifyTaskSize = 0

2026-05-17 11:29:22,315 INFO toClientNotifyTaskSize = 0

2026-05-17 11:29:22,315 INFO groupCount = 1, subscriberClientCount = 0, subscriberCount = 0

2026-05-17 11:29:32,330 INFO toNotifyTaskSize = 0

2026-05-17 11:29:32,330 INFO [long-pulling] client count 0

2026-05-17 11:29:32,330 INFO groupCount = 1, subscriberClientCount = 0, subscriberCount = 0

2026-05-17 11:29:32,330 INFO toClientNotifyTaskSize = 0

2026-05-17 11:29:42,335 INFO groupCount = 1, subscriberClientCount = 0, subscriberCount = 0

2026-05-17 11:29:42,335 INFO [long-pulling] client count 0

2026-05-17 11:29:42,335 INFO toNotifyTaskSize = 0

2026-05-17 11:29:42,335 INFO toClientNotifyTaskSize = 0

2026-05-17 11:29:52,344 INFO [long-pulling] client count 0

2026-05-17 11:29:52,344 INFO toNotifyTaskSize = 0

2026-05-17 11:29:52,344 INFO toClientNotifyTaskSize = 0

2026-05-17 11:29:52,344 INFO groupCount = 1, subscriberClientCount = 0, subscriberCount = 0

2026-05-17 11:30:02,351 INFO [long-pulling] client count 0

2026-05-17 11:30:02,351 INFO groupCount = 1, subscriberClientCount = 0, subscriberCount = 0

2026-05-17 11:30:02,351 INFO toNotifyTaskSize = 0

2026-05-17 11:30:02,351 INFO toClientNotifyTaskSize = 0

2026-05-17 11:30:12,353 INFO [long-pulling] client count 0

2026-05-17 11:30:12,353 INFO toNotifyTaskSize = 0

2026-05-17 11:30:12,353 INFO toClientNotifyTaskSize = 0

2026-05-17 11:30:12,353 INFO groupCount = 1, subscriberClientCount = 0, subscriberCount = 0

2026-05-17 11:30:22,361 INFO [long-pulling] client count 0

2026-05-17 11:30:22,361 INFO groupCount = 1, subscriberClientCount = 0, subscriberCount = 0

2026-05-17 11:30:22,361 INFO toNotifyTaskSize = 0

2026-05-17 11:30:22,362 INFO toClientNotifyTaskSize = 0

2026-05-17 11:30:32,371 INFO [long-pulling] client count 0

2026-05-17 11:30:32,371 INFO toNotifyTaskSize = 0

2026-05-17 11:30:32,371 INFO toClientNotifyTaskSize = 0

2026-05-17 11:30:32,371 INFO groupCount = 1, subscriberClientCount = 0, subscriberCount = 0

2026-05-17 11:30:42,373 INFO [long-pulling] client count 0

2026-05-17 11:30:42,373 INFO groupCount = 1, subscriberClientCount = 0, subscriberCount = 0

2026-05-17 11:30:42,373 INFO toNotifyTaskSize = 0

2026-05-17 11:30:42,374 INFO toClientNotifyTaskSize = 0

2026-05-17 11:30:52,386 INFO [long-pulling] client count 0

2026-05-17 11:30:52,386 INFO toNotifyTaskSize = 0

2026-05-17 11:30:52,386 INFO toClientNotifyTaskSize = 0

2026-05-17 11:30:52,386 INFO groupCount = 1, subscriberClientCount = 0, subscriberCount = 0

2026-05-17 11:31:02,393 INFO [long-pulling] client count 0

2026-05-17 11:31:02,393 INFO groupCount = 1, subscriberClientCount = 0, subscriberCount = 0

2026-05-17 11:31:02,393 INFO toNotifyTaskSize = 0

2026-05-17 11:31:02,394 INFO toClientNotifyTaskSize = 0

2026-05-17 11:31:12,396 INFO [long-pulling] client count 0

2026-05-17 11:31:12,396 INFO toNotifyTaskSize = 0

2026-05-17 11:31:12,396 INFO toClientNotifyTaskSize = 0

2026-05-17 11:31:12,396 INFO groupCount = 1, subscriberClientCount = 0, subscriberCount = 0

2026-05-17 11:31:22,398 INFO [long-pulling] client count 0

2026-05-17 11:31:22,398 INFO groupCount = 1, subscriberClientCount = 0, subscriberCount = 0

2026-05-17 11:31:22,398 INFO toNotifyTaskSize = 0

2026-05-17 11:31:22,399 INFO toClientNotifyTaskSize = 0

2026-05-17 11:31:32,408 INFO [long-pulling] client count 0

2026-05-17 11:31:32,408 INFO toNotifyTaskSize = 0

2026-05-17 11:31:32,408 INFO toClientNotifyTaskSize = 0

2026-05-17 11:31:32,408 INFO groupCount = 1, subscriberClientCount = 0, subscriberCount = 0

2026-05-17 11:31:42,423 INFO [long-pulling] client count 0

2026-05-17 11:31:42,423 INFO toNotifyTaskSize = 0

2026-05-17 11:31:42,423 INFO toClientNotifyTaskSize = 0

2026-05-17 11:31:42,423 INFO groupCount = 1, subscriberClientCount = 0, subscriberCount = 0

2026-05-17 11:31:52,430 INFO [long-pulling] client count 0

2026-05-17 11:31:52,430 INFO groupCount = 1, subscriberClientCount = 0, subscriberCount = 0

2026-05-17 11:31:52,430 INFO toNotifyTaskSize = 0

2026-05-17 11:31:52,430 INFO toClientNotifyTaskSize = 0

2026-05-17 11:32:02,442 INFO [long-pulling] client count 0

2026-05-17 11:32:02,442 INFO groupCount = 1, subscriberClientCount = 0, subscriberCount = 0

2026-05-17 11:32:02,442 INFO toNotifyTaskSize = 0

2026-05-17 11:32:02,443 INFO toClientNotifyTaskSize = 0

2026-05-17 11:32:12,451 INFO [long-pulling] client count 0

2026-05-17 11:32:12,451 INFO groupCount = 1, subscriberClientCount = 0, subscriberCount = 0

2026-05-17 11:32:12,451 INFO toNotifyTaskSize = 0

2026-05-17 11:32:12,451 INFO toClientNotifyTaskSize = 0

2026-05-17 11:32:22,466 INFO [long-pulling] client count 0

2026-05-17 11:32:22,466 INFO toNotifyTaskSize = 0

2026-05-17 11:32:22,466 INFO toClientNotifyTaskSize = 0

2026-05-17 11:32:22,466 INFO groupCount = 1, subscriberClientCount = 0, subscriberCount = 0

2026-05-17 11:32:32,477 INFO toNotifyTaskSize = 0

2026-05-17 11:32:32,477 INFO [long-pulling] client count 0

2026-05-17 11:32:32,477 INFO groupCount = 1, subscriberClientCount = 0, subscriberCount = 0

2026-05-17 11:32:32,477 INFO toClientNotifyTaskSize = 0

2026-05-17 11:32:42,482 INFO toNotifyTaskSize = 0

2026-05-17 11:32:42,482 INFO groupCount = 1, subscriberClientCount = 0, subscriberCount = 0

2026-05-17 11:32:42,482 INFO [long-pulling] client count 0

2026-05-17 11:32:42,482 INFO toClientNotifyTaskSize = 0

2026-05-17 11:32:52,492 INFO groupCount = 1, subscriberClientCount = 0, subscriberCount = 0

2026-05-17 11:32:52,492 INFO toNotifyTaskSize = 0

2026-05-17 11:32:52,492 INFO toClientNotifyTaskSize = 0

2026-05-17 11:32:52,492 INFO [long-pulling] client count 0

2026-05-17 11:33:02,506 INFO [long-pulling] client count 0

2026-05-17 11:33:02,506 INFO toNotifyTaskSize = 0

2026-05-17 11:33:02,506 INFO toClientNotifyTaskSize = 0

2026-05-17 11:33:02,506 INFO groupCount = 1, subscriberClientCount = 0, subscriberCount = 0

2026-05-17 11:33:12,507 INFO [long-pulling] client count 0

2026-05-17 11:33:12,507 INFO groupCount = 1, subscriberClientCount = 0, subscriberCount = 0

2026-05-17 11:33:12,507 INFO toNotifyTaskSize = 0

2026-05-17 11:33:12,508 INFO toClientNotifyTaskSize = 0

2026-05-17 11:33:22,519 INFO [long-pulling] client count 0

2026-05-17 11:33:22,519 INFO toNotifyTaskSize = 0

2026-05-17 11:33:22,519 INFO groupCount = 1, subscriberClientCount = 0, subscriberCount = 0

2026-05-17 11:33:22,519 INFO toClientNotifyTaskSize = 0

2026-05-17 11:33:32,530 INFO [long-pulling] client count 0

2026-05-17 11:33:32,530 INFO groupCount = 1, subscriberClientCount = 0, subscriberCount = 0

2026-05-17 11:33:32,530 INFO toNotifyTaskSize = 0

2026-05-17 11:33:32,531 INFO toClientNotifyTaskSize = 0

2026-05-17 11:33:42,537 INFO [long-pulling] client count 0

2026-05-17 11:33:42,537 INFO toNotifyTaskSize = 0

2026-05-17 11:33:42,537 INFO toClientNotifyTaskSize = 0

2026-05-17 11:33:42,537 INFO groupCount = 1, subscriberClientCount = 0, subscriberCount = 0

2026-05-17 11:33:52,545 INFO [long-pulling] client count 0

2026-05-17 11:33:52,545 INFO groupCount = 1, subscriberClientCount = 0, subscriberCount = 0

2026-05-17 11:33:52,545 INFO toNotifyTaskSize = 0

2026-05-17 11:33:52,545 INFO toClientNotifyTaskSize = 0

2026-05-17 11:34:02,550 INFO toNotifyTaskSize = 0

2026-05-17 11:34:02,550 INFO [long-pulling] client count 0

2026-05-17 11:34:02,550 INFO groupCount = 1, subscriberClientCount = 0, subscriberCount = 0

2026-05-17 11:34:02,550 INFO toClientNotifyTaskSize = 0

2026-05-17 11:34:12,553 INFO toNotifyTaskSize = 0

2026-05-17 11:34:12,553 INFO groupCount = 1, subscriberClientCount = 0, subscriberCount = 0

2026-05-17 11:34:12,553 INFO [long-pulling] client count 0

2026-05-17 11:34:12,553 INFO toClientNotifyTaskSize = 0

2026-05-17 11:34:22,555 INFO [long-pulling] client count 0

2026-05-17 11:34:22,555 INFO toNotifyTaskSize = 0

2026-05-17 11:34:22,555 INFO toClientNotifyTaskSize = 0

2026-05-17 11:34:22,555 INFO groupCount = 1, subscriberClientCount = 0, subscriberCount = 0

2026-05-17 11:34:32,565 INFO [long-pulling] client count 0

2026-05-17 11:34:32,565 INFO groupCount = 1, subscriberClientCount = 0, subscriberCount = 0

2026-05-17 11:34:32,565 INFO toNotifyTaskSize = 0

2026-05-17 11:34:32,565 INFO toClientNotifyTaskSize = 0

2026-05-17 11:34:42,571 INFO [long-pulling] client count 0

2026-05-17 11:34:42,571 INFO groupCount = 1, subscriberClientCount = 0, subscriberCount = 0

2026-05-17 11:34:42,571 INFO toNotifyTaskSize = 0

2026-05-17 11:34:42,571 INFO toClientNotifyTaskSize = 0

2026-05-17 11:34:52,578 INFO [long-pulling] client count 0

2026-05-17 11:34:52,578 INFO groupCount = 1, subscriberClientCount = 0, subscriberCount = 0

2026-05-17 11:34:52,578 INFO toNotifyTaskSize = 0

2026-05-17 11:34:52,579 INFO toClientNotifyTaskSize = 0

2026-05-17 11:35:02,588 INFO [long-pulling] client count 0

2026-05-17 11:35:02,588 INFO groupCount = 1, subscriberClientCount = 0, subscriberCount = 0

2026-05-17 11:35:02,588 INFO toNotifyTaskSize = 0

2026-05-17 11:35:02,589 INFO toClientNotifyTaskSize = 0

2026-05-17 11:35:12,590 INFO [long-pulling] client count 0

2026-05-17 11:35:12,590 INFO groupCount = 1, subscriberClientCount = 0, subscriberCount = 0

2026-05-17 11:35:12,590 INFO toNotifyTaskSize = 0

2026-05-17 11:35:12,590 INFO toClientNotifyTaskSize = 0

2026-05-17 11:35:22,601 INFO [long-pulling] client count 0

2026-05-17 11:35:22,601 INFO groupCount = 1, subscriberClientCount = 0, subscriberCount = 0

2026-05-17 11:35:22,601 INFO toNotifyTaskSize = 0

2026-05-17 11:35:22,602 INFO toClientNotifyTaskSize = 0

2026-05-17 11:35:32,609 INFO [long-pulling] client count 0

2026-05-17 11:35:32,609 INFO toNotifyTaskSize = 0

2026-05-17 11:35:32,609 INFO toClientNotifyTaskSize = 0

2026-05-17 11:35:32,609 INFO groupCount = 1, subscriberClientCount = 0, subscriberCount = 0

2026-05-17 11:35:42,617 INFO [long-pulling] client count 0

2026-05-17 11:35:42,617 INFO toNotifyTaskSize = 0

2026-05-17 11:35:42,617 INFO toClientNotifyTaskSize = 0

2026-05-17 11:35:42,617 INFO groupCount = 1, subscriberClientCount = 0, subscriberCount = 0

2026-05-17 11:35:52,628 INFO [long-pulling] client count 0

2026-05-17 11:35:52,628 INFO groupCount = 1, subscriberClientCount = 0, subscriberCount = 0

2026-05-17 11:35:52,628 INFO toNotifyTaskSize = 0

2026-05-17 11:35:52,628 INFO toClientNotifyTaskSize = 0

2026-05-17 11:36:02,641 INFO [long-pulling] client count 0

2026-05-17 11:36:02,641 INFO toNotifyTaskSize = 0

2026-05-17 11:36:02,641 INFO toClientNotifyTaskSize = 0

2026-05-17 11:36:02,641 INFO groupCount = 1, subscriberClientCount = 0, subscriberCount = 0

2026-05-17 11:36:12,655 INFO [long-pulling] client count 0

2026-05-17 11:36:12,655 INFO groupCount = 1, subscriberClientCount = 0, subscriberCount = 0

2026-05-17 11:36:12,655 INFO toNotifyTaskSize = 0

2026-05-17 11:36:12,656 INFO toClientNotifyTaskSize = 0

2026-05-17 11:36:22,668 INFO [long-pulling] client count 0

2026-05-17 11:36:22,668 INFO groupCount = 1, subscriberClientCount = 0, subscriberCount = 0

2026-05-17 11:36:22,668 INFO toNotifyTaskSize = 0

2026-05-17 11:36:22,668 INFO toClientNotifyTaskSize = 0

2026-05-17 11:36:32,670 INFO [long-pulling] client count 0

2026-05-17 11:36:32,670 INFO toNotifyTaskSize = 0

2026-05-17 11:36:32,670 INFO toClientNotifyTaskSize = 0

2026-05-17 11:36:32,670 INFO groupCount = 1, subscriberClientCount = 0, subscriberCount = 0

2026-05-17 11:36:42,686 INFO toNotifyTaskSize = 0

2026-05-17 11:36:42,686 INFO [long-pulling] client count 0

2026-05-17 11:36:42,686 INFO groupCount = 1, subscriberClientCount = 0, subscriberCount = 0

2026-05-17 11:36:42,686 INFO toClientNotifyTaskSize = 0

2026-05-17 11:36:52,695 INFO [long-pulling] client count 0

2026-05-17 11:36:52,695 INFO toNotifyTaskSize = 0

2026-05-17 11:36:52,695 INFO toClientNotifyTaskSize = 0

2026-05-17 11:36:52,695 INFO groupCount = 1, subscriberClientCount = 0, subscriberCount = 0

2026-05-17 11:37:02,696 INFO [long-pulling] client count 0

2026-05-17 11:37:02,696 INFO groupCount = 1, subscriberClientCount = 0, subscriberCount = 0

2026-05-17 11:37:02,696 INFO toNotifyTaskSize = 0

2026-05-17 11:37:02,696 INFO toClientNotifyTaskSize = 0

2026-05-17 11:37:12,707 INFO [long-pulling] client count 0

2026-05-17 11:37:12,707 INFO toNotifyTaskSize = 0

2026-05-17 11:37:12,707 INFO groupCount = 1, subscriberClientCount = 0, subscriberCount = 0

2026-05-17 11:37:12,707 INFO toClientNotifyTaskSize = 0

2026-05-17 11:37:22,715 INFO [long-pulling] client count 0

2026-05-17 11:37:22,715 INFO groupCount = 1, subscriberClientCount = 0, subscriberCount = 0

2026-05-17 11:37:22,715 INFO toNotifyTaskSize = 0

2026-05-17 11:37:22,716 INFO toClientNotifyTaskSize = 0

2026-05-17 11:37:32,718 INFO [long-pulling] client count 0

2026-05-17 11:37:32,718 INFO toNotifyTaskSize = 0

2026-05-17 11:37:32,718 INFO toClientNotifyTaskSize = 0

2026-05-17 11:37:32,718 INFO groupCount = 1, subscriberClientCount = 0, subscriberCount = 0

2026-05-17 11:37:42,730 INFO [long-pulling] client count 0

2026-05-17 11:37:42,730 INFO groupCount = 1, subscriberClientCount = 0, subscriberCount = 0

2026-05-17 11:37:42,730 INFO toNotifyTaskSize = 0

2026-05-17 11:37:42,731 INFO toClientNotifyTaskSize = 0

2026-05-17 11:37:52,743 INFO toNotifyTaskSize = 0

2026-05-17 11:37:52,743 INFO groupCount = 1, subscriberClientCount = 0, subscriberCount = 0

2026-05-17 11:37:52,743 INFO [long-pulling] client count 0

2026-05-17 11:37:52,743 INFO toClientNotifyTaskSize = 0

2026-05-17 11:38:02,745 INFO [long-pulling] client count 0

2026-05-17 11:38:02,745 INFO toNotifyTaskSize = 0

2026-05-17 11:38:02,745 INFO toClientNotifyTaskSize = 0

2026-05-17 11:38:02,745 INFO groupCount = 1, subscriberClientCount = 0, subscriberCount = 0

2026-05-17 11:38:12,751 INFO [long-pulling] client count 0

2026-05-17 11:38:12,751 INFO groupCount = 1, subscriberClientCount = 0, subscriberCount = 0

2026-05-17 11:38:12,751 INFO toNotifyTaskSize = 0

2026-05-17 11:38:12,752 INFO toClientNotifyTaskSize = 0

2026-05-17 11:38:22,754 INFO [long-pulling] client count 0

2026-05-17 11:38:22,754 INFO groupCount = 1, subscriberClientCount = 0, subscriberCount = 0

2026-05-17 11:38:22,754 INFO toNotifyTaskSize = 0

2026-05-17 11:38:22,754 INFO toClientNotifyTaskSize = 0

2026-05-17 11:38:32,769 INFO [long-pulling] client count 0

2026-05-17 11:38:32,769 INFO toNotifyTaskSize = 0

2026-05-17 11:38:32,769 INFO toClientNotifyTaskSize = 0

2026-05-17 11:38:32,769 INFO groupCount = 1, subscriberClientCount = 0, subscriberCount = 0

2026-05-17 11:38:42,771 INFO [long-pulling] client count 0

2026-05-17 11:38:42,771 INFO groupCount = 1, subscriberClientCount = 0, subscriberCount = 0

2026-05-17 11:38:42,771 INFO toNotifyTaskSize = 0

2026-05-17 11:38:42,772 INFO toClientNotifyTaskSize = 0

2026-05-17 11:38:52,776 INFO groupCount = 1, subscriberClientCount = 0, subscriberCount = 0

2026-05-17 11:38:52,776 INFO toNotifyTaskSize = 0

2026-05-17 11:38:52,776 INFO toClientNotifyTaskSize = 0

2026-05-17 11:38:52,776 INFO [long-pulling] client count 0

2026-05-17 11:39:02,778 INFO [long-pulling] client count 0

2026-05-17 11:39:02,778 INFO toNotifyTaskSize = 0

2026-05-17 11:39:02,778 INFO toClientNotifyTaskSize = 0

2026-05-17 11:39:02,778 INFO groupCount = 1, subscriberClientCount = 0, subscriberCount = 0

2026-05-17 11:39:12,782 INFO [long-pulling] client count 0

2026-05-17 11:39:12,782 INFO groupCount = 1, subscriberClientCount = 0, subscriberCount = 0

2026-05-17 11:39:12,782 INFO toNotifyTaskSize = 0

2026-05-17 11:39:12,782 INFO toClientNotifyTaskSize = 0

2026-05-17 11:39:22,783 INFO [long-pulling] client count 0

2026-05-17 11:39:22,783 INFO groupCount = 1, subscriberClientCount = 0, subscriberCount = 0

2026-05-17 11:39:22,783 INFO toNotifyTaskSize = 0

2026-05-17 11:39:22,784 INFO toClientNotifyTaskSize = 0

2026-05-17 11:39:32,795 INFO [long-pulling] client count 0

2026-05-17 11:39:32,795 INFO toNotifyTaskSize = 0

2026-05-17 11:39:32,795 INFO groupCount = 1, subscriberClientCount = 0, subscriberCount = 0

2026-05-17 11:39:32,796 INFO toClientNotifyTaskSize = 0

2026-05-17 11:39:42,807 INFO [long-pulling] client count 0

2026-05-17 11:39:42,807 INFO groupCount = 1, subscriberClientCount = 0, subscriberCount = 0

2026-05-17 11:39:42,807 INFO toNotifyTaskSize = 0

2026-05-17 11:39:42,808 INFO toClientNotifyTaskSize = 0

2026-05-17 11:39:52,815 INFO [long-pulling] client count 0

2026-05-17 11:39:52,815 INFO toNotifyTaskSize = 0

2026-05-17 11:39:52,815 INFO toClientNotifyTaskSize = 0

2026-05-17 11:39:52,815 INFO groupCount = 1, subscriberClientCount = 0, subscriberCount = 0

2026-05-17 11:40:02,826 INFO [long-pulling] client count 0

2026-05-17 11:40:02,829 INFO toNotifyTaskSize = 0

2026-05-17 11:40:02,829 INFO groupCount = 1, subscriberClientCount = 0, subscriberCount = 0

2026-05-17 11:40:02,829 INFO toClientNotifyTaskSize = 0

2026-05-17 11:40:12,838 INFO toNotifyTaskSize = 0

2026-05-17 11:40:12,838 INFO [long-pulling] client count 0

2026-05-17 11:40:12,838 INFO groupCount = 1, subscriberClientCount = 0, subscriberCount = 0

2026-05-17 11:40:12,838 INFO toClientNotifyTaskSize = 0

2026-05-17 11:40:22,849 INFO [long-pulling] client count 0

2026-05-17 11:40:22,849 INFO groupCount = 1, subscriberClientCount = 0, subscriberCount = 0

2026-05-17 11:40:22,849 INFO toNotifyTaskSize = 0

2026-05-17 11:40:22,849 INFO toClientNotifyTaskSize = 0

2026-05-17 11:40:32,858 INFO groupCount = 1, subscriberClientCount = 0, subscriberCount = 0

2026-05-17 11:40:32,858 INFO toNotifyTaskSize = 0

2026-05-17 11:40:32,858 INFO toClientNotifyTaskSize = 0

2026-05-17 11:40:32,858 INFO [long-pulling] client count 0

2026-05-17 11:40:42,863 INFO toNotifyTaskSize = 0

2026-05-17 11:40:42,863 INFO groupCount = 1, subscriberClientCount = 0, subscriberCount = 0

2026-05-17 11:40:42,863 INFO [long-pulling] client count 0

2026-05-17 11:40:42,863 INFO toClientNotifyTaskSize = 0

2026-05-17 11:40:52,875 INFO [long-pulling] client count 0

2026-05-17 11:40:52,875 INFO groupCount = 1, subscriberClientCount = 0, subscriberCount = 0

2026-05-17 11:40:52,875 INFO toNotifyTaskSize = 0

2026-05-17 11:40:52,876 INFO toClientNotifyTaskSize = 0

2026-05-17 11:41:02,889 INFO [long-pulling] client count 0

2026-05-17 11:41:02,889 INFO toNotifyTaskSize = 0

2026-05-17 11:41:02,889 INFO toClientNotifyTaskSize = 0

2026-05-17 11:41:02,889 INFO groupCount = 1, subscriberClientCount = 0, subscriberCount = 0

2026-05-17 11:41:12,898 INFO toNotifyTaskSize = 0

2026-05-17 11:41:12,898 INFO groupCount = 1, subscriberClientCount = 0, subscriberCount = 0

2026-05-17 11:41:12,898 INFO [long-pulling] client count 0

2026-05-17 11:41:12,898 INFO toClientNotifyTaskSize = 0

2026-05-17 11:41:22,902 INFO groupCount = 1, subscriberClientCount = 0, subscriberCount = 0

2026-05-17 11:41:22,902 INFO [long-pulling] client count 0

2026-05-17 11:41:22,902 INFO toNotifyTaskSize = 0

2026-05-17 11:41:22,903 INFO toClientNotifyTaskSize = 0

2026-05-17 11:41:32,916 INFO toNotifyTaskSize = 0

2026-05-17 11:41:32,916 INFO [long-pulling] client count 0

2026-05-17 11:41:32,916 INFO groupCount = 1, subscriberClientCount = 0, subscriberCount = 0

2026-05-17 11:41:32,916 INFO toClientNotifyTaskSize = 0

2026-05-17 11:41:42,923 INFO [long-pulling] client count 0

2026-05-17 11:41:42,923 INFO groupCount = 1, subscriberClientCount = 0, subscriberCount = 0

2026-05-17 11:41:42,923 INFO toNotifyTaskSize = 0

2026-05-17 11:41:42,923 INFO toClientNotifyTaskSize = 0

2026-05-17 11:41:52,939 INFO [long-pulling] client count 0

2026-05-17 11:41:52,939 INFO toNotifyTaskSize = 0

2026-05-17 11:41:52,939 INFO toClientNotifyTaskSize = 0

2026-05-17 11:41:52,939 INFO groupCount = 1, subscriberClientCount = 0, subscriberCount = 0

2026-05-17 11:42:02,944 INFO [long-pulling] client count 0

2026-05-17 11:42:02,944 INFO groupCount = 1, subscriberClientCount = 0, subscriberCount = 0

2026-05-17 11:42:02,944 INFO toNotifyTaskSize = 0

2026-05-17 11:42:02,944 INFO toClientNotifyTaskSize = 0

2026-05-17 11:42:12,952 INFO groupCount = 1, subscriberClientCount = 0, subscriberCount = 0

2026-05-17 11:42:12,952 INFO toNotifyTaskSize = 0

2026-05-17 11:42:12,952 INFO toClientNotifyTaskSize = 0

2026-05-17 11:42:12,952 INFO [long-pulling] client count 0

2026-05-17 11:42:22,961 INFO [long-pulling] client count 0

2026-05-17 11:42:22,961 INFO toNotifyTaskSize = 0

2026-05-17 11:42:22,961 INFO toClientNotifyTaskSize = 0

2026-05-17 11:42:22,961 INFO groupCount = 1, subscriberClientCount = 0, subscriberCount = 0

2026-05-17 11:42:32,966 INFO [long-pulling] client count 0

2026-05-17 11:42:32,966 INFO groupCount = 1, subscriberClientCount = 0, subscriberCount = 0

2026-05-17 11:42:32,966 INFO toNotifyTaskSize = 0

2026-05-17 11:42:32,967 INFO toClientNotifyTaskSize = 0

2026-05-17 11:42:42,982 INFO groupCount = 1, subscriberClientCount = 0, subscriberCount = 0

2026-05-17 11:42:42,982 INFO [long-pulling] client count 0

2026-05-17 11:42:42,982 INFO toNotifyTaskSize = 0

2026-05-17 11:42:42,983 INFO toClientNotifyTaskSize = 0

2026-05-17 11:42:52,997 INFO [long-pulling] client count 0

2026-05-17 11:42:52,997 INFO toNotifyTaskSize = 0

2026-05-17 11:42:52,997 INFO toClientNotifyTaskSize = 0

2026-05-17 11:42:52,997 INFO groupCount = 1, subscriberClientCount = 0, subscriberCount = 0

2026-05-17 11:43:03,000 INFO [long-pulling] client count 0

2026-05-17 11:43:03,000 INFO groupCount = 1, subscriberClientCount = 0, subscriberCount = 0

2026-05-17 11:43:03,000 INFO toNotifyTaskSize = 0

2026-05-17 11:43:03,001 INFO toClientNotifyTaskSize = 0

2026-05-17 11:43:13,008 INFO [long-pulling] client count 0

2026-05-17 11:43:13,008 INFO toNotifyTaskSize = 0

2026-05-17 11:43:13,008 INFO toClientNotifyTaskSize = 0

2026-05-17 11:43:13,008 INFO groupCount = 1, subscriberClientCount = 0, subscriberCount = 0

2026-05-17 11:43:23,019 INFO [long-pulling] client count 0

2026-05-17 11:43:23,019 INFO toNotifyTaskSize = 0

2026-05-17 11:43:23,019 INFO toClientNotifyTaskSize = 0

2026-05-17 11:43:23,019 INFO groupCount = 1, subscriberClientCount = 0, subscriberCount = 0

2026-05-17 11:43:33,032 INFO [long-pulling] client count 0

2026-05-17 11:43:33,032 INFO groupCount = 1, subscriberClientCount = 0, subscriberCount = 0

2026-05-17 11:43:33,032 INFO toNotifyTaskSize = 0

2026-05-17 11:43:33,033 INFO toClientNotifyTaskSize = 0

2026-05-17 11:43:43,035 INFO [long-pulling] client count 0

2026-05-17 11:43:43,035 INFO groupCount = 1, subscriberClientCount = 0, subscriberCount = 0

2026-05-17 11:43:43,035 INFO toNotifyTaskSize = 0

2026-05-17 11:43:43,036 INFO toClientNotifyTaskSize = 0

2026-05-17 11:43:53,048 INFO [long-pulling] client count 0

2026-05-17 11:43:53,048 INFO toNotifyTaskSize = 0

2026-05-17 11:43:53,048 INFO toClientNotifyTaskSize = 0

2026-05-17 11:43:53,048 INFO groupCount = 1, subscriberClientCount = 0, subscriberCount = 0

2026-05-17 11:44:03,048 INFO [long-pulling] client count 0

2026-05-17 11:44:03,048 INFO groupCount = 1, subscriberClientCount = 0, subscriberCount = 0

2026-05-17 11:44:03,048 INFO toNotifyTaskSize = 0

2026-05-17 11:44:03,049 INFO toClientNotifyTaskSize = 0

2026-05-17 11:44:13,062 INFO [long-pulling] client count 0

2026-05-17 11:44:13,062 INFO toNotifyTaskSize = 0

2026-05-17 11:44:13,062 INFO toClientNotifyTaskSize = 0

2026-05-17 11:44:13,062 INFO groupCount = 1, subscriberClientCount = 0, subscriberCount = 0

2026-05-17 11:44:23,069 INFO toNotifyTaskSize = 0

2026-05-17 11:44:23,069 INFO groupCount = 1, subscriberClientCount = 0, subscriberCount = 0

2026-05-17 11:44:23,069 INFO [long-pulling] client count 0

2026-05-17 11:44:23,069 INFO toClientNotifyTaskSize = 0

2026-05-17 11:44:33,081 INFO groupCount = 1, subscriberClientCount = 0, subscriberCount = 0

2026-05-17 11:44:33,081 INFO toNotifyTaskSize = 0

2026-05-17 11:44:33,081 INFO toClientNotifyTaskSize = 0

2026-05-17 11:44:33,081 INFO [long-pulling] client count 0

2026-05-17 11:44:43,094 INFO [long-pulling] client count 0

2026-05-17 11:44:43,094 INFO toNotifyTaskSize = 0

2026-05-17 11:44:43,094 INFO toClientNotifyTaskSize = 0

2026-05-17 11:44:43,094 INFO groupCount = 1, subscriberClientCount = 0, subscriberCount = 0

2026-05-17 11:44:53,109 INFO [long-pulling] client count 0

2026-05-17 11:44:53,109 INFO groupCount = 1, subscriberClientCount = 0, subscriberCount = 0

2026-05-17 11:44:53,109 INFO toNotifyTaskSize = 0

2026-05-17 11:44:53,110 INFO toClientNotifyTaskSize = 0

2026-05-17 11:45:03,115 INFO [long-pulling] client count 0

2026-05-17 11:45:03,115 INFO groupCount = 1, subscriberClientCount = 0, subscriberCount = 0

2026-05-17 11:45:03,115 INFO toNotifyTaskSize = 0

2026-05-17 11:45:03,116 INFO toClientNotifyTaskSize = 0

2026-05-17 11:45:13,128 INFO [long-pulling] client count 0

2026-05-17 11:45:13,128 INFO toNotifyTaskSize = 0

2026-05-17 11:45:13,128 INFO toClientNotifyTaskSize = 0

2026-05-17 11:45:13,128 INFO groupCount = 1, subscriberClientCount = 0, subscriberCount = 0

2026-05-17 11:45:23,140 INFO [long-pulling] client count 0

2026-05-17 11:45:23,140 INFO toNotifyTaskSize = 0

2026-05-17 11:45:23,141 INFO toClientNotifyTaskSize = 0

2026-05-17 11:45:23,140 INFO groupCount = 1, subscriberClientCount = 0, subscriberCount = 0

2026-05-17 11:45:33,148 INFO toNotifyTaskSize = 0

2026-05-17 11:45:33,148 INFO groupCount = 1, subscriberClientCount = 0, subscriberCount = 0

2026-05-17 11:45:33,148 INFO [long-pulling] client count 0

2026-05-17 11:45:33,148 INFO toClientNotifyTaskSize = 0

2026-05-17 11:45:43,164 INFO groupCount = 1, subscriberClientCount = 0, subscriberCount = 0

2026-05-17 11:45:43,164 INFO toNotifyTaskSize = 0

2026-05-17 11:45:43,164 INFO toClientNotifyTaskSize = 0

2026-05-17 11:45:43,164 INFO [long-pulling] client count 0

2026-05-17 11:45:53,168 INFO [long-pulling] client count 0

2026-05-17 11:45:53,168 INFO toNotifyTaskSize = 0

2026-05-17 11:45:53,168 INFO toClientNotifyTaskSize = 0

2026-05-17 11:45:53,168 INFO groupCount = 1, subscriberClientCount = 0, subscriberCount = 0

2026-05-17 11:46:03,170 INFO [long-pulling] client count 0

2026-05-17 11:46:03,170 INFO toNotifyTaskSize = 0

2026-05-17 11:46:03,170 INFO toClientNotifyTaskSize = 0

2026-05-17 11:46:03,170 INFO groupCount = 1, subscriberClientCount = 0, subscriberCount = 0

2026-05-17 11:46:13,182 INFO [long-pulling] client count 0

2026-05-17 11:46:13,182 INFO groupCount = 1, subscriberClientCount = 0, subscriberCount = 0

2026-05-17 11:46:13,182 INFO toNotifyTaskSize = 0

2026-05-17 11:46:13,182 INFO toClientNotifyTaskSize = 0

2026-05-17 11:46:23,187 INFO [long-pulling] client count 0

2026-05-17 11:46:23,187 INFO groupCount = 1, subscriberClientCount = 0, subscriberCount = 0

2026-05-17 11:46:23,187 INFO toNotifyTaskSize = 0

2026-05-17 11:46:23,188 INFO toClientNotifyTaskSize = 0

2026-05-17 11:46:33,194 INFO [long-pulling] client count 0

2026-05-17 11:46:33,194 INFO toNotifyTaskSize = 0

2026-05-17 11:46:33,194 INFO toClientNotifyTaskSize = 0

2026-05-17 11:46:33,194 INFO groupCount = 1, subscriberClientCount = 0, subscriberCount = 0

2026-05-17 11:46:43,209 INFO toNotifyTaskSize = 0

2026-05-17 11:46:43,209 INFO groupCount = 1, subscriberClientCount = 0, subscriberCount = 0

2026-05-17 11:46:43,209 INFO [long-pulling] client count 0

2026-05-17 11:46:43,209 INFO toClientNotifyTaskSize = 0

2026-05-17 11:46:53,217 INFO groupCount = 1, subscriberClientCount = 0, subscriberCount = 0

2026-05-17 11:46:53,217 INFO toNotifyTaskSize = 0

2026-05-17 11:46:53,217 INFO toClientNotifyTaskSize = 0

2026-05-17 11:46:53,217 INFO [long-pulling] client count 0

2026-05-17 11:47:03,230 INFO [long-pulling] client count 0

2026-05-17 11:47:03,230 INFO toNotifyTaskSize = 0

2026-05-17 11:47:03,230 INFO toClientNotifyTaskSize = 0

2026-05-17 11:47:03,230 INFO groupCount = 1, subscriberClientCount = 0, subscriberCount = 0

2026-05-17 11:47:13,243 INFO [long-pulling] client count 0

2026-05-17 11:47:13,243 INFO groupCount = 1, subscriberClientCount = 0, subscriberCount = 0

2026-05-17 11:47:13,243 INFO toNotifyTaskSize = 0

2026-05-17 11:47:13,243 INFO toClientNotifyTaskSize = 0

2026-05-17 11:47:23,258 INFO [long-pulling] client count 0

2026-05-17 11:47:23,258 INFO toNotifyTaskSize = 0

2026-05-17 11:47:23,258 INFO toClientNotifyTaskSize = 0

2026-05-17 11:47:23,258 INFO groupCount = 1, subscriberClientCount = 0, subscriberCount = 0

2026-05-17 11:47:33,262 INFO [long-pulling] client count 0

2026-05-17 11:47:33,262 INFO groupCount = 1, subscriberClientCount = 0, subscriberCount = 0

2026-05-17 11:47:33,262 INFO toNotifyTaskSize = 0

2026-05-17 11:47:33,263 INFO toClientNotifyTaskSize = 0

2026-05-17 11:47:43,270 INFO [long-pulling] client count 0

2026-05-17 11:47:43,270 INFO toNotifyTaskSize = 0

2026-05-17 11:47:43,270 INFO toClientNotifyTaskSize = 0

2026-05-17 11:47:43,270 INFO groupCount = 1, subscriberClientCount = 0, subscriberCount = 0

2026-05-17 11:47:53,282 INFO [long-pulling] client count 0

2026-05-17 11:47:53,282 INFO groupCount = 1, subscriberClientCount = 0, subscriberCount = 0

2026-05-17 11:47:53,282 INFO toNotifyTaskSize = 0

2026-05-17 11:47:53,283 INFO toClientNotifyTaskSize = 0

2026-05-17 11:48:03,287 INFO [long-pulling] client count 0

2026-05-17 11:48:03,287 INFO toNotifyTaskSize = 0

2026-05-17 11:48:03,287 INFO toClientNotifyTaskSize = 0

2026-05-17 11:48:03,287 INFO groupCount = 1, subscriberClientCount = 0, subscriberCount = 0

2026-05-17 11:48:13,298 INFO [long-pulling] client count 0

2026-05-17 11:48:13,298 INFO toNotifyTaskSize = 0

2026-05-17 11:48:13,298 INFO toClientNotifyTaskSize = 0

2026-05-17 11:48:13,298 INFO groupCount = 1, subscriberClientCount = 0, subscriberCount = 0

2026-05-17 11:48:23,310 INFO [long-pulling] client count 0

2026-05-17 11:48:23,310 INFO groupCount = 1, subscriberClientCount = 0, subscriberCount = 0

2026-05-17 11:48:23,310 INFO toNotifyTaskSize = 0

2026-05-17 11:48:23,311 INFO toClientNotifyTaskSize = 0

2026-05-17 11:48:33,321 INFO [long-pulling] client count 0

2026-05-17 11:48:33,321 INFO toNotifyTaskSize = 0

2026-05-17 11:48:33,321 INFO toClientNotifyTaskSize = 0

2026-05-17 11:48:33,321 INFO groupCount = 1, subscriberClientCount = 0, subscriberCount = 0

2026-05-17 11:48:43,335 INFO [long-pulling] client count 0

2026-05-17 11:48:43,335 INFO groupCount = 1, subscriberClientCount = 0, subscriberCount = 0

2026-05-17 11:48:43,335 INFO toNotifyTaskSize = 0

2026-05-17 11:48:43,336 INFO toClientNotifyTaskSize = 0

2026-05-17 11:48:53,344 INFO [long-pulling] client count 0

2026-05-17 11:48:53,344 INFO toNotifyTaskSize = 0

2026-05-17 11:48:53,344 INFO toClientNotifyTaskSize = 0

2026-05-17 11:48:53,344 INFO groupCount = 1, subscriberClientCount = 0, subscriberCount = 0

2026-05-17 11:49:03,353 INFO [long-pulling] client count 0

2026-05-17 11:49:03,353 INFO groupCount = 1, subscriberClientCount = 0, subscriberCount = 0

2026-05-17 11:49:03,353 INFO toNotifyTaskSize = 0

2026-05-17 11:49:03,354 INFO toClientNotifyTaskSize = 0

2026-05-17 11:49:13,357 INFO [long-pulling] client count 0

2026-05-17 11:49:13,357 INFO toNotifyTaskSize = 0

2026-05-17 11:49:13,357 INFO groupCount = 1, subscriberClientCount = 0, subscriberCount = 0

2026-05-17 11:49:13,357 INFO toClientNotifyTaskSize = 0

2026-05-17 11:49:23,360 INFO [long-pulling] client count 0

2026-05-17 11:49:23,360 INFO toNotifyTaskSize = 0

2026-05-17 11:49:23,360 INFO groupCount = 1, subscriberClientCount = 0, subscriberCount = 0

2026-05-17 11:49:23,361 INFO toClientNotifyTaskSize = 0

2026-05-17 11:49:33,370 INFO [long-pulling] client count 0

2026-05-17 11:49:33,370 INFO toNotifyTaskSize = 0

2026-05-17 11:49:33,370 INFO toClientNotifyTaskSize = 0

2026-05-17 11:49:33,370 INFO groupCount = 1, subscriberClientCount = 0, subscriberCount = 0

2026-05-17 11:49:43,380 INFO [long-pulling] client count 0

2026-05-17 11:49:43,380 INFO groupCount = 1, subscriberClientCount = 0, subscriberCount = 0

2026-05-17 11:49:43,380 INFO toNotifyTaskSize = 0

2026-05-17 11:49:43,381 INFO toClientNotifyTaskSize = 0

2026-05-17 11:49:53,384 INFO [long-pulling] client count 0

2026-05-17 11:49:53,384 INFO toNotifyTaskSize = 0

2026-05-17 11:49:53,384 INFO toClientNotifyTaskSize = 0

2026-05-17 11:49:53,384 INFO groupCount = 1, subscriberClientCount = 0, subscriberCount = 0

2026-05-17 11:50:03,394 INFO [long-pulling] client count 0

2026-05-17 11:50:03,394 INFO groupCount = 1, subscriberClientCount = 0, subscriberCount = 0

2026-05-17 11:50:03,394 INFO toNotifyTaskSize = 0

2026-05-17 11:50:03,395 INFO toClientNotifyTaskSize = 0

2026-05-17 11:50:13,398 INFO [long-pulling] client count 0

2026-05-17 11:50:13,398 INFO toNotifyTaskSize = 0

2026-05-17 11:50:13,398 INFO toClientNotifyTaskSize = 0

2026-05-17 11:50:13,398 INFO groupCount = 1, subscriberClientCount = 0, subscriberCount = 0

2026-05-17 11:50:23,407 INFO [long-pulling] client count 0

2026-05-17 11:50:23,407 INFO groupCount = 1, subscriberClientCount = 0, subscriberCount = 0

2026-05-17 11:50:23,407 INFO toNotifyTaskSize = 0

2026-05-17 11:50:23,408 INFO toClientNotifyTaskSize = 0

2026-05-17 11:50:33,420 INFO [long-pulling] client count 0

2026-05-17 11:50:33,420 INFO toNotifyTaskSize = 0

2026-05-17 11:50:33,421 INFO toClientNotifyTaskSize = 0

2026-05-17 11:50:33,420 INFO groupCount = 1, subscriberClientCount = 0, subscriberCount = 0

2026-05-17 11:50:43,428 INFO [long-pulling] client count 0

2026-05-17 11:50:43,428 INFO groupCount = 1, subscriberClientCount = 0, subscriberCount = 0

2026-05-17 11:50:43,428 INFO toNotifyTaskSize = 0

2026-05-17 11:50:43,429 INFO toClientNotifyTaskSize = 0

2026-05-17 11:50:53,431 INFO [long-pulling] client count 0

2026-05-17 11:50:53,431 INFO groupCount = 1, subscriberClientCount = 0, subscriberCount = 0

2026-05-17 11:50:53,431 INFO toNotifyTaskSize = 0

2026-05-17 11:50:53,432 INFO toClientNotifyTaskSize = 0

2026-05-17 11:51:03,440 INFO [long-pulling] client count 0

2026-05-17 11:51:03,440 INFO toNotifyTaskSize = 0

2026-05-17 11:51:03,440 INFO groupCount = 1, subscriberClientCount = 0, subscriberCount = 0

2026-05-17 11:51:03,441 INFO toClientNotifyTaskSize = 0

2026-05-17 11:51:13,454 INFO [long-pulling] client count 0

2026-05-17 11:51:13,454 INFO toNotifyTaskSize = 0

2026-05-17 11:51:13,454 INFO toClientNotifyTaskSize = 0

2026-05-17 11:51:13,454 INFO groupCount = 1, subscriberClientCount = 0, subscriberCount = 0

2026-05-17 11:51:23,466 INFO [long-pulling] client count 0

2026-05-17 11:51:23,466 INFO groupCount = 1, subscriberClientCount = 0, subscriberCount = 0

2026-05-17 11:51:23,466 INFO toNotifyTaskSize = 0

2026-05-17 11:51:23,467 INFO toClientNotifyTaskSize = 0

2026-05-17 11:51:33,471 INFO [long-pulling] client count 0

2026-05-17 11:51:33,471 INFO toNotifyTaskSize = 0

2026-05-17 11:51:33,472 INFO toClientNotifyTaskSize = 0

2026-05-17 11:51:33,471 INFO groupCount = 1, subscriberClientCount = 0, subscriberCount = 0

2026-05-17 11:51:43,485 INFO [long-pulling] client count 0

2026-05-17 11:51:43,485 INFO groupCount = 1, subscriberClientCount = 0, subscriberCount = 0

2026-05-17 11:51:43,485 INFO toNotifyTaskSize = 0

2026-05-17 11:51:43,485 INFO toClientNotifyTaskSize = 0

2026-05-17 11:51:53,489 INFO [long-pulling] client count 0

2026-05-17 11:51:53,489 INFO toNotifyTaskSize = 0

2026-05-17 11:51:53,489 INFO toClientNotifyTaskSize = 0

2026-05-17 11:51:53,489 INFO groupCount = 1, subscriberClientCount = 0, subscriberCount = 0

2026-05-17 11:52:03,501 INFO [long-pulling] client count 0

2026-05-17 11:52:03,501 INFO groupCount = 1, subscriberClientCount = 0, subscriberCount = 0

2026-05-17 11:52:03,501 INFO toNotifyTaskSize = 0

2026-05-17 11:52:03,502 INFO toClientNotifyTaskSize = 0

2026-05-17 11:52:13,516 INFO groupCount = 1, subscriberClientCount = 0, subscriberCount = 0

2026-05-17 11:52:13,516 INFO toNotifyTaskSize = 0

2026-05-17 11:52:13,516 INFO toClientNotifyTaskSize = 0

2026-05-17 11:52:13,516 INFO [long-pulling] client count 0

2026-05-17 11:52:23,530 INFO [long-pulling] client count 0

2026-05-17 11:52:23,530 INFO toNotifyTaskSize = 0

2026-05-17 11:52:23,530 INFO toClientNotifyTaskSize = 0

2026-05-17 11:52:23,530 INFO groupCount = 1, subscriberClientCount = 0, subscriberCount = 0

2026-05-17 11:52:33,537 INFO [long-pulling] client count 0

2026-05-17 11:52:33,537 INFO groupCount = 1, subscriberClientCount = 0, subscriberCount = 0

2026-05-17 11:52:33,537 INFO toNotifyTaskSize = 0

2026-05-17 11:52:33,538 INFO toClientNotifyTaskSize = 0

2026-05-17 11:52:43,540 INFO [long-pulling] client count 0

2026-05-17 11:52:43,540 INFO toNotifyTaskSize = 0

2026-05-17 11:52:43,540 INFO toClientNotifyTaskSize = 0

2026-05-17 11:52:43,540 INFO groupCount = 1, subscriberClientCount = 0, subscriberCount = 0

2026-05-17 11:52:53,549 INFO [long-pulling] client count 0

2026-05-17 11:52:53,549 INFO toNotifyTaskSize = 0

2026-05-17 11:52:53,549 INFO toClientNotifyTaskSize = 0

2026-05-17 11:52:53,549 INFO groupCount = 1, subscriberClientCount = 0, subscriberCount = 0

2026-05-17 11:53:03,563 INFO toNotifyTaskSize = 0

2026-05-17 11:53:03,563 INFO groupCount = 1, subscriberClientCount = 0, subscriberCount = 0

2026-05-17 11:53:03,563 INFO [long-pulling] client count 0

2026-05-17 11:53:03,563 INFO toClientNotifyTaskSize = 0

2026-05-17 11:53:13,569 INFO [long-pulling] client count 0

2026-05-17 11:53:13,569 INFO toNotifyTaskSize = 0

2026-05-17 11:53:13,569 INFO toClientNotifyTaskSize = 0

2026-05-17 11:53:13,569 INFO groupCount = 1, subscriberClientCount = 0, subscriberCount = 0

2026-05-17 11:53:23,578 INFO toNotifyTaskSize = 0

2026-05-17 11:53:23,578 INFO groupCount = 1, subscriberClientCount = 0, subscriberCount = 0

2026-05-17 11:53:23,578 INFO [long-pulling] client count 0

2026-05-17 11:53:23,578 INFO toClientNotifyTaskSize = 0

2026-05-17 11:53:33,584 INFO [long-pulling] client count 0

2026-05-17 11:53:33,584 INFO toNotifyTaskSize = 0

2026-05-17 11:53:33,584 INFO toClientNotifyTaskSize = 0

2026-05-17 11:53:33,584 INFO groupCount = 1, subscriberClientCount = 0, subscriberCount = 0

2026-05-17 11:53:43,592 INFO [long-pulling] client count 0

2026-05-17 11:53:43,592 INFO groupCount = 1, subscriberClientCount = 0, subscriberCount = 0

2026-05-17 11:53:43,592 INFO toNotifyTaskSize = 0

2026-05-17 11:53:43,593 INFO toClientNotifyTaskSize = 0

2026-05-17 11:53:53,594 INFO [long-pulling] client count 0

2026-05-17 11:53:53,594 INFO toNotifyTaskSize = 0

2026-05-17 11:53:53,594 INFO toClientNotifyTaskSize = 0

2026-05-17 11:53:53,594 INFO groupCount = 1, subscriberClientCount = 0, subscriberCount = 0

2026-05-17 11:54:03,606 INFO [long-pulling] client count 0

2026-05-17 11:54:03,606 INFO groupCount = 1, subscriberClientCount = 0, subscriberCount = 0

2026-05-17 11:54:03,606 INFO toNotifyTaskSize = 0

2026-05-17 11:54:03,607 INFO toClientNotifyTaskSize = 0

2026-05-17 11:54:13,620 INFO [long-pulling] client count 0

2026-05-17 11:54:13,620 INFO toNotifyTaskSize = 0

2026-05-17 11:54:13,620 INFO groupCount = 1, subscriberClientCount = 0, subscriberCount = 0

2026-05-17 11:54:13,621 INFO toClientNotifyTaskSize = 0

2026-05-17 11:54:23,626 INFO [long-pulling] client count 0

2026-05-17 11:54:23,626 INFO toNotifyTaskSize = 0

2026-05-17 11:54:23,626 INFO toClientNotifyTaskSize = 0

2026-05-17 11:54:23,626 INFO groupCount = 1, subscriberClientCount = 0, subscriberCount = 0

2026-05-17 11:54:33,641 INFO [long-pulling] client count 0

2026-05-17 11:54:33,641 INFO toNotifyTaskSize = 0

2026-05-17 11:54:33,641 INFO toClientNotifyTaskSize = 0

2026-05-17 11:54:33,641 INFO groupCount = 1, subscriberClientCount = 0, subscriberCount = 0

2026-05-17 11:54:43,644 INFO [long-pulling] client count 0

2026-05-17 11:54:43,644 INFO groupCount = 1, subscriberClientCount = 0, subscriberCount = 0

2026-05-17 11:54:43,644 INFO toNotifyTaskSize = 0

2026-05-17 11:54:43,644 INFO toClientNotifyTaskSize = 0

2026-05-17 11:54:53,657 INFO [long-pulling] client count 0

2026-05-17 11:54:53,657 INFO toNotifyTaskSize = 0

2026-05-17 11:54:53,657 INFO toClientNotifyTaskSize = 0

2026-05-17 11:54:53,657 INFO groupCount = 1, subscriberClientCount = 0, subscriberCount = 0

2026-05-17 11:55:03,668 INFO [long-pulling] client count 0

2026-05-17 11:55:03,668 INFO groupCount = 1, subscriberClientCount = 0, subscriberCount = 0

2026-05-17 11:55:03,668 INFO toNotifyTaskSize = 0

2026-05-17 11:55:03,669 INFO toClientNotifyTaskSize = 0

2026-05-17 11:55:13,672 INFO [long-pulling] client count 0

2026-05-17 11:55:13,672 INFO toNotifyTaskSize = 0

2026-05-17 11:55:13,672 INFO toClientNotifyTaskSize = 0

2026-05-17 11:55:13,672 INFO groupCount = 1, subscriberClientCount = 0, subscriberCount = 0

2026-05-17 11:55:23,685 INFO [long-pulling] client count 0

2026-05-17 11:55:23,685 INFO toNotifyTaskSize = 0

2026-05-17 11:55:23,685 INFO toClientNotifyTaskSize = 0

2026-05-17 11:55:23,685 INFO groupCount = 1, subscriberClientCount = 0, subscriberCount = 0

2026-05-17 11:55:33,693 INFO [long-pulling] client count 0

2026-05-17 11:55:33,693 INFO groupCount = 1, subscriberClientCount = 0, subscriberCount = 0

2026-05-17 11:55:33,693 INFO toNotifyTaskSize = 0

2026-05-17 11:55:33,694 INFO toClientNotifyTaskSize = 0

2026-05-17 11:55:43,699 INFO [long-pulling] client count 0

2026-05-17 11:55:43,699 INFO toNotifyTaskSize = 0

2026-05-17 11:55:43,699 INFO toClientNotifyTaskSize = 0

2026-05-17 11:55:43,699 INFO groupCount = 1, subscriberClientCount = 0, subscriberCount = 0

2026-05-17 11:55:53,708 INFO [long-pulling] client count 0

2026-05-17 11:55:53,708 INFO groupCount = 1, subscriberClientCount = 0, subscriberCount = 0

2026-05-17 11:55:53,708 INFO toNotifyTaskSize = 0

2026-05-17 11:55:53,709 INFO toClientNotifyTaskSize = 0

2026-05-17 11:56:03,709 INFO [long-pulling] client count 0

2026-05-17 11:56:03,709 INFO groupCount = 1, subscriberClientCount = 0, subscriberCount = 0

2026-05-17 11:56:03,709 INFO toNotifyTaskSize = 0

2026-05-17 11:56:03,710 INFO toClientNotifyTaskSize = 0

2026-05-17 11:56:13,723 INFO [long-pulling] client count 0

2026-05-17 11:56:13,723 INFO groupCount = 1, subscriberClientCount = 0, subscriberCount = 0

2026-05-17 11:56:13,723 INFO toNotifyTaskSize = 0

2026-05-17 11:56:13,723 INFO toClientNotifyTaskSize = 0

2026-05-17 11:56:23,724 INFO [long-pulling] client count 0

2026-05-17 11:56:23,724 INFO toNotifyTaskSize = 0

2026-05-17 11:56:23,724 INFO toClientNotifyTaskSize = 0

2026-05-17 11:56:23,724 INFO groupCount = 1, subscriberClientCount = 0, subscriberCount = 0

2026-05-17 11:56:33,738 INFO [long-pulling] client count 0

2026-05-17 11:56:33,738 INFO toNotifyTaskSize = 0

2026-05-17 11:56:33,738 INFO toClientNotifyTaskSize = 0

2026-05-17 11:56:33,738 INFO groupCount = 1, subscriberClientCount = 0, subscriberCount = 0

2026-05-17 11:56:43,745 INFO [long-pulling] client count 0

2026-05-17 11:56:43,745 INFO toNotifyTaskSize = 0

2026-05-17 11:56:43,745 INFO toClientNotifyTaskSize = 0

2026-05-17 11:56:43,745 INFO groupCount = 1, subscriberClientCount = 0, subscriberCount = 0

2026-05-17 11:56:53,760 INFO [long-pulling] client count 0

2026-05-17 11:56:53,760 INFO groupCount = 1, subscriberClientCount = 0, subscriberCount = 0

2026-05-17 11:56:53,760 INFO toNotifyTaskSize = 0

2026-05-17 11:56:53,761 INFO toClientNotifyTaskSize = 0

2026-05-17 11:57:03,770 INFO [long-pulling] client count 0

2026-05-17 11:57:03,770 INFO groupCount = 1, subscriberClientCount = 0, subscriberCount = 0

2026-05-17 11:57:03,770 INFO toNotifyTaskSize = 0

2026-05-17 11:57:03,770 INFO toClientNotifyTaskSize = 0

2026-05-17 11:57:13,780 INFO [long-pulling] client count 0

2026-05-17 11:57:13,780 INFO toNotifyTaskSize = 0

2026-05-17 11:57:13,780 INFO toClientNotifyTaskSize = 0

2026-05-17 11:57:13,780 INFO groupCount = 1, subscriberClientCount = 0, subscriberCount = 0

2026-05-17 11:57:23,790 INFO [long-pulling] client count 0

2026-05-17 11:57:23,790 INFO groupCount = 1, subscriberClientCount = 0, subscriberCount = 0

2026-05-17 11:57:23,790 INFO toNotifyTaskSize = 0

2026-05-17 11:57:23,791 INFO toClientNotifyTaskSize = 0

2026-05-17 11:57:33,803 INFO [long-pulling] client count 0

2026-05-17 11:57:33,803 INFO toNotifyTaskSize = 0

2026-05-17 11:57:33,803 INFO toClientNotifyTaskSize = 0

2026-05-17 11:57:33,803 INFO groupCount = 1, subscriberClientCount = 0, subscriberCount = 0

2026-05-17 11:57:43,812 INFO [long-pulling] client count 0

2026-05-17 11:57:43,812 INFO groupCount = 1, subscriberClientCount = 0, subscriberCount = 0

2026-05-17 11:57:43,812 INFO toNotifyTaskSize = 0

2026-05-17 11:57:43,812 INFO toClientNotifyTaskSize = 0

2026-05-17 11:57:53,824 INFO [long-pulling] client count 0

2026-05-17 11:57:53,824 INFO toNotifyTaskSize = 0

2026-05-17 11:57:53,825 INFO toClientNotifyTaskSize = 0

2026-05-17 11:57:53,824 INFO groupCount = 1, subscriberClientCount = 0, subscriberCount = 0

2026-05-17 11:58:03,837 INFO [long-pulling] client count 0

2026-05-17 11:58:03,837 INFO toNotifyTaskSize = 0

2026-05-17 11:58:03,837 INFO toClientNotifyTaskSize = 0

2026-05-17 11:58:03,837 INFO groupCount = 1, subscriberClientCount = 0, subscriberCount = 0

2026-05-17 11:58:13,848 INFO toNotifyTaskSize = 0

2026-05-17 11:58:13,848 INFO groupCount = 1, subscriberClientCount = 0, subscriberCount = 0

2026-05-17 11:58:13,848 INFO [long-pulling] client count 0

2026-05-17 11:58:13,848 INFO toClientNotifyTaskSize = 0

2026-05-17 11:58:23,862 INFO groupCount = 1, subscriberClientCount = 0, subscriberCount = 0

2026-05-17 11:58:23,862 INFO toNotifyTaskSize = 0

2026-05-17 11:58:23,862 INFO toClientNotifyTaskSize = 0

2026-05-17 11:58:23,862 INFO [long-pulling] client count 0

2026-05-17 11:58:33,877 INFO groupCount = 1, subscriberClientCount = 0, subscriberCount = 0

2026-05-17 11:58:33,877 INFO toNotifyTaskSize = 0

2026-05-17 11:58:33,877 INFO toClientNotifyTaskSize = 0

2026-05-17 11:58:33,877 INFO [long-pulling] client count 0

2026-05-17 11:58:43,887 INFO [long-pulling] client count 0

2026-05-17 11:58:43,887 INFO groupCount = 1, subscriberClientCount = 0, subscriberCount = 0

2026-05-17 11:58:43,887 INFO toNotifyTaskSize = 0

2026-05-17 11:58:43,888 INFO toClientNotifyTaskSize = 0

2026-05-17 11:58:53,897 INFO [long-pulling] client count 0

2026-05-17 11:58:53,897 INFO groupCount = 1, subscriberClientCount = 0, subscriberCount = 0

2026-05-17 11:58:53,897 INFO toNotifyTaskSize = 0

2026-05-17 11:58:53,898 INFO toClientNotifyTaskSize = 0

2026-05-17 11:59:03,908 INFO [long-pulling] client count 0

2026-05-17 11:59:03,908 INFO groupCount = 1, subscriberClientCount = 0, subscriberCount = 0

2026-05-17 11:59:03,908 INFO toNotifyTaskSize = 0

2026-05-17 11:59:03,909 INFO toClientNotifyTaskSize = 0

2026-05-17 11:59:13,910 INFO [long-pulling] client count 0

2026-05-17 11:59:13,910 INFO toNotifyTaskSize = 0

2026-05-17 11:59:13,910 INFO toClientNotifyTaskSize = 0

2026-05-17 11:59:13,910 INFO groupCount = 1, subscriberClientCount = 0, subscriberCount = 0

2026-05-17 11:59:23,922 INFO [long-pulling] client count 0

2026-05-17 11:59:23,922 INFO groupCount = 1, subscriberClientCount = 0, subscriberCount = 0

2026-05-17 11:59:23,922 INFO toNotifyTaskSize = 0

2026-05-17 11:59:23,922 INFO toClientNotifyTaskSize = 0

2026-05-17 11:59:33,924 INFO [long-pulling] client count 0

2026-05-17 11:59:33,924 INFO groupCount = 1, subscriberClientCount = 0, subscriberCount = 0

2026-05-17 11:59:33,924 INFO toNotifyTaskSize = 0

2026-05-17 11:59:33,924 INFO toClientNotifyTaskSize = 0

2026-05-17 11:59:43,935 INFO groupCount = 1, subscriberClientCount = 0, subscriberCount = 0

2026-05-17 11:59:43,935 INFO [long-pulling] client count 0

2026-05-17 11:59:43,935 INFO toNotifyTaskSize = 0

2026-05-17 11:59:43,936 INFO toClientNotifyTaskSize = 0

2026-05-17 11:59:53,938 INFO groupCount = 1, subscriberClientCount = 0, subscriberCount = 0

2026-05-17 11:59:53,938 INFO [long-pulling] client count 0

2026-05-17 11:59:53,938 INFO toNotifyTaskSize = 0

2026-05-17 11:59:53,939 INFO toClientNotifyTaskSize = 0

2026-05-17 12:00:03,941 INFO [long-pulling] client count 0

2026-05-17 12:00:03,941 INFO groupCount = 1, subscriberClientCount = 0, subscriberCount = 0

2026-05-17 12:00:03,941 INFO toNotifyTaskSize = 0

2026-05-17 12:00:03,942 INFO toClientNotifyTaskSize = 0

2026-05-17 12:00:13,943 INFO [long-pulling] client count 0

2026-05-17 12:00:13,943 INFO toNotifyTaskSize = 0

2026-05-17 12:00:13,943 INFO toClientNotifyTaskSize = 0

2026-05-17 12:00:13,943 INFO groupCount = 1, subscriberClientCount = 0, subscriberCount = 0

2026-05-17 12:00:23,957 INFO [long-pulling] client count 0

2026-05-17 12:00:23,957 INFO groupCount = 1, subscriberClientCount = 0, subscriberCount = 0

2026-05-17 12:00:23,957 INFO toNotifyTaskSize = 0

2026-05-17 12:00:23,958 INFO toClientNotifyTaskSize = 0

2026-05-17 12:00:33,966 INFO [long-pulling] client count 0

2026-05-17 12:00:33,966 INFO toNotifyTaskSize = 0

2026-05-17 12:00:33,966 INFO toClientNotifyTaskSize = 0

2026-05-17 12:00:33,966 INFO groupCount = 1, subscriberClientCount = 0, subscriberCount = 0

2026-05-17 12:00:43,969 INFO [long-pulling] client count 0

2026-05-17 12:00:43,969 INFO groupCount = 1, subscriberClientCount = 0, subscriberCount = 0

2026-05-17 12:00:43,969 INFO toNotifyTaskSize = 0

2026-05-17 12:00:43,970 INFO toClientNotifyTaskSize = 0

2026-05-17 12:00:53,983 INFO [long-pulling] client count 0

2026-05-17 12:00:53,983 INFO toNotifyTaskSize = 0

2026-05-17 12:00:53,983 INFO toClientNotifyTaskSize = 0

2026-05-17 12:00:53,983 INFO groupCount = 1, subscriberClientCount = 0, subscriberCount = 0

2026-05-17 12:01:03,986 INFO [long-pulling] client count 0

2026-05-17 12:01:03,986 INFO groupCount = 1, subscriberClientCount = 0, subscriberCount = 0

2026-05-17 12:01:03,986 INFO toNotifyTaskSize = 0

2026-05-17 12:01:03,987 INFO toClientNotifyTaskSize = 0

2026-05-17 12:01:13,989 INFO [long-pulling] client count 0

2026-05-17 12:01:13,989 INFO toNotifyTaskSize = 0

2026-05-17 12:01:13,989 INFO toClientNotifyTaskSize = 0

2026-05-17 12:01:13,989 INFO groupCount = 1, subscriberClientCount = 0, subscriberCount = 0

2026-05-17 12:01:23,998 INFO [long-pulling] client count 0

2026-05-17 12:01:23,998 INFO groupCount = 1, subscriberClientCount = 0, subscriberCount = 0

2026-05-17 12:01:23,998 INFO toNotifyTaskSize = 0

2026-05-17 12:01:23,998 INFO toClientNotifyTaskSize = 0

2026-05-17 12:01:34,011 INFO groupCount = 1, subscriberClientCount = 0, subscriberCount = 0

2026-05-17 12:01:34,011 INFO [long-pulling] client count 0

2026-05-17 12:01:34,011 INFO toNotifyTaskSize = 0

2026-05-17 12:01:34,012 INFO toClientNotifyTaskSize = 0

2026-05-17 12:01:44,014 INFO [long-pulling] client count 0

2026-05-17 12:01:44,014 INFO groupCount = 1, subscriberClientCount = 0, subscriberCount = 0

2026-05-17 12:01:44,014 INFO toNotifyTaskSize = 0

2026-05-17 12:01:44,014 INFO toClientNotifyTaskSize = 0

2026-05-17 12:01:54,028 INFO [long-pulling] client count 0

2026-05-17 12:01:54,028 INFO groupCount = 1, subscriberClientCount = 0, subscriberCount = 0

2026-05-17 12:01:54,028 INFO toNotifyTaskSize = 0

2026-05-17 12:01:54,029 INFO toClientNotifyTaskSize = 0

2026-05-17 12:02:04,039 INFO [long-pulling] client count 0

2026-05-17 12:02:04,039 INFO groupCount = 1, subscriberClientCount = 0, subscriberCount = 0

2026-05-17 12:02:04,039 INFO toNotifyTaskSize = 0

2026-05-17 12:02:04,040 INFO toClientNotifyTaskSize = 0

2026-05-17 12:02:14,049 INFO [long-pulling] client count 0

2026-05-17 12:02:14,049 INFO groupCount = 1, subscriberClientCount = 0, subscriberCount = 0

2026-05-17 12:02:14,049 INFO toNotifyTaskSize = 0

2026-05-17 12:02:14,050 INFO toClientNotifyTaskSize = 0

2026-05-17 12:02:24,052 INFO [long-pulling] client count 0

2026-05-17 12:02:24,052 INFO toNotifyTaskSize = 0

2026-05-17 12:02:24,052 INFO toClientNotifyTaskSize = 0

2026-05-17 12:02:24,052 INFO groupCount = 1, subscriberClientCount = 0, subscriberCount = 0

2026-05-17 12:02:34,065 INFO [long-pulling] client count 0

2026-05-17 12:02:34,065 INFO groupCount = 1, subscriberClientCount = 0, subscriberCount = 0

2026-05-17 12:02:34,065 INFO toNotifyTaskSize = 0

2026-05-17 12:02:34,065 INFO toClientNotifyTaskSize = 0

2026-05-17 12:02:44,065 INFO [long-pulling] client count 0

2026-05-17 12:02:44,065 INFO groupCount = 1, subscriberClientCount = 0, subscriberCount = 0

2026-05-17 12:02:44,066 INFO toNotifyTaskSize = 0

2026-05-17 12:02:44,066 INFO toClientNotifyTaskSize = 0

2026-05-17 12:02:54,079 INFO [long-pulling] client count 0

2026-05-17 12:02:54,079 INFO toNotifyTaskSize = 0

2026-05-17 12:02:54,079 INFO toClientNotifyTaskSize = 0

2026-05-17 12:02:54,079 INFO groupCount = 1, subscriberClientCount = 0, subscriberCount = 0

2026-05-17 12:03:04,092 INFO [long-pulling] client count 0

2026-05-17 12:03:04,092 INFO groupCount = 1, subscriberClientCount = 0, subscriberCount = 0

2026-05-17 12:03:04,092 INFO toNotifyTaskSize = 0

2026-05-17 12:03:04,093 INFO toClientNotifyTaskSize = 0

2026-05-17 12:03:14,105 INFO [long-pulling] client count 0

2026-05-17 12:03:14,105 INFO toNotifyTaskSize = 0

2026-05-17 12:03:14,105 INFO toClientNotifyTaskSize = 0

2026-05-17 12:03:14,105 INFO groupCount = 1, subscriberClientCount = 0, subscriberCount = 0

2026-05-17 12:03:24,118 INFO [long-pulling] client count 0

2026-05-17 12:03:24,118 INFO toNotifyTaskSize = 0

2026-05-17 12:03:24,118 INFO groupCount = 1, subscriberClientCount = 0, subscriberCount = 0

2026-05-17 12:03:24,118 INFO toClientNotifyTaskSize = 0

2026-05-17 12:03:34,119 INFO [long-pulling] client count 0

2026-05-17 12:03:34,119 INFO groupCount = 1, subscriberClientCount = 0, subscriberCount = 0

2026-05-17 12:03:34,119 INFO toNotifyTaskSize = 0

2026-05-17 12:03:34,119 INFO toClientNotifyTaskSize = 0

2026-05-17 12:03:44,126 INFO [long-pulling] client count 0

2026-05-17 12:03:44,126 INFO groupCount = 1, subscriberClientCount = 0, subscriberCount = 0

2026-05-17 12:03:44,126 INFO toNotifyTaskSize = 0

2026-05-17 12:03:44,127 INFO toClientNotifyTaskSize = 0

2026-05-17 12:03:54,141 INFO [long-pulling] client count 0

2026-05-17 12:03:54,141 INFO toNotifyTaskSize = 0

2026-05-17 12:03:54,141 INFO toClientNotifyTaskSize = 0

2026-05-17 12:03:54,141 INFO groupCount = 1, subscriberClientCount = 0, subscriberCount = 0

2026-05-17 12:04:04,142 INFO [long-pulling] client count 0

2026-05-17 12:04:04,142 INFO groupCount = 1, subscriberClientCount = 0, subscriberCount = 0

2026-05-17 12:04:04,142 INFO toNotifyTaskSize = 0

2026-05-17 12:04:04,142 INFO toClientNotifyTaskSize = 0

2026-05-17 12:04:14,154 INFO [long-pulling] client count 0

2026-05-17 12:04:14,154 INFO toNotifyTaskSize = 0

2026-05-17 12:04:14,154 INFO toClientNotifyTaskSize = 0

2026-05-17 12:04:14,154 INFO groupCount = 1, subscriberClientCount = 0, subscriberCount = 0

2026-05-17 12:04:24,167 INFO [long-pulling] client count 0

2026-05-17 12:04:24,167 INFO groupCount = 1, subscriberClientCount = 0, subscriberCount = 0

2026-05-17 12:04:24,167 INFO toNotifyTaskSize = 0

2026-05-17 12:04:24,167 INFO toClientNotifyTaskSize = 0

2026-05-17 12:04:34,175 INFO [long-pulling] client count 0

2026-05-17 12:04:34,175 INFO toNotifyTaskSize = 0

2026-05-17 12:04:34,175 INFO groupCount = 1, subscriberClientCount = 0, subscriberCount = 0

2026-05-17 12:04:34,175 INFO toClientNotifyTaskSize = 0

2026-05-17 12:04:44,176 INFO [long-pulling] client count 0

2026-05-17 12:04:44,176 INFO toNotifyTaskSize = 0

2026-05-17 12:04:44,176 INFO toClientNotifyTaskSize = 0

2026-05-17 12:04:44,176 INFO groupCount = 1, subscriberClientCount = 0, subscriberCount = 0

2026-05-17 12:04:54,176 INFO [long-pulling] client count 0

2026-05-17 12:04:54,176 INFO toNotifyTaskSize = 0

2026-05-17 12:04:54,177 INFO toClientNotifyTaskSize = 0

2026-05-17 12:04:54,177 INFO groupCount = 1, subscriberClientCount = 0, subscriberCount = 0

2026-05-17 12:05:04,186 INFO [long-pulling] client count 0

2026-05-17 12:05:04,186 INFO groupCount = 1, subscriberClientCount = 0, subscriberCount = 0

2026-05-17 12:05:04,186 INFO toNotifyTaskSize = 0

2026-05-17 12:05:04,187 INFO toClientNotifyTaskSize = 0

2026-05-17 12:05:14,192 INFO [long-pulling] client count 0

2026-05-17 12:05:14,192 INFO groupCount = 1, subscriberClientCount = 0, subscriberCount = 0

2026-05-17 12:05:14,192 INFO toNotifyTaskSize = 0

2026-05-17 12:05:14,192 INFO toClientNotifyTaskSize = 0

2026-05-17 12:05:24,206 INFO [long-pulling] client count 0

2026-05-17 12:05:24,206 INFO toNotifyTaskSize = 0

2026-05-17 12:05:24,206 INFO toClientNotifyTaskSize = 0

2026-05-17 12:05:24,206 INFO groupCount = 1, subscriberClientCount = 0, subscriberCount = 0

2026-05-17 12:05:34,216 INFO [long-pulling] client count 0

2026-05-17 12:05:34,216 INFO groupCount = 1, subscriberClientCount = 0, subscriberCount = 0

2026-05-17 12:05:34,216 INFO toNotifyTaskSize = 0

2026-05-17 12:05:34,216 INFO toClientNotifyTaskSize = 0

2026-05-17 12:05:44,218 INFO [long-pulling] client count 0

2026-05-17 12:05:44,218 INFO toNotifyTaskSize = 0

2026-05-17 12:05:44,218 INFO toClientNotifyTaskSize = 0

2026-05-17 12:05:44,218 INFO groupCount = 1, subscriberClientCount = 0, subscriberCount = 0

2026-05-17 12:05:54,228 INFO [long-pulling] client count 0

2026-05-17 12:05:54,228 INFO toNotifyTaskSize = 0

2026-05-17 12:05:54,228 INFO toClientNotifyTaskSize = 0

2026-05-17 12:05:54,228 INFO groupCount = 1, subscriberClientCount = 0, subscriberCount = 0

2026-05-17 12:06:04,235 INFO [long-pulling] client count 0

2026-05-17 12:06:04,235 INFO groupCount = 1, subscriberClientCount = 0, subscriberCount = 0

2026-05-17 12:06:04,235 INFO toNotifyTaskSize = 0

2026-05-17 12:06:04,235 INFO toClientNotifyTaskSize = 0

2026-05-17 12:06:14,247 INFO [long-pulling] client count 0

2026-05-17 12:06:14,247 INFO toNotifyTaskSize = 0

2026-05-17 12:06:14,247 INFO toClientNotifyTaskSize = 0

2026-05-17 12:06:14,247 INFO groupCount = 1, subscriberClientCount = 0, subscriberCount = 0

2026-05-17 12:06:24,254 INFO [long-pulling] client count 0

2026-05-17 12:06:24,254 INFO groupCount = 1, subscriberClientCount = 0, subscriberCount = 0

2026-05-17 12:06:24,254 INFO toNotifyTaskSize = 0

2026-05-17 12:06:24,255 INFO toClientNotifyTaskSize = 0

2026-05-17 12:06:34,269 INFO [long-pulling] client count 0

2026-05-17 12:06:34,269 INFO toNotifyTaskSize = 0

2026-05-17 12:06:34,269 INFO toClientNotifyTaskSize = 0

2026-05-17 12:06:34,269 INFO groupCount = 1, subscriberClientCount = 0, subscriberCount = 0

2026-05-17 12:06:44,270 INFO [long-pulling] client count 0

2026-05-17 12:06:44,270 INFO groupCount = 1, subscriberClientCount = 0, subscriberCount = 0

2026-05-17 12:06:44,270 INFO toNotifyTaskSize = 0

2026-05-17 12:06:44,270 INFO toClientNotifyTaskSize = 0

2026-05-17 12:06:54,285 INFO [long-pulling] client count 0

2026-05-17 12:06:54,285 INFO toNotifyTaskSize = 0

2026-05-17 12:06:54,285 INFO toClientNotifyTaskSize = 0

2026-05-17 12:06:54,285 INFO groupCount = 1, subscriberClientCount = 0, subscriberCount = 0

2026-05-17 12:07:04,287 INFO [long-pulling] client count 0

2026-05-17 12:07:04,287 INFO groupCount = 1, subscriberClientCount = 0, subscriberCount = 0

2026-05-17 12:07:04,287 INFO toNotifyTaskSize = 0

2026-05-17 12:07:04,288 INFO toClientNotifyTaskSize = 0

2026-05-17 12:07:14,300 INFO [long-pulling] client count 0

2026-05-17 12:07:14,300 INFO toNotifyTaskSize = 0

2026-05-17 12:07:14,300 INFO toClientNotifyTaskSize = 0

2026-05-17 12:07:14,300 INFO groupCount = 1, subscriberClientCount = 0, subscriberCount = 0

2026-05-17 12:07:24,307 INFO [long-pulling] client count 0

2026-05-17 12:07:24,307 INFO groupCount = 1, subscriberClientCount = 0, subscriberCount = 0

2026-05-17 12:07:24,307 INFO toNotifyTaskSize = 0

2026-05-17 12:07:24,308 INFO toClientNotifyTaskSize = 0

2026-05-17 12:07:34,324 INFO [long-pulling] client count 0

2026-05-17 12:07:34,324 INFO toNotifyTaskSize = 0

2026-05-17 12:07:34,324 INFO toClientNotifyTaskSize = 0

2026-05-17 12:07:34,324 INFO groupCount = 1, subscriberClientCount = 0, subscriberCount = 0

2026-05-17 12:07:44,331 INFO [long-pulling] client count 0

2026-05-17 12:07:44,331 INFO groupCount = 1, subscriberClientCount = 0, subscriberCount = 0

2026-05-17 12:07:44,331 INFO toNotifyTaskSize = 0

2026-05-17 12:07:44,333 INFO toClientNotifyTaskSize = 0

2026-05-17 12:07:54,336 INFO [long-pulling] client count 0

2026-05-17 12:07:54,336 INFO groupCount = 1, subscriberClientCount = 0, subscriberCount = 0

2026-05-17 12:07:54,336 INFO toNotifyTaskSize = 0

2026-05-17 12:07:54,336 INFO toClientNotifyTaskSize = 0

2026-05-17 12:08:04,344 INFO [long-pulling] client count 0

2026-05-17 12:08:04,344 INFO toNotifyTaskSize = 0

2026-05-17 12:08:04,344 INFO groupCount = 1, subscriberClientCount = 0, subscriberCount = 0

2026-05-17 12:08:04,345 INFO toClientNotifyTaskSize = 0

2026-05-17 12:08:14,354 INFO [long-pulling] client count 0

2026-05-17 12:08:14,354 INFO toNotifyTaskSize = 0

2026-05-17 12:08:14,354 INFO toClientNotifyTaskSize = 0

2026-05-17 12:08:14,354 INFO groupCount = 1, subscriberClientCount = 0, subscriberCount = 0

2026-05-17 12:08:24,370 INFO [long-pulling] client count 0

2026-05-17 12:08:24,370 INFO groupCount = 1, subscriberClientCount = 0, subscriberCount = 0

2026-05-17 12:08:24,370 INFO toNotifyTaskSize = 0

2026-05-17 12:08:24,370 INFO toClientNotifyTaskSize = 0

2026-05-17 12:08:34,385 INFO [long-pulling] client count 0

2026-05-17 12:08:34,385 INFO groupCount = 1, subscriberClientCount = 0, subscriberCount = 0

2026-05-17 12:08:34,385 INFO toNotifyTaskSize = 0

2026-05-17 12:08:34,385 INFO toClientNotifyTaskSize = 0

2026-05-17 12:08:44,394 INFO [long-pulling] client count 0

2026-05-17 12:08:44,394 INFO toNotifyTaskSize = 0

2026-05-17 12:08:44,394 INFO toClientNotifyTaskSize = 0

2026-05-17 12:08:44,394 INFO groupCount = 1, subscriberClientCount = 0, subscriberCount = 0

2026-05-17 12:08:54,405 INFO [long-pulling] client count 0

2026-05-17 12:08:54,405 INFO toNotifyTaskSize = 0

2026-05-17 12:08:54,405 INFO toClientNotifyTaskSize = 0

2026-05-17 12:08:54,405 INFO groupCount = 1, subscriberClientCount = 0, subscriberCount = 0

2026-05-17 12:09:04,412 INFO [long-pulling] client count 0

2026-05-17 12:09:04,412 INFO groupCount = 1, subscriberClientCount = 0, subscriberCount = 0

2026-05-17 12:09:04,412 INFO toNotifyTaskSize = 0

2026-05-17 12:09:04,413 INFO toClientNotifyTaskSize = 0

2026-05-17 12:09:14,419 INFO [long-pulling] client count 0

2026-05-17 12:09:14,419 INFO toNotifyTaskSize = 0

2026-05-17 12:09:14,419 INFO toClientNotifyTaskSize = 0

2026-05-17 12:09:14,419 INFO groupCount = 1, subscriberClientCount = 0, subscriberCount = 0

2026-05-17 12:09:24,435 INFO [long-pulling] client count 0

2026-05-17 12:09:24,435 INFO groupCount = 1, subscriberClientCount = 0, subscriberCount = 0

2026-05-17 12:09:24,435 INFO toNotifyTaskSize = 0

2026-05-17 12:09:24,436 INFO toClientNotifyTaskSize = 0

2026-05-17 12:09:34,448 INFO [long-pulling] client count 0

2026-05-17 12:09:34,448 INFO toNotifyTaskSize = 0

2026-05-17 12:09:34,448 INFO toClientNotifyTaskSize = 0

2026-05-17 12:09:34,448 INFO groupCount = 1, subscriberClientCount = 0, subscriberCount = 0

2026-05-17 12:09:44,452 INFO [long-pulling] client count 0

2026-05-17 12:09:44,452 INFO groupCount = 1, subscriberClientCount = 0, subscriberCount = 0

2026-05-17 12:09:44,452 INFO toNotifyTaskSize = 0

2026-05-17 12:09:44,453 INFO toClientNotifyTaskSize = 0

2026-05-17 12:09:54,456 INFO [long-pulling] client count 0

2026-05-17 12:09:54,456 INFO toNotifyTaskSize = 0

2026-05-17 12:09:54,456 INFO toClientNotifyTaskSize = 0

2026-05-17 12:09:54,456 INFO groupCount = 1, subscriberClientCount = 0, subscriberCount = 0

2026-05-17 12:10:04,459 INFO [long-pulling] client count 0

2026-05-17 12:10:04,459 INFO toNotifyTaskSize = 0

2026-05-17 12:10:04,459 INFO groupCount = 1, subscriberClientCount = 0, subscriberCount = 0

2026-05-17 12:10:04,460 INFO toClientNotifyTaskSize = 0

2026-05-17 12:10:14,464 INFO [long-pulling] client count 0

2026-05-17 12:10:14,464 INFO toNotifyTaskSize = 0

2026-05-17 12:10:14,464 INFO toClientNotifyTaskSize = 0

2026-05-17 12:10:14,464 INFO groupCount = 1, subscriberClientCount = 0, subscriberCount = 0

2026-05-17 12:10:24,470 INFO [long-pulling] client count 0

2026-05-17 12:10:24,470 INFO toNotifyTaskSize = 0

2026-05-17 12:10:24,470 INFO toClientNotifyTaskSize = 0

2026-05-17 12:10:24,470 INFO groupCount = 1, subscriberClientCount = 0, subscriberCount = 0

2026-05-17 12:10:34,473 INFO [long-pulling] client count 0

2026-05-17 12:10:34,473 INFO groupCount = 1, subscriberClientCount = 0, subscriberCount = 0

2026-05-17 12:10:34,473 INFO toNotifyTaskSize = 0

2026-05-17 12:10:34,474 INFO toClientNotifyTaskSize = 0

2026-05-17 12:10:44,484 INFO [long-pulling] client count 0

2026-05-17 12:10:44,484 INFO toNotifyTaskSize = 0

2026-05-17 12:10:44,484 INFO toClientNotifyTaskSize = 0

2026-05-17 12:10:44,484 INFO groupCount = 1, subscriberClientCount = 0, subscriberCount = 0

2026-05-17 12:10:54,488 INFO [long-pulling] client count 0

2026-05-17 12:10:54,488 INFO toNotifyTaskSize = 0

2026-05-17 12:10:54,488 INFO toClientNotifyTaskSize = 0

2026-05-17 12:10:54,488 INFO groupCount = 1, subscriberClientCount = 0, subscriberCount = 0

2026-05-17 12:11:04,503 INFO [long-pulling] client count 0

2026-05-17 12:11:04,503 INFO toNotifyTaskSize = 0

2026-05-17 12:11:04,504 INFO toClientNotifyTaskSize = 0

2026-05-17 12:11:04,504 INFO groupCount = 1, subscriberClientCount = 0, subscriberCount = 0

2026-05-17 12:11:14,505 INFO [long-pulling] client count 0

2026-05-17 12:11:14,505 INFO toNotifyTaskSize = 0

2026-05-17 12:11:14,505 INFO toClientNotifyTaskSize = 0

2026-05-17 12:11:14,505 INFO groupCount = 1, subscriberClientCount = 0, subscriberCount = 0

2026-05-17 12:11:24,510 INFO [long-pulling] client count 0

2026-05-17 12:11:24,510 INFO groupCount = 1, subscriberClientCount = 0, subscriberCount = 0

2026-05-17 12:11:24,510 INFO toNotifyTaskSize = 0

2026-05-17 12:11:24,510 INFO toClientNotifyTaskSize = 0

2026-05-17 12:11:34,514 INFO [long-pulling] client count 0

2026-05-17 12:11:34,514 INFO toNotifyTaskSize = 0

2026-05-17 12:11:34,514 INFO toClientNotifyTaskSize = 0

2026-05-17 12:11:34,514 INFO groupCount = 1, subscriberClientCount = 0, subscriberCount = 0

2026-05-17 12:11:44,526 INFO [long-pulling] client count 0

2026-05-17 12:11:44,526 INFO groupCount = 1, subscriberClientCount = 0, subscriberCount = 0

2026-05-17 12:11:44,526 INFO toNotifyTaskSize = 0

2026-05-17 12:11:44,526 INFO toClientNotifyTaskSize = 0

2026-05-17 12:11:54,540 INFO [long-pulling] client count 0

2026-05-17 12:11:54,540 INFO toNotifyTaskSize = 0

2026-05-17 12:11:54,540 INFO toClientNotifyTaskSize = 0

2026-05-17 12:11:54,540 INFO groupCount = 1, subscriberClientCount = 0, subscriberCount = 0

2026-05-17 12:12:04,551 INFO [long-pulling] client count 0

2026-05-17 12:12:04,551 INFO groupCount = 1, subscriberClientCount = 0, subscriberCount = 0

2026-05-17 12:12:04,551 INFO toNotifyTaskSize = 0

2026-05-17 12:12:04,552 INFO toClientNotifyTaskSize = 0

2026-05-17 12:12:14,565 INFO [long-pulling] client count 0

2026-05-17 12:12:14,565 INFO toNotifyTaskSize = 0

2026-05-17 12:12:14,566 INFO toClientNotifyTaskSize = 0

2026-05-17 12:12:14,565 INFO groupCount = 1, subscriberClientCount = 0, subscriberCount = 0

2026-05-17 12:12:24,566 INFO [long-pulling] client count 0

2026-05-17 12:12:24,582 INFO toNotifyTaskSize = 0

2026-05-17 12:12:24,582 INFO groupCount = 1, subscriberClientCount = 0, subscriberCount = 0

2026-05-17 12:12:24,582 INFO toClientNotifyTaskSize = 0

2026-05-17 12:12:34,575 INFO [long-pulling] client count 0

2026-05-17 12:12:34,591 INFO groupCount = 1, subscriberClientCount = 0, subscriberCount = 0

2026-05-17 12:12:34,591 INFO toNotifyTaskSize = 0

2026-05-17 12:12:34,591 INFO toClientNotifyTaskSize = 0

2026-05-17 12:12:44,579 INFO [long-pulling] client count 0

2026-05-17 12:12:44,595 INFO groupCount = 1, subscriberClientCount = 0, subscriberCount = 0

2026-05-17 12:12:44,595 INFO toNotifyTaskSize = 0

2026-05-17 12:12:44,595 INFO toClientNotifyTaskSize = 0

2026-05-17 12:12:54,591 INFO [long-pulling] client count 0

2026-05-17 12:12:54,607 INFO toNotifyTaskSize = 0

2026-05-17 12:12:54,607 INFO groupCount = 1, subscriberClientCount = 0, subscriberCount = 0

2026-05-17 12:12:54,608 INFO toClientNotifyTaskSize = 0

2026-05-17 12:13:04,598 INFO [long-pulling] client count 0

2026-05-17 12:13:04,614 INFO groupCount = 1, subscriberClientCount = 0, subscriberCount = 0

2026-05-17 12:13:04,614 INFO toNotifyTaskSize = 0

2026-05-17 12:13:04,614 INFO toClientNotifyTaskSize = 0

2026-05-17 12:13:14,613 INFO [long-pulling] client count 0

2026-05-17 12:13:14,629 INFO groupCount = 1, subscriberClientCount = 0, subscriberCount = 0

2026-05-17 12:13:14,629 INFO toNotifyTaskSize = 0

2026-05-17 12:13:14,630 INFO toClientNotifyTaskSize = 0

2026-05-17 12:13:24,627 INFO [long-pulling] client count 0

2026-05-17 12:13:24,644 INFO toNotifyTaskSize = 0

2026-05-17 12:13:24,644 INFO groupCount = 1, subscriberClientCount = 0, subscriberCount = 0

2026-05-17 12:13:24,644 INFO toClientNotifyTaskSize = 0

2026-05-17 12:13:34,638 INFO [long-pulling] client count 0

2026-05-17 12:13:34,654 INFO toNotifyTaskSize = 0

2026-05-17 12:13:34,654 INFO groupCount = 1, subscriberClientCount = 0, subscriberCount = 0

2026-05-17 12:13:34,654 INFO toClientNotifyTaskSize = 0

2026-05-17 12:13:44,651 INFO [long-pulling] client count 0

2026-05-17 12:13:44,668 INFO groupCount = 1, subscriberClientCount = 0, subscriberCount = 0

2026-05-17 12:13:44,668 INFO toNotifyTaskSize = 0

2026-05-17 12:13:44,668 INFO toClientNotifyTaskSize = 0

2026-05-17 12:13:54,660 INFO [long-pulling] client count 0

2026-05-17 12:13:54,676 INFO groupCount = 1, subscriberClientCount = 0, subscriberCount = 0

2026-05-17 12:13:54,676 INFO toNotifyTaskSize = 0

2026-05-17 12:13:54,677 INFO toClientNotifyTaskSize = 0

2026-05-17 12:14:04,674 INFO [long-pulling] client count 0

2026-05-17 12:14:04,690 INFO toNotifyTaskSize = 0

2026-05-17 12:14:04,690 INFO toClientNotifyTaskSize = 0

2026-05-17 12:14:04,690 INFO groupCount = 1, subscriberClientCount = 0, subscriberCount = 0

2026-05-17 12:14:14,690 INFO [long-pulling] client count 0

2026-05-17 12:14:14,706 INFO toNotifyTaskSize = 0

2026-05-17 12:14:14,706 INFO toClientNotifyTaskSize = 0

2026-05-17 12:14:14,706 INFO groupCount = 1, subscriberClientCount = 0, subscriberCount = 0

2026-05-17 12:14:24,703 INFO [long-pulling] client count 0

2026-05-17 12:14:24,720 INFO toNotifyTaskSize = 0

2026-05-17 12:14:24,720 INFO groupCount = 1, subscriberClientCount = 0, subscriberCount = 0

2026-05-17 12:14:24,721 INFO toClientNotifyTaskSize = 0

2026-05-17 12:14:34,705 INFO [long-pulling] client count 0

2026-05-17 12:14:34,722 INFO groupCount = 1, subscriberClientCount = 0, subscriberCount = 0

2026-05-17 12:14:34,722 INFO toNotifyTaskSize = 0

2026-05-17 12:14:34,723 INFO toClientNotifyTaskSize = 0

2026-05-17 12:14:44,709 INFO [long-pulling] client count 0

2026-05-17 12:14:44,725 INFO toNotifyTaskSize = 0

2026-05-17 12:14:44,725 INFO groupCount = 1, subscriberClientCount = 0, subscriberCount = 0

2026-05-17 12:14:44,726 INFO toClientNotifyTaskSize = 0

2026-05-17 12:14:54,715 INFO [long-pulling] client count 0

2026-05-17 12:14:54,730 INFO toNotifyTaskSize = 0

2026-05-17 12:14:54,730 INFO groupCount = 1, subscriberClientCount = 0, subscriberCount = 0

2026-05-17 12:14:54,731 INFO toClientNotifyTaskSize = 0

2026-05-17 12:15:04,722 INFO [long-pulling] client count 0

2026-05-17 12:15:04,738 INFO groupCount = 1, subscriberClientCount = 0, subscriberCount = 0

2026-05-17 12:15:04,738 INFO toNotifyTaskSize = 0

2026-05-17 12:15:04,738 INFO toClientNotifyTaskSize = 0

2026-05-17 12:15:14,732 INFO [long-pulling] client count 0

2026-05-17 12:15:14,748 INFO toNotifyTaskSize = 0

2026-05-17 12:15:14,748 INFO toClientNotifyTaskSize = 0

2026-05-17 12:15:14,748 INFO groupCount = 1, subscriberClientCount = 0, subscriberCount = 0

2026-05-17 12:15:24,733 INFO [long-pulling] client count 0

2026-05-17 12:15:24,749 INFO toNotifyTaskSize = 0

2026-05-17 12:15:24,749 INFO groupCount = 1, subscriberClientCount = 0, subscriberCount = 0

2026-05-17 12:15:24,750 INFO toClientNotifyTaskSize = 0

2026-05-17 12:15:34,748 INFO [long-pulling] client count 0

2026-05-17 12:15:34,764 INFO groupCount = 1, subscriberClientCount = 0, subscriberCount = 0

2026-05-17 12:15:34,764 INFO toNotifyTaskSize = 0

2026-05-17 12:15:34,765 INFO toClientNotifyTaskSize = 0

2026-05-17 12:15:44,751 INFO [long-pulling] client count 0

2026-05-17 12:15:44,767 INFO groupCount = 1, subscriberClientCount = 0, subscriberCount = 0

2026-05-17 12:15:44,767 INFO toNotifyTaskSize = 0

2026-05-17 12:15:44,768 INFO toClientNotifyTaskSize = 0

2026-05-17 12:15:54,759 INFO [long-pulling] client count 0

2026-05-17 12:15:54,775 INFO toNotifyTaskSize = 0

2026-05-17 12:15:54,775 INFO toClientNotifyTaskSize = 0

2026-05-17 12:15:54,775 INFO groupCount = 1, subscriberClientCount = 0, subscriberCount = 0

2026-05-17 12:16:04,768 INFO [long-pulling] client count 0

2026-05-17 12:16:04,784 INFO groupCount = 1, subscriberClientCount = 0, subscriberCount = 0

2026-05-17 12:16:04,784 INFO toNotifyTaskSize = 0

2026-05-17 12:16:04,785 INFO toClientNotifyTaskSize = 0

2026-05-17 12:16:14,770 INFO [long-pulling] client count 0

2026-05-17 12:16:14,786 INFO toNotifyTaskSize = 0

2026-05-17 12:16:14,786 INFO groupCount = 1, subscriberClientCount = 0, subscriberCount = 0

2026-05-17 12:16:14,787 INFO toClientNotifyTaskSize = 0

2026-05-17 12:16:24,782 INFO [long-pulling] client count 0

2026-05-17 12:16:24,798 INFO groupCount = 1, subscriberClientCount = 0, subscriberCount = 0

2026-05-17 12:16:24,798 INFO toNotifyTaskSize = 0

2026-05-17 12:16:24,799 INFO toClientNotifyTaskSize = 0

2026-05-17 12:16:34,787 INFO [long-pulling] client count 0

2026-05-17 12:16:34,804 INFO groupCount = 1, subscriberClientCount = 0, subscriberCount = 0

2026-05-17 12:16:34,804 INFO toNotifyTaskSize = 0

2026-05-17 12:16:34,805 INFO toClientNotifyTaskSize = 0

2026-05-17 12:16:44,801 INFO [long-pulling] client count 0

2026-05-17 12:16:44,817 INFO groupCount = 1, subscriberClientCount = 0, subscriberCount = 0

2026-05-17 12:16:44,817 INFO toNotifyTaskSize = 0

2026-05-17 12:16:44,817 INFO toClientNotifyTaskSize = 0

2026-05-17 12:16:54,818 INFO [long-pulling] client count 0

2026-05-17 12:16:54,818 INFO toNotifyTaskSize = 0

2026-05-17 12:16:54,818 INFO toClientNotifyTaskSize = 0

2026-05-17 12:16:54,818 INFO groupCount = 1, subscriberClientCount = 0, subscriberCount = 0

2026-05-17 12:17:04,822 INFO [long-pulling] client count 0

2026-05-17 12:17:04,822 INFO groupCount = 1, subscriberClientCount = 0, subscriberCount = 0

2026-05-17 12:17:04,822 INFO toNotifyTaskSize = 0

2026-05-17 12:17:04,822 INFO toClientNotifyTaskSize = 0

2026-05-17 12:17:14,831 INFO [long-pulling] client count 0

2026-05-17 12:17:14,831 INFO toNotifyTaskSize = 0

2026-05-17 12:17:14,831 INFO toClientNotifyTaskSize = 0

2026-05-17 12:17:14,831 INFO groupCount = 1, subscriberClientCount = 0, subscriberCount = 0

2026-05-17 12:17:24,846 INFO [long-pulling] client count 0

2026-05-17 12:17:24,847 INFO toNotifyTaskSize = 0

2026-05-17 12:17:24,847 INFO toClientNotifyTaskSize = 0

2026-05-17 12:17:24,846 INFO groupCount = 1, subscriberClientCount = 0, subscriberCount = 0

2026-05-17 12:17:34,858 INFO [long-pulling] client count 0

2026-05-17 12:17:34,858 INFO groupCount = 1, subscriberClientCount = 0, subscriberCount = 0

2026-05-17 12:17:34,858 INFO toNotifyTaskSize = 0

2026-05-17 12:17:34,859 INFO toClientNotifyTaskSize = 0

2026-05-17 12:17:44,874 INFO [long-pulling] client count 0

2026-05-17 12:17:44,874 INFO toNotifyTaskSize = 0

2026-05-17 12:17:44,874 INFO toClientNotifyTaskSize = 0

2026-05-17 12:17:44,874 INFO groupCount = 1, subscriberClientCount = 0, subscriberCount = 0

2026-05-17 12:17:54,878 INFO [long-pulling] client count 0

2026-05-17 12:17:54,878 INFO groupCount = 1, subscriberClientCount = 0, subscriberCount = 0

2026-05-17 12:17:54,878 INFO toNotifyTaskSize = 0

2026-05-17 12:17:54,879 INFO toClientNotifyTaskSize = 0

2026-05-17 12:18:04,884 INFO [long-pulling] client count 0

2026-05-17 12:18:04,884 INFO toNotifyTaskSize = 0

2026-05-17 12:18:04,885 INFO toClientNotifyTaskSize = 0

2026-05-17 12:18:04,884 INFO groupCount = 1, subscriberClientCount = 0, subscriberCount = 0

2026-05-17 12:18:14,893 INFO [long-pulling] client count 0

2026-05-17 12:18:14,893 INFO groupCount = 1, subscriberClientCount = 0, subscriberCount = 0

2026-05-17 12:18:14,893 INFO toNotifyTaskSize = 0

2026-05-17 12:18:14,894 INFO toClientNotifyTaskSize = 0

2026-05-17 12:18:24,899 INFO [long-pulling] client count 0

2026-05-17 12:18:24,899 INFO toNotifyTaskSize = 0

2026-05-17 12:18:24,899 INFO toClientNotifyTaskSize = 0

2026-05-17 12:18:24,899 INFO groupCount = 1, subscriberClientCount = 0, subscriberCount = 0

2026-05-17 12:18:34,911 INFO [long-pulling] client count 0

2026-05-17 12:18:34,911 INFO groupCount = 1, subscriberClientCount = 0, subscriberCount = 0

2026-05-17 12:18:34,911 INFO toNotifyTaskSize = 0

2026-05-17 12:18:34,912 INFO toClientNotifyTaskSize = 0

2026-05-17 12:18:44,916 INFO [long-pulling] client count 0

2026-05-17 12:18:44,916 INFO groupCount = 1, subscriberClientCount = 0, subscriberCount = 0

2026-05-17 12:18:44,916 INFO toNotifyTaskSize = 0

2026-05-17 12:18:44,917 INFO toClientNotifyTaskSize = 0

2026-05-17 12:18:54,919 INFO [long-pulling] client count 0

2026-05-17 12:18:54,919 INFO groupCount = 1, subscriberClientCount = 0, subscriberCount = 0

2026-05-17 12:18:54,919 INFO toNotifyTaskSize = 0

2026-05-17 12:18:54,920 INFO toClientNotifyTaskSize = 0

2026-05-17 12:19:04,932 INFO [long-pulling] client count 0

2026-05-17 12:19:04,932 INFO groupCount = 1, subscriberClientCount = 0, subscriberCount = 0

2026-05-17 12:19:04,932 INFO toNotifyTaskSize = 0

2026-05-17 12:19:04,933 INFO toClientNotifyTaskSize = 0

2026-05-17 12:19:14,934 INFO [long-pulling] client count 0

2026-05-17 12:19:14,934 INFO toNotifyTaskSize = 0

2026-05-17 12:19:14,934 INFO toClientNotifyTaskSize = 0

2026-05-17 12:19:14,934 INFO groupCount = 1, subscriberClientCount = 0, subscriberCount = 0

2026-05-17 12:19:24,947 INFO [long-pulling] client count 0

2026-05-17 12:19:24,947 INFO groupCount = 1, subscriberClientCount = 0, subscriberCount = 0

2026-05-17 12:19:24,947 INFO toNotifyTaskSize = 0

2026-05-17 12:19:24,948 INFO toClientNotifyTaskSize = 0

2026-05-17 12:19:34,950 INFO [long-pulling] client count 0

2026-05-17 12:19:34,950 INFO toNotifyTaskSize = 0

2026-05-17 12:19:34,950 INFO toClientNotifyTaskSize = 0

2026-05-17 12:19:34,950 INFO groupCount = 1, subscriberClientCount = 0, subscriberCount = 0

2026-05-17 12:19:44,963 INFO [long-pulling] client count 0

2026-05-17 12:19:44,963 INFO groupCount = 1, subscriberClientCount = 0, subscriberCount = 0

2026-05-17 12:19:44,963 INFO toNotifyTaskSize = 0

2026-05-17 12:19:44,963 INFO toClientNotifyTaskSize = 0

2026-05-17 12:19:54,976 INFO [long-pulling] client count 0

2026-05-17 12:19:54,976 INFO groupCount = 1, subscriberClientCount = 0, subscriberCount = 0

2026-05-17 12:19:54,976 INFO toNotifyTaskSize = 0

2026-05-17 12:19:54,992 INFO toClientNotifyTaskSize = 0

2026-05-17 12:20:05,004 INFO [long-pulling] client count 0

2026-05-17 12:20:05,004 INFO groupCount = 1, subscriberClientCount = 0, subscriberCount = 0

2026-05-17 12:20:05,004 INFO toNotifyTaskSize = 0

2026-05-17 12:20:05,005 INFO toClientNotifyTaskSize = 0

2026-05-17 12:20:15,016 INFO [long-pulling] client count 0

2026-05-17 12:20:15,016 INFO toNotifyTaskSize = 0

2026-05-17 12:20:15,016 INFO groupCount = 1, subscriberClientCount = 0, subscriberCount = 0

2026-05-17 12:20:15,022 INFO toClientNotifyTaskSize = 0

2026-05-17 12:20:25,036 INFO [long-pulling] client count 0

2026-05-17 12:20:25,036 INFO toNotifyTaskSize = 0

2026-05-17 12:20:25,036 INFO toClientNotifyTaskSize = 0

2026-05-17 12:20:25,036 INFO groupCount = 1, subscriberClientCount = 0, subscriberCount = 0

2026-05-17 12:20:35,047 INFO [long-pulling] client count 0

2026-05-17 12:20:35,047 INFO groupCount = 1, subscriberClientCount = 0, subscriberCount = 0

2026-05-17 12:20:35,047 INFO toNotifyTaskSize = 0

2026-05-17 12:20:35,047 INFO toClientNotifyTaskSize = 0

2026-05-17 12:20:45,049 INFO [long-pulling] client count 0

2026-05-17 12:20:45,049 INFO toNotifyTaskSize = 0

2026-05-17 12:20:45,049 INFO toClientNotifyTaskSize = 0

2026-05-17 12:20:45,049 INFO groupCount = 1, subscriberClientCount = 0, subscriberCount = 0

2026-05-17 12:20:55,062 INFO [long-pulling] client count 0

2026-05-17 12:20:55,062 INFO groupCount = 1, subscriberClientCount = 0, subscriberCount = 0

2026-05-17 12:20:55,062 INFO toNotifyTaskSize = 0

2026-05-17 12:20:55,063 INFO toClientNotifyTaskSize = 0

2026-05-17 12:21:05,064 INFO [long-pulling] client count 0

2026-05-17 12:21:05,064 INFO groupCount = 1, subscriberClientCount = 0, subscriberCount = 0

2026-05-17 12:21:05,064 INFO toNotifyTaskSize = 0

2026-05-17 12:21:05,065 INFO toClientNotifyTaskSize = 0

2026-05-17 12:21:15,068 INFO [long-pulling] client count 0

2026-05-17 12:21:15,068 INFO toNotifyTaskSize = 0

2026-05-17 12:21:15,068 INFO toClientNotifyTaskSize = 0

2026-05-17 12:21:15,068 INFO groupCount = 1, subscriberClientCount = 0, subscriberCount = 0

2026-05-17 12:21:25,074 INFO [long-pulling] client count 0

2026-05-17 12:21:25,074 INFO groupCount = 1, subscriberClientCount = 0, subscriberCount = 0

2026-05-17 12:21:25,074 INFO toNotifyTaskSize = 0

2026-05-17 12:21:25,075 INFO toClientNotifyTaskSize = 0

2026-05-17 12:21:35,082 INFO [long-pulling] client count 0

2026-05-17 12:21:35,082 INFO toNotifyTaskSize = 0

2026-05-17 12:21:35,082 INFO groupCount = 1, subscriberClientCount = 0, subscriberCount = 0

2026-05-17 12:21:35,083 INFO toClientNotifyTaskSize = 0

2026-05-17 12:21:45,096 INFO [long-pulling] client count 0

2026-05-17 12:21:45,096 INFO toNotifyTaskSize = 0

2026-05-17 12:21:45,096 INFO toClientNotifyTaskSize = 0

2026-05-17 12:21:45,096 INFO groupCount = 1, subscriberClientCount = 0, subscriberCount = 0

2026-05-17 12:21:55,104 INFO [long-pulling] client count 0

2026-05-17 12:21:55,104 INFO toNotifyTaskSize = 0

2026-05-17 12:21:55,104 INFO toClientNotifyTaskSize = 0

2026-05-17 12:21:55,104 INFO groupCount = 1, subscriberClientCount = 0, subscriberCount = 0

2026-05-17 12:22:05,109 INFO [long-pulling] client count 0

2026-05-17 12:22:05,109 INFO groupCount = 1, subscriberClientCount = 0, subscriberCount = 0

2026-05-17 12:22:05,109 INFO toNotifyTaskSize = 0

2026-05-17 12:22:05,110 INFO toClientNotifyTaskSize = 0

2026-05-17 12:22:15,121 INFO [long-pulling] client count 0

2026-05-17 12:22:15,121 INFO toNotifyTaskSize = 0

2026-05-17 12:22:15,121 INFO toClientNotifyTaskSize = 0

2026-05-17 12:22:15,121 INFO groupCount = 1, subscriberClientCount = 0, subscriberCount = 0

2026-05-17 12:22:25,125 INFO [long-pulling] client count 0

2026-05-17 12:22:25,125 INFO groupCount = 1, subscriberClientCount = 0, subscriberCount = 0

2026-05-17 12:22:25,125 INFO toNotifyTaskSize = 0

2026-05-17 12:22:25,126 INFO toClientNotifyTaskSize = 0

2026-05-17 12:22:35,127 INFO [long-pulling] client count 0

2026-05-17 12:22:35,127 INFO toNotifyTaskSize = 0

2026-05-17 12:22:35,127 INFO toClientNotifyTaskSize = 0

2026-05-17 12:22:35,127 INFO groupCount = 1, subscriberClientCount = 0, subscriberCount = 0

2026-05-17 12:22:45,128 INFO [long-pulling] client count 0

2026-05-17 12:22:45,128 INFO groupCount = 1, subscriberClientCount = 0, subscriberCount = 0

2026-05-17 12:22:45,128 INFO toNotifyTaskSize = 0

2026-05-17 12:22:45,129 INFO toClientNotifyTaskSize = 0

2026-05-17 12:22:55,131 INFO [long-pulling] client count 0

2026-05-17 12:22:55,131 INFO toNotifyTaskSize = 0

2026-05-17 12:22:55,131 INFO groupCount = 1, subscriberClientCount = 0, subscriberCount = 0

2026-05-17 12:22:55,133 INFO toClientNotifyTaskSize = 0

2026-05-17 12:23:05,145 INFO [long-pulling] client count 0

2026-05-17 12:23:05,145 INFO toNotifyTaskSize = 0

2026-05-17 12:23:05,145 INFO toClientNotifyTaskSize = 0

2026-05-17 12:23:05,145 INFO groupCount = 1, subscriberClientCount = 0, subscriberCount = 0

2026-05-17 12:23:15,162 INFO [long-pulling] client count 0

2026-05-17 12:23:15,162 INFO groupCount = 1, subscriberClientCount = 0, subscriberCount = 0

2026-05-17 12:23:15,162 INFO toNotifyTaskSize = 0

2026-05-17 12:23:15,162 INFO toClientNotifyTaskSize = 0

2026-05-17 12:23:25,167 INFO [long-pulling] client count 0

2026-05-17 12:23:25,167 INFO groupCount = 1, subscriberClientCount = 0, subscriberCount = 0

2026-05-17 12:23:25,167 INFO toNotifyTaskSize = 0

2026-05-17 12:23:25,168 INFO toClientNotifyTaskSize = 0

2026-05-17 12:23:35,179 INFO [long-pulling] client count 0

2026-05-17 12:23:35,179 INFO toNotifyTaskSize = 0

2026-05-17 12:23:35,179 INFO toClientNotifyTaskSize = 0

2026-05-17 12:23:35,179 INFO groupCount = 1, subscriberClientCount = 0, subscriberCount = 0

2026-05-17 12:23:45,192 INFO [long-pulling] client count 0

2026-05-17 12:23:45,192 INFO groupCount = 1, subscriberClientCount = 0, subscriberCount = 0

2026-05-17 12:23:45,192 INFO toNotifyTaskSize = 0

2026-05-17 12:23:45,193 INFO toClientNotifyTaskSize = 0

2026-05-17 12:23:55,208 INFO [long-pulling] client count 0

2026-05-17 12:23:55,208 INFO toNotifyTaskSize = 0

2026-05-17 12:23:55,208 INFO toClientNotifyTaskSize = 0

2026-05-17 12:23:55,208 INFO groupCount = 1, subscriberClientCount = 0, subscriberCount = 0

2026-05-17 12:24:05,217 INFO [long-pulling] client count 0

2026-05-17 12:24:05,217 INFO toNotifyTaskSize = 0

2026-05-17 12:24:05,217 INFO toClientNotifyTaskSize = 0

2026-05-17 12:24:05,217 INFO groupCount = 1, subscriberClientCount = 0, subscriberCount = 0

2026-05-17 12:24:15,228 INFO toNotifyTaskSize = 0

2026-05-17 12:24:15,228 INFO groupCount = 1, subscriberClientCount = 0, subscriberCount = 0

2026-05-17 12:24:15,228 INFO [long-pulling] client count 0

2026-05-17 12:24:15,228 INFO toClientNotifyTaskSize = 0

2026-05-17 12:24:25,236 INFO [long-pulling] client count 0

2026-05-17 12:24:25,236 INFO toNotifyTaskSize = 0

2026-05-17 12:24:25,237 INFO toClientNotifyTaskSize = 0

2026-05-17 12:24:25,236 INFO groupCount = 1, subscriberClientCount = 0, subscriberCount = 0

2026-05-17 12:24:35,253 INFO [long-pulling] client count 0

2026-05-17 12:24:35,253 INFO toNotifyTaskSize = 0

2026-05-17 12:24:35,254 INFO toClientNotifyTaskSize = 0

2026-05-17 12:24:35,253 INFO groupCount = 1, subscriberClientCount = 0, subscriberCount = 0

2026-05-17 12:24:45,257 INFO [long-pulling] client count 0

2026-05-17 12:24:45,257 INFO toNotifyTaskSize = 0

2026-05-17 12:24:45,257 INFO toClientNotifyTaskSize = 0

2026-05-17 12:24:45,257 INFO groupCount = 1, subscriberClientCount = 0, subscriberCount = 0

2026-05-17 12:24:55,271 INFO [long-pulling] client count 0

2026-05-17 12:24:55,271 INFO toNotifyTaskSize = 0

2026-05-17 12:24:55,271 INFO toClientNotifyTaskSize = 0

2026-05-17 12:24:55,271 INFO groupCount = 1, subscriberClientCount = 0, subscriberCount = 0

2026-05-17 12:25:05,274 INFO [long-pulling] client count 0

2026-05-17 12:25:05,274 INFO groupCount = 1, subscriberClientCount = 0, subscriberCount = 0

2026-05-17 12:25:05,274 INFO toNotifyTaskSize = 0

2026-05-17 12:25:05,275 INFO toClientNotifyTaskSize = 0

2026-05-17 12:25:15,277 INFO [long-pulling] client count 0

2026-05-17 12:25:15,277 INFO toNotifyTaskSize = 0

2026-05-17 12:25:15,277 INFO toClientNotifyTaskSize = 0

2026-05-17 12:25:15,277 INFO groupCount = 1, subscriberClientCount = 0, subscriberCount = 0

2026-05-17 12:25:25,282 INFO [long-pulling] client count 0

2026-05-17 12:25:25,282 INFO toNotifyTaskSize = 0

2026-05-17 12:25:25,282 INFO toClientNotifyTaskSize = 0

2026-05-17 12:25:25,282 INFO groupCount = 1, subscriberClientCount = 0, subscriberCount = 0

2026-05-17 12:25:35,297 INFO [long-pulling] client count 0

2026-05-17 12:25:35,297 INFO groupCount = 1, subscriberClientCount = 0, subscriberCount = 0

2026-05-17 12:25:35,297 INFO toNotifyTaskSize = 0

2026-05-17 12:25:35,298 INFO toClientNotifyTaskSize = 0

2026-05-17 12:25:45,313 INFO [long-pulling] client count 0

2026-05-17 12:25:45,313 INFO toNotifyTaskSize = 0

2026-05-17 12:25:45,313 INFO toClientNotifyTaskSize = 0

2026-05-17 12:25:45,313 INFO groupCount = 1, subscriberClientCount = 0, subscriberCount = 0

2026-05-17 12:25:55,327 INFO [long-pulling] client count 0

2026-05-17 12:25:55,327 INFO toNotifyTaskSize = 0

2026-05-17 12:25:55,327 INFO toClientNotifyTaskSize = 0

2026-05-17 12:25:55,327 INFO groupCount = 1, subscriberClientCount = 0, subscriberCount = 0

2026-05-17 12:26:05,333 INFO [long-pulling] client count 0

2026-05-17 12:26:05,333 INFO groupCount = 1, subscriberClientCount = 0, subscriberCount = 0

2026-05-17 12:26:05,333 INFO toNotifyTaskSize = 0

2026-05-17 12:26:05,334 INFO toClientNotifyTaskSize = 0

2026-05-17 12:26:15,334 INFO [long-pulling] client count 0

2026-05-17 12:26:15,334 INFO groupCount = 1, subscriberClientCount = 0, subscriberCount = 0

2026-05-17 12:26:15,334 INFO toNotifyTaskSize = 0

2026-05-17 12:26:15,335 INFO toClientNotifyTaskSize = 0

2026-05-17 12:26:25,340 INFO [long-pulling] client count 0

2026-05-17 12:26:25,340 INFO groupCount = 1, subscriberClientCount = 0, subscriberCount = 0

2026-05-17 12:26:25,340 INFO toNotifyTaskSize = 0

2026-05-17 12:26:25,341 INFO toClientNotifyTaskSize = 0

2026-05-17 12:26:35,350 INFO [long-pulling] client count 0

2026-05-17 12:26:35,350 INFO groupCount = 1, subscriberClientCount = 0, subscriberCount = 0

2026-05-17 12:26:35,350 INFO toNotifyTaskSize = 0

2026-05-17 12:26:35,350 INFO toClientNotifyTaskSize = 0

2026-05-17 12:26:45,359 INFO [long-pulling] client count 0

2026-05-17 12:26:45,359 INFO toNotifyTaskSize = 0

2026-05-17 12:26:45,359 INFO toClientNotifyTaskSize = 0

2026-05-17 12:26:45,359 INFO groupCount = 1, subscriberClientCount = 0, subscriberCount = 0

2026-05-17 12:26:55,368 INFO [long-pulling] client count 0

2026-05-17 12:26:55,368 INFO groupCount = 1, subscriberClientCount = 0, subscriberCount = 0

2026-05-17 12:26:55,368 INFO toNotifyTaskSize = 0

2026-05-17 12:26:55,369 INFO toClientNotifyTaskSize = 0

2026-05-17 12:27:05,382 INFO [long-pulling] client count 0

2026-05-17 12:27:05,382 INFO groupCount = 1, subscriberClientCount = 0, subscriberCount = 0

2026-05-17 12:27:05,382 INFO toNotifyTaskSize = 0

2026-05-17 12:27:05,383 INFO toClientNotifyTaskSize = 0

2026-05-17 12:27:15,398 INFO [long-pulling] client count 0

2026-05-17 12:27:15,398 INFO toNotifyTaskSize = 0

2026-05-17 12:27:15,398 INFO toClientNotifyTaskSize = 0

2026-05-17 12:27:15,398 INFO groupCount = 1, subscriberClientCount = 0, subscriberCount = 0

2026-05-17 12:27:25,414 INFO [long-pulling] client count 0

2026-05-17 12:27:25,414 INFO groupCount = 1, subscriberClientCount = 0, subscriberCount = 0

2026-05-17 12:27:25,414 INFO toNotifyTaskSize = 0

2026-05-17 12:27:25,415 INFO toClientNotifyTaskSize = 0

2026-05-17 12:27:35,419 INFO [long-pulling] client count 0

2026-05-17 12:27:35,419 INFO toNotifyTaskSize = 0

2026-05-17 12:27:35,419 INFO toClientNotifyTaskSize = 0

2026-05-17 12:27:35,419 INFO groupCount = 1, subscriberClientCount = 0, subscriberCount = 0

2026-05-17 12:27:45,425 INFO [long-pulling] client count 0

2026-05-17 12:27:45,425 INFO groupCount = 1, subscriberClientCount = 0, subscriberCount = 0

2026-05-17 12:27:45,425 INFO toNotifyTaskSize = 0

2026-05-17 12:27:45,426 INFO toClientNotifyTaskSize = 0

2026-05-17 12:27:55,429 INFO [long-pulling] client count 0

2026-05-17 12:27:55,429 INFO toNotifyTaskSize = 0

2026-05-17 12:27:55,429 INFO toClientNotifyTaskSize = 0

2026-05-17 12:27:55,429 INFO groupCount = 1, subscriberClientCount = 0, subscriberCount = 0

2026-05-17 12:28:05,439 INFO [long-pulling] client count 0

2026-05-17 12:28:05,439 INFO toNotifyTaskSize = 0

2026-05-17 12:28:05,439 INFO toClientNotifyTaskSize = 0

2026-05-17 12:28:05,439 INFO groupCount = 1, subscriberClientCount = 0, subscriberCount = 0

2026-05-17 12:28:15,442 INFO [long-pulling] client count 0

2026-05-17 12:28:15,442 INFO toNotifyTaskSize = 0

2026-05-17 12:28:15,442 INFO toClientNotifyTaskSize = 0

2026-05-17 12:28:15,442 INFO groupCount = 1, subscriberClientCount = 0, subscriberCount = 0

2026-05-17 12:28:25,459 INFO [long-pulling] client count 0

2026-05-17 12:28:25,459 INFO groupCount = 1, subscriberClientCount = 0, subscriberCount = 0

2026-05-17 12:28:25,459 INFO toNotifyTaskSize = 0

2026-05-17 12:28:25,460 INFO toClientNotifyTaskSize = 0

2026-05-17 12:28:35,468 INFO [long-pulling] client count 0

2026-05-17 12:28:35,468 INFO toNotifyTaskSize = 0

2026-05-17 12:28:35,468 INFO toClientNotifyTaskSize = 0

2026-05-17 12:28:35,468 INFO groupCount = 1, subscriberClientCount = 0, subscriberCount = 0

2026-05-17 12:28:45,475 INFO [long-pulling] client count 0

2026-05-17 12:28:45,475 INFO toNotifyTaskSize = 0

2026-05-17 12:28:45,475 INFO toClientNotifyTaskSize = 0

2026-05-17 12:28:45,475 INFO groupCount = 1, subscriberClientCount = 0, subscriberCount = 0

2026-05-17 12:28:55,484 INFO [long-pulling] client count 0

2026-05-17 12:28:55,484 INFO toNotifyTaskSize = 0

2026-05-17 12:28:55,484 INFO toClientNotifyTaskSize = 0

2026-05-17 12:28:55,484 INFO groupCount = 1, subscriberClientCount = 0, subscriberCount = 0

2026-05-17 12:29:05,487 INFO [long-pulling] client count 0

2026-05-17 12:29:05,487 INFO groupCount = 1, subscriberClientCount = 0, subscriberCount = 0

2026-05-17 12:29:05,487 INFO toNotifyTaskSize = 0

2026-05-17 12:29:05,488 INFO toClientNotifyTaskSize = 0

2026-05-17 12:29:15,499 INFO [long-pulling] client count 0

2026-05-17 12:29:15,499 INFO groupCount = 1, subscriberClientCount = 0, subscriberCount = 0

2026-05-17 12:29:15,499 INFO toNotifyTaskSize = 0

2026-05-17 12:29:15,499 INFO toClientNotifyTaskSize = 0

2026-05-17 12:29:25,509 INFO [long-pulling] client count 0

2026-05-17 12:29:25,509 INFO toNotifyTaskSize = 0

2026-05-17 12:29:25,509 INFO toClientNotifyTaskSize = 0

2026-05-17 12:29:25,509 INFO groupCount = 1, subscriberClientCount = 0, subscriberCount = 0

2026-05-17 12:29:35,518 INFO [long-pulling] client count 0

2026-05-17 12:29:35,518 INFO toNotifyTaskSize = 0

2026-05-17 12:29:35,518 INFO toClientNotifyTaskSize = 0

2026-05-17 12:29:35,518 INFO groupCount = 1, subscriberClientCount = 0, subscriberCount = 0

2026-05-17 12:29:45,534 INFO [long-pulling] client count 0

2026-05-17 12:29:45,534 INFO groupCount = 1, subscriberClientCount = 0, subscriberCount = 0

2026-05-17 12:29:45,534 INFO toNotifyTaskSize = 0

2026-05-17 12:29:45,534 INFO toClientNotifyTaskSize = 0

2026-05-17 12:29:55,541 INFO [long-pulling] client count 0

2026-05-17 12:29:55,541 INFO toNotifyTaskSize = 0

2026-05-17 12:29:55,541 INFO toClientNotifyTaskSize = 0

2026-05-17 12:29:55,541 INFO groupCount = 1, subscriberClientCount = 0, subscriberCount = 0

2026-05-17 12:30:05,551 INFO [long-pulling] client count 0

2026-05-17 12:30:05,551 INFO groupCount = 1, subscriberClientCount = 0, subscriberCount = 0

2026-05-17 12:30:05,551 INFO toNotifyTaskSize = 0

2026-05-17 12:30:05,552 INFO toClientNotifyTaskSize = 0

2026-05-17 12:30:15,552 INFO [long-pulling] client count 0

2026-05-17 12:30:15,552 INFO groupCount = 1, subscriberClientCount = 0, subscriberCount = 0

2026-05-17 12:30:15,552 INFO toNotifyTaskSize = 0

2026-05-17 12:30:15,553 INFO toClientNotifyTaskSize = 0

2026-05-17 12:30:25,564 INFO [long-pulling] client count 0

2026-05-17 12:30:25,564 INFO groupCount = 1, subscriberClientCount = 0, subscriberCount = 0

2026-05-17 12:30:25,564 INFO toNotifyTaskSize = 0

2026-05-17 12:30:25,565 INFO toClientNotifyTaskSize = 0

2026-05-17 12:30:35,579 INFO [long-pulling] client count 0

2026-05-17 12:30:35,579 INFO toNotifyTaskSize = 0

2026-05-17 12:30:35,579 INFO toClientNotifyTaskSize = 0

2026-05-17 12:30:35,579 INFO groupCount = 1, subscriberClientCount = 0, subscriberCount = 0

2026-05-17 12:30:45,584 INFO toNotifyTaskSize = 0

2026-05-17 12:30:45,584 INFO groupCount = 1, subscriberClientCount = 0, subscriberCount = 0

2026-05-17 12:30:45,584 INFO [long-pulling] client count 0

2026-05-17 12:30:45,584 INFO toClientNotifyTaskSize = 0

2026-05-17 12:30:55,597 INFO groupCount = 1, subscriberClientCount = 0, subscriberCount = 0

2026-05-17 12:30:55,597 INFO toNotifyTaskSize = 0

2026-05-17 12:30:55,597 INFO toClientNotifyTaskSize = 0

2026-05-17 12:30:55,597 INFO [long-pulling] client count 0

2026-05-17 12:31:05,602 INFO [long-pulling] client count 0

2026-05-17 12:31:05,602 INFO toNotifyTaskSize = 0

2026-05-17 12:31:05,603 INFO toClientNotifyTaskSize = 0

2026-05-17 12:31:05,602 INFO groupCount = 1, subscriberClientCount = 0, subscriberCount = 0

2026-05-17 12:31:15,607 INFO toNotifyTaskSize = 0

2026-05-17 12:31:15,607 INFO [long-pulling] client count 0

2026-05-17 12:31:15,607 INFO groupCount = 1, subscriberClientCount = 0, subscriberCount = 0

2026-05-17 12:31:15,607 INFO toClientNotifyTaskSize = 0

2026-05-17 12:31:25,621 INFO [long-pulling] client count 0

2026-05-17 12:31:25,621 INFO toNotifyTaskSize = 0

2026-05-17 12:31:25,621 INFO groupCount = 1, subscriberClientCount = 0, subscriberCount = 0

2026-05-17 12:31:25,622 INFO toClientNotifyTaskSize = 0

2026-05-17 12:31:35,628 INFO [long-pulling] client count 0

2026-05-17 12:31:35,628 INFO groupCount = 1, subscriberClientCount = 0, subscriberCount = 0

2026-05-17 12:31:35,628 INFO toNotifyTaskSize = 0

2026-05-17 12:31:35,629 INFO toClientNotifyTaskSize = 0

2026-05-17 12:31:45,638 INFO groupCount = 1, subscriberClientCount = 0, subscriberCount = 0

2026-05-17 12:31:45,638 INFO [long-pulling] client count 0

2026-05-17 12:31:45,638 INFO toNotifyTaskSize = 0

2026-05-17 12:31:45,639 INFO toClientNotifyTaskSize = 0

2026-05-17 12:31:55,654 INFO [long-pulling] client count 0

2026-05-17 12:31:55,654 INFO toNotifyTaskSize = 0

2026-05-17 12:31:55,654 INFO toClientNotifyTaskSize = 0

2026-05-17 12:31:55,654 INFO groupCount = 1, subscriberClientCount = 0, subscriberCount = 0

2026-05-17 12:32:05,667 INFO [long-pulling] client count 0

2026-05-17 12:32:05,667 INFO toNotifyTaskSize = 0

2026-05-17 12:32:05,667 INFO toClientNotifyTaskSize = 0

2026-05-17 12:32:05,667 INFO groupCount = 1, subscriberClientCount = 0, subscriberCount = 0

2026-05-17 12:32:15,672 INFO [long-pulling] client count 0

2026-05-17 12:32:15,672 INFO groupCount = 1, subscriberClientCount = 0, subscriberCount = 0

2026-05-17 12:32:15,672 INFO toNotifyTaskSize = 0

2026-05-17 12:32:15,673 INFO toClientNotifyTaskSize = 0

2026-05-17 12:32:25,683 INFO [long-pulling] client count 0

2026-05-17 12:32:25,683 INFO groupCount = 1, subscriberClientCount = 0, subscriberCount = 0

2026-05-17 12:32:25,683 INFO toNotifyTaskSize = 0

2026-05-17 12:32:25,684 INFO toClientNotifyTaskSize = 0

2026-05-17 12:32:35,695 INFO [long-pulling] client count 0

2026-05-17 12:32:35,695 INFO toNotifyTaskSize = 0

2026-05-17 12:32:35,695 INFO toClientNotifyTaskSize = 0

2026-05-17 12:32:35,695 INFO groupCount = 1, subscriberClientCount = 0, subscriberCount = 0

2026-05-17 12:32:45,698 INFO [long-pulling] client count 0

2026-05-17 12:32:45,698 INFO toNotifyTaskSize = 0

2026-05-17 12:32:45,698 INFO toClientNotifyTaskSize = 0

2026-05-17 12:32:45,698 INFO groupCount = 1, subscriberClientCount = 0, subscriberCount = 0

2026-05-17 12:32:55,706 INFO toNotifyTaskSize = 0

2026-05-17 12:32:55,706 INFO groupCount = 1, subscriberClientCount = 0, subscriberCount = 0

2026-05-17 12:32:55,706 INFO [long-pulling] client count 0

2026-05-17 12:32:55,706 INFO toClientNotifyTaskSize = 0

2026-05-17 12:33:05,710 INFO [long-pulling] client count 0

2026-05-17 12:33:05,710 INFO toNotifyTaskSize = 0

2026-05-17 12:33:05,710 INFO toClientNotifyTaskSize = 0

2026-05-17 12:33:05,710 INFO groupCount = 1, subscriberClientCount = 0, subscriberCount = 0

2026-05-17 12:33:15,721 INFO [long-pulling] client count 0

2026-05-17 12:33:15,721 INFO toNotifyTaskSize = 0

2026-05-17 12:33:15,721 INFO toClientNotifyTaskSize = 0

2026-05-17 12:33:15,721 INFO groupCount = 1, subscriberClientCount = 0, subscriberCount = 0

2026-05-17 12:33:25,723 INFO [long-pulling] client count 0

2026-05-17 12:33:25,723 INFO groupCount = 1, subscriberClientCount = 0, subscriberCount = 0

2026-05-17 12:33:25,723 INFO toNotifyTaskSize = 0

2026-05-17 12:33:25,724 INFO toClientNotifyTaskSize = 0

2026-05-17 12:33:35,726 INFO [long-pulling] client count 0

2026-05-17 12:33:35,726 INFO toNotifyTaskSize = 0

2026-05-17 12:33:35,726 INFO toClientNotifyTaskSize = 0

2026-05-17 12:33:35,726 INFO groupCount = 1, subscriberClientCount = 0, subscriberCount = 0

2026-05-17 12:33:45,737 INFO [long-pulling] client count 0

2026-05-17 12:33:45,737 INFO toNotifyTaskSize = 0

2026-05-17 12:33:45,737 INFO toClientNotifyTaskSize = 0

2026-05-17 12:33:45,737 INFO groupCount = 1, subscriberClientCount = 0, subscriberCount = 0

2026-05-17 12:33:55,752 INFO [long-pulling] client count 0

2026-05-17 12:33:55,752 INFO groupCount = 1, subscriberClientCount = 0, subscriberCount = 0

2026-05-17 12:33:55,752 INFO toNotifyTaskSize = 0

2026-05-17 12:33:55,753 INFO toClientNotifyTaskSize = 0

2026-05-17 12:34:05,758 INFO [long-pulling] client count 0

2026-05-17 12:34:05,758 INFO toNotifyTaskSize = 0

2026-05-17 12:34:05,758 INFO toClientNotifyTaskSize = 0

2026-05-17 12:34:05,758 INFO groupCount = 1, subscriberClientCount = 0, subscriberCount = 0

2026-05-17 12:34:15,769 INFO [long-pulling] client count 0

2026-05-17 12:34:15,769 INFO groupCount = 1, subscriberClientCount = 0, subscriberCount = 0

2026-05-17 12:34:15,769 INFO toNotifyTaskSize = 0

2026-05-17 12:34:15,770 INFO toClientNotifyTaskSize = 0

2026-05-17 12:34:25,776 INFO [long-pulling] client count 0

2026-05-17 12:34:25,776 INFO toNotifyTaskSize = 0

2026-05-17 12:34:25,776 INFO toClientNotifyTaskSize = 0

2026-05-17 12:34:25,776 INFO groupCount = 1, subscriberClientCount = 0, subscriberCount = 0

2026-05-17 12:34:35,784 INFO toNotifyTaskSize = 0

2026-05-17 12:34:35,784 INFO groupCount = 1, subscriberClientCount = 0, subscriberCount = 0

2026-05-17 12:34:35,784 INFO [long-pulling] client count 0

2026-05-17 12:34:35,785 INFO toClientNotifyTaskSize = 0

2026-05-17 12:34:45,794 INFO [long-pulling] client count 0

2026-05-17 12:34:45,794 INFO toNotifyTaskSize = 0

2026-05-17 12:34:45,794 INFO toClientNotifyTaskSize = 0

2026-05-17 12:34:45,794 INFO groupCount = 1, subscriberClientCount = 0, subscriberCount = 0

2026-05-17 12:34:55,807 INFO [long-pulling] client count 0

2026-05-17 12:34:55,807 INFO toNotifyTaskSize = 0

2026-05-17 12:34:55,807 INFO toClientNotifyTaskSize = 0

2026-05-17 12:34:55,807 INFO groupCount = 1, subscriberClientCount = 0, subscriberCount = 0

2026-05-17 12:35:05,812 INFO [long-pulling] client count 0

2026-05-17 12:35:05,812 INFO groupCount = 1, subscriberClientCount = 0, subscriberCount = 0

2026-05-17 12:35:05,812 INFO toNotifyTaskSize = 0

2026-05-17 12:35:05,813 INFO toClientNotifyTaskSize = 0

2026-05-17 12:35:15,823 INFO [long-pulling] client count 0

2026-05-17 12:35:15,823 INFO toNotifyTaskSize = 0

2026-05-17 12:35:15,823 INFO toClientNotifyTaskSize = 0

2026-05-17 12:35:15,823 INFO groupCount = 1, subscriberClientCount = 0, subscriberCount = 0

2026-05-17 12:35:25,836 INFO [long-pulling] client count 0

2026-05-17 12:35:25,836 INFO groupCount = 1, subscriberClientCount = 0, subscriberCount = 0

2026-05-17 12:35:25,836 INFO toNotifyTaskSize = 0

2026-05-17 12:35:25,836 INFO toClientNotifyTaskSize = 0

2026-05-17 12:35:35,841 INFO [long-pulling] client count 0

2026-05-17 12:35:35,841 INFO toNotifyTaskSize = 0

2026-05-17 12:35:35,841 INFO toClientNotifyTaskSize = 0

2026-05-17 12:35:35,841 INFO groupCount = 1, subscriberClientCount = 0, subscriberCount = 0

2026-05-17 12:35:45,847 INFO [long-pulling] client count 0

2026-05-17 12:35:45,847 INFO groupCount = 1, subscriberClientCount = 0, subscriberCount = 0

2026-05-17 12:35:45,847 INFO toNotifyTaskSize = 0

2026-05-17 12:35:45,848 INFO toClientNotifyTaskSize = 0

2026-05-17 12:35:55,856 INFO [long-pulling] client count 0

2026-05-17 12:35:55,856 INFO toNotifyTaskSize = 0

2026-05-17 12:35:55,856 INFO toClientNotifyTaskSize = 0

2026-05-17 12:35:55,856 INFO groupCount = 1, subscriberClientCount = 0, subscriberCount = 0

2026-05-17 12:36:05,864 INFO [long-pulling] client count 0

2026-05-17 12:36:05,864 INFO toNotifyTaskSize = 0

2026-05-17 12:36:05,864 INFO toClientNotifyTaskSize = 0

2026-05-17 12:36:05,864 INFO groupCount = 1, subscriberClientCount = 0, subscriberCount = 0

2026-05-17 12:36:15,870 INFO [long-pulling] client count 0

2026-05-17 12:36:15,870 INFO toNotifyTaskSize = 0

2026-05-17 12:36:15,871 INFO toClientNotifyTaskSize = 0

2026-05-17 12:36:15,870 INFO groupCount = 1, subscriberClientCount = 0, subscriberCount = 0

2026-05-17 12:36:25,874 INFO [long-pulling] client count 0

2026-05-17 12:36:25,874 INFO groupCount = 1, subscriberClientCount = 0, subscriberCount = 0

2026-05-17 12:36:25,874 INFO toNotifyTaskSize = 0

2026-05-17 12:36:25,875 INFO toClientNotifyTaskSize = 0

2026-05-17 12:36:35,884 INFO [long-pulling] client count 0

2026-05-17 12:36:35,884 INFO toNotifyTaskSize = 0

2026-05-17 12:36:35,884 INFO toClientNotifyTaskSize = 0

2026-05-17 12:36:35,884 INFO groupCount = 1, subscriberClientCount = 0, subscriberCount = 0

2026-05-17 12:36:45,889 INFO [long-pulling] client count 0

2026-05-17 12:36:45,889 INFO toNotifyTaskSize = 0

2026-05-17 12:36:45,889 INFO toClientNotifyTaskSize = 0

2026-05-17 12:36:45,889 INFO groupCount = 1, subscriberClientCount = 0, subscriberCount = 0

2026-05-17 12:36:55,897 INFO [long-pulling] client count 0

2026-05-17 12:36:55,897 INFO toNotifyTaskSize = 0

2026-05-17 12:36:55,897 INFO toClientNotifyTaskSize = 0

2026-05-17 12:36:55,897 INFO groupCount = 1, subscriberClientCount = 0, subscriberCount = 0

2026-05-17 12:37:05,902 INFO [long-pulling] client count 0

2026-05-17 12:37:05,902 INFO groupCount = 1, subscriberClientCount = 0, subscriberCount = 0

2026-05-17 12:37:05,902 INFO toNotifyTaskSize = 0

2026-05-17 12:37:05,903 INFO toClientNotifyTaskSize = 0

2026-05-17 12:37:15,916 INFO [long-pulling] client count 0

2026-05-17 12:37:15,916 INFO groupCount = 1, subscriberClientCount = 0, subscriberCount = 0

2026-05-17 12:37:15,916 INFO toNotifyTaskSize = 0

2026-05-17 12:37:15,917 INFO toClientNotifyTaskSize = 0

2026-05-17 12:37:25,920 INFO [long-pulling] client count 0

2026-05-17 12:37:25,920 INFO groupCount = 1, subscriberClientCount = 0, subscriberCount = 0

2026-05-17 12:37:25,920 INFO toNotifyTaskSize = 0

2026-05-17 12:37:25,921 INFO toClientNotifyTaskSize = 0

2026-05-17 12:37:35,935 INFO [long-pulling] client count 0

2026-05-17 12:37:35,935 INFO toNotifyTaskSize = 0

2026-05-17 12:37:35,935 INFO toClientNotifyTaskSize = 0

2026-05-17 12:37:35,935 INFO groupCount = 1, subscriberClientCount = 0, subscriberCount = 0

2026-05-17 12:37:45,940 INFO [long-pulling] client count 0

2026-05-17 12:37:45,940 INFO groupCount = 1, subscriberClientCount = 0, subscriberCount = 0

2026-05-17 12:37:45,940 INFO toNotifyTaskSize = 0

2026-05-17 12:37:45,941 INFO toClientNotifyTaskSize = 0

2026-05-17 12:37:55,952 INFO [long-pulling] client count 0

2026-05-17 12:37:55,952 INFO groupCount = 1, subscriberClientCount = 0, subscriberCount = 0

2026-05-17 12:37:55,952 INFO toNotifyTaskSize = 0

2026-05-17 12:37:55,954 INFO toClientNotifyTaskSize = 0

2026-05-17 12:38:05,966 INFO [long-pulling] client count 0

2026-05-17 12:38:05,966 INFO toNotifyTaskSize = 0

2026-05-17 12:38:05,967 INFO toClientNotifyTaskSize = 0

2026-05-17 12:38:05,966 INFO groupCount = 1, subscriberClientCount = 0, subscriberCount = 0

2026-05-17 12:38:15,967 INFO [long-pulling] client count 0

2026-05-17 12:38:15,967 INFO groupCount = 1, subscriberClientCount = 0, subscriberCount = 0

2026-05-17 12:38:15,967 INFO toNotifyTaskSize = 0

2026-05-17 12:38:15,968 INFO toClientNotifyTaskSize = 0

2026-05-17 12:38:25,976 INFO [long-pulling] client count 0

2026-05-17 12:38:25,976 INFO toNotifyTaskSize = 0

2026-05-17 12:38:25,976 INFO toClientNotifyTaskSize = 0

2026-05-17 12:38:25,976 INFO groupCount = 1, subscriberClientCount = 0, subscriberCount = 0

2026-05-17 12:38:35,977 INFO [long-pulling] client count 0

2026-05-17 12:38:35,977 INFO toNotifyTaskSize = 0

2026-05-17 12:38:35,977 INFO toClientNotifyTaskSize = 0

2026-05-17 12:38:35,977 INFO groupCount = 1, subscriberClientCount = 0, subscriberCount = 0

2026-05-17 12:38:45,983 INFO toNotifyTaskSize = 0

2026-05-17 12:38:45,983 INFO groupCount = 1, subscriberClientCount = 0, subscriberCount = 0

2026-05-17 12:38:45,983 INFO [long-pulling] client count 0

2026-05-17 12:38:45,983 INFO toClientNotifyTaskSize = 0

2026-05-17 12:38:55,990 INFO [long-pulling] client count 0

2026-05-17 12:38:55,990 INFO groupCount = 1, subscriberClientCount = 0, subscriberCount = 0

2026-05-17 12:38:55,990 INFO toNotifyTaskSize = 0

2026-05-17 12:38:55,991 INFO toClientNotifyTaskSize = 0

2026-05-17 12:39:05,996 INFO groupCount = 1, subscriberClientCount = 0, subscriberCount = 0

2026-05-17 12:39:05,996 INFO toNotifyTaskSize = 0

2026-05-17 12:39:05,996 INFO toClientNotifyTaskSize = 0

2026-05-17 12:39:05,996 INFO [long-pulling] client count 0

2026-05-17 12:39:16,001 INFO [long-pulling] client count 0

2026-05-17 12:39:16,001 INFO toNotifyTaskSize = 0

2026-05-17 12:39:16,001 INFO toClientNotifyTaskSize = 0

2026-05-17 12:39:16,001 INFO groupCount = 1, subscriberClientCount = 0, subscriberCount = 0

2026-05-17 12:39:26,015 INFO [long-pulling] client count 0

2026-05-17 12:39:26,015 INFO groupCount = 1, subscriberClientCount = 0, subscriberCount = 0

2026-05-17 12:39:26,015 INFO toNotifyTaskSize = 0

2026-05-17 12:39:26,016 INFO toClientNotifyTaskSize = 0

2026-05-17 12:39:36,022 INFO groupCount = 1, subscriberClientCount = 0, subscriberCount = 0

2026-05-17 12:39:36,022 INFO toNotifyTaskSize = 0

2026-05-17 12:39:36,022 INFO toClientNotifyTaskSize = 0

2026-05-17 12:39:36,022 INFO [long-pulling] client count 0

2026-05-17 12:39:46,033 INFO [long-pulling] client count 0

2026-05-17 12:39:46,033 INFO toNotifyTaskSize = 0

2026-05-17 12:39:46,033 INFO toClientNotifyTaskSize = 0

2026-05-17 12:39:46,033 INFO groupCount = 1, subscriberClientCount = 0, subscriberCount = 0

2026-05-17 12:39:56,034 INFO [long-pulling] client count 0

2026-05-17 12:39:56,034 INFO groupCount = 1, subscriberClientCount = 0, subscriberCount = 0

2026-05-17 12:39:56,034 INFO toNotifyTaskSize = 0

2026-05-17 12:39:56,035 INFO toClientNotifyTaskSize = 0

2026-05-17 12:40:06,041 INFO [long-pulling] client count 0

2026-05-17 12:40:06,041 INFO toNotifyTaskSize = 0

2026-05-17 12:40:06,041 INFO toClientNotifyTaskSize = 0

2026-05-17 12:40:06,041 INFO groupCount = 1, subscriberClientCount = 0, subscriberCount = 0

2026-05-17 12:40:16,055 INFO [long-pulling] client count 0

2026-05-17 12:40:16,055 INFO groupCount = 1, subscriberClientCount = 0, subscriberCount = 0

2026-05-17 12:40:16,055 INFO toNotifyTaskSize = 0

2026-05-17 12:40:16,055 INFO toClientNotifyTaskSize = 0

2026-05-17 12:40:26,057 INFO [long-pulling] client count 0

2026-05-17 12:40:26,057 INFO toNotifyTaskSize = 0

2026-05-17 12:40:26,057 INFO toClientNotifyTaskSize = 0

2026-05-17 12:40:26,057 INFO groupCount = 1, subscriberClientCount = 0, subscriberCount = 0

2026-05-17 12:40:36,073 INFO [long-pulling] client count 0

2026-05-17 12:40:36,073 INFO groupCount = 1, subscriberClientCount = 0, subscriberCount = 0

2026-05-17 12:40:36,073 INFO toNotifyTaskSize = 0

2026-05-17 12:40:36,074 INFO toClientNotifyTaskSize = 0

2026-05-17 12:40:46,075 INFO [long-pulling] client count 0

2026-05-17 12:40:46,075 INFO groupCount = 1, subscriberClientCount = 0, subscriberCount = 0

2026-05-17 12:40:46,075 INFO toNotifyTaskSize = 0

2026-05-17 12:40:46,076 INFO toClientNotifyTaskSize = 0

2026-05-17 12:40:56,082 INFO [long-pulling] client count 0

2026-05-17 12:40:56,082 INFO toNotifyTaskSize = 0

2026-05-17 12:40:56,082 INFO toClientNotifyTaskSize = 0

2026-05-17 12:40:56,082 INFO groupCount = 1, subscriberClientCount = 0, subscriberCount = 0

2026-05-17 12:41:06,084 INFO [long-pulling] client count 0

2026-05-17 12:41:06,085 INFO groupCount = 1, subscriberClientCount = 0, subscriberCount = 0

2026-05-17 12:41:06,085 INFO toNotifyTaskSize = 0

2026-05-17 12:41:06,085 INFO toClientNotifyTaskSize = 0

2026-05-17 12:41:16,089 INFO [long-pulling] client count 0

2026-05-17 12:41:16,089 INFO toNotifyTaskSize = 0

2026-05-17 12:41:16,089 INFO toClientNotifyTaskSize = 0

2026-05-17 12:41:16,089 INFO groupCount = 1, subscriberClientCount = 0, subscriberCount = 0

2026-05-17 12:41:26,102 INFO groupCount = 1, subscriberClientCount = 0, subscriberCount = 0

2026-05-17 12:41:26,102 INFO [long-pulling] client count 0

2026-05-17 12:41:26,102 INFO toNotifyTaskSize = 0

2026-05-17 12:41:26,103 INFO toClientNotifyTaskSize = 0

2026-05-17 12:41:36,108 INFO [long-pulling] client count 0

2026-05-17 12:41:36,108 INFO toNotifyTaskSize = 0

2026-05-17 12:41:36,108 INFO toClientNotifyTaskSize = 0

2026-05-17 12:41:36,108 INFO groupCount = 1, subscriberClientCount = 0, subscriberCount = 0

2026-05-17 12:41:46,114 INFO [long-pulling] client count 0

2026-05-17 12:41:46,114 INFO toNotifyTaskSize = 0

2026-05-17 12:41:46,114 INFO toClientNotifyTaskSize = 0

2026-05-17 12:41:46,114 INFO groupCount = 1, subscriberClientCount = 0, subscriberCount = 0

2026-05-17 12:41:56,122 INFO [long-pulling] client count 0

2026-05-17 12:41:56,122 INFO groupCount = 1, subscriberClientCount = 0, subscriberCount = 0

2026-05-17 12:41:56,122 INFO toNotifyTaskSize = 0

2026-05-17 12:41:56,123 INFO toClientNotifyTaskSize = 0

2026-05-17 12:42:06,127 INFO [long-pulling] client count 0

2026-05-17 12:42:06,127 INFO groupCount = 1, subscriberClientCount = 0, subscriberCount = 0

2026-05-17 12:42:06,127 INFO toNotifyTaskSize = 0

2026-05-17 12:42:06,128 INFO toClientNotifyTaskSize = 0

2026-05-17 12:42:16,130 INFO [long-pulling] client count 0

2026-05-17 12:42:16,130 INFO groupCount = 1, subscriberClientCount = 0, subscriberCount = 0

2026-05-17 12:42:16,130 INFO toNotifyTaskSize = 0

2026-05-17 12:42:16,131 INFO toClientNotifyTaskSize = 0

2026-05-17 12:42:26,141 INFO groupCount = 1, subscriberClientCount = 0, subscriberCount = 0

2026-05-17 12:42:26,141 INFO [long-pulling] client count 0

2026-05-17 12:42:26,141 INFO toNotifyTaskSize = 0

2026-05-17 12:42:26,141 INFO toClientNotifyTaskSize = 0

2026-05-17 12:42:36,155 INFO [long-pulling] client count 0

2026-05-17 12:42:36,155 INFO toNotifyTaskSize = 0

2026-05-17 12:42:36,155 INFO toClientNotifyTaskSize = 0

2026-05-17 12:42:36,155 INFO groupCount = 1, subscriberClientCount = 0, subscriberCount = 0

2026-05-17 12:42:46,163 INFO [long-pulling] client count 0

2026-05-17 12:42:46,163 INFO groupCount = 1, subscriberClientCount = 0, subscriberCount = 0

2026-05-17 12:42:46,163 INFO toNotifyTaskSize = 0

2026-05-17 12:42:46,164 INFO toClientNotifyTaskSize = 0

2026-05-17 12:42:56,169 INFO [long-pulling] client count 0

2026-05-17 12:42:56,169 INFO toNotifyTaskSize = 0

2026-05-17 12:42:56,169 INFO toClientNotifyTaskSize = 0

2026-05-17 12:42:56,169 INFO groupCount = 1, subscriberClientCount = 0, subscriberCount = 0

2026-05-17 12:43:06,183 INFO [long-pulling] client count 0

2026-05-17 12:43:06,183 INFO toNotifyTaskSize = 0

2026-05-17 12:43:06,183 INFO toClientNotifyTaskSize = 0

2026-05-17 12:43:06,183 INFO groupCount = 1, subscriberClientCount = 0, subscriberCount = 0

2026-05-17 12:43:16,199 INFO [long-pulling] client count 0

2026-05-17 12:43:16,199 INFO groupCount = 1, subscriberClientCount = 0, subscriberCount = 0

2026-05-17 12:43:16,199 INFO toNotifyTaskSize = 0

2026-05-17 12:43:16,200 INFO toClientNotifyTaskSize = 0

2026-05-17 12:43:26,213 INFO [long-pulling] client count 0

2026-05-17 12:43:26,213 INFO groupCount = 1, subscriberClientCount = 0, subscriberCount = 0

2026-05-17 12:43:26,213 INFO toNotifyTaskSize = 0

2026-05-17 12:43:26,214 INFO toClientNotifyTaskSize = 0

2026-05-17 12:43:36,218 INFO [long-pulling] client count 0

2026-05-17 12:43:36,218 INFO groupCount = 1, subscriberClientCount = 0, subscriberCount = 0

2026-05-17 12:43:36,218 INFO toNotifyTaskSize = 0

2026-05-17 12:43:36,219 INFO toClientNotifyTaskSize = 0

2026-05-17 12:43:46,220 INFO [long-pulling] client count 0

2026-05-17 12:43:46,220 INFO toNotifyTaskSize = 0

2026-05-17 12:43:46,220 INFO toClientNotifyTaskSize = 0

2026-05-17 12:43:46,220 INFO groupCount = 1, subscriberClientCount = 0, subscriberCount = 0

2026-05-17 12:43:56,235 INFO [long-pulling] client count 0

2026-05-17 12:43:56,235 INFO groupCount = 1, subscriberClientCount = 0, subscriberCount = 0

2026-05-17 12:43:56,235 INFO toNotifyTaskSize = 0

2026-05-17 12:43:56,236 INFO toClientNotifyTaskSize = 0

2026-05-17 12:44:06,246 INFO groupCount = 1, subscriberClientCount = 0, subscriberCount = 0

2026-05-17 12:44:06,246 INFO toNotifyTaskSize = 0

2026-05-17 12:44:06,246 INFO toClientNotifyTaskSize = 0

2026-05-17 12:44:06,246 INFO [long-pulling] client count 0

2026-05-17 12:44:16,249 INFO [long-pulling] client count 0

2026-05-17 12:44:16,249 INFO toNotifyTaskSize = 0

2026-05-17 12:44:16,249 INFO toClientNotifyTaskSize = 0

2026-05-17 12:44:16,249 INFO groupCount = 1, subscriberClientCount = 0, subscriberCount = 0

2026-05-17 12:44:26,263 INFO [long-pulling] client count 0

2026-05-17 12:44:26,263 INFO toNotifyTaskSize = 0

2026-05-17 12:44:26,263 INFO toClientNotifyTaskSize = 0

2026-05-17 12:44:26,263 INFO groupCount = 1, subscriberClientCount = 0, subscriberCount = 0

2026-05-17 12:44:36,268 INFO [long-pulling] client count 0

2026-05-17 12:44:36,268 INFO groupCount = 1, subscriberClientCount = 0, subscriberCount = 0

2026-05-17 12:44:36,268 INFO toNotifyTaskSize = 0

2026-05-17 12:44:36,269 INFO toClientNotifyTaskSize = 0

2026-05-17 12:44:46,279 INFO [long-pulling] client count 0

2026-05-17 12:44:46,279 INFO groupCount = 1, subscriberClientCount = 0, subscriberCount = 0

2026-05-17 12:44:46,279 INFO toNotifyTaskSize = 0

2026-05-17 12:44:46,280 INFO toClientNotifyTaskSize = 0

2026-05-17 12:44:56,285 INFO [long-pulling] client count 0

2026-05-17 12:44:56,285 INFO toNotifyTaskSize = 0

2026-05-17 12:44:56,286 INFO toClientNotifyTaskSize = 0

2026-05-17 12:44:56,285 INFO groupCount = 1, subscriberClientCount = 0, subscriberCount = 0

2026-05-17 12:45:06,288 INFO [long-pulling] client count 0

2026-05-17 12:45:06,288 INFO groupCount = 1, subscriberClientCount = 0, subscriberCount = 0

2026-05-17 12:45:06,288 INFO toNotifyTaskSize = 0

2026-05-17 12:45:06,289 INFO toClientNotifyTaskSize = 0

2026-05-17 12:45:16,297 INFO [long-pulling] client count 0

2026-05-17 12:45:16,297 INFO toNotifyTaskSize = 0

2026-05-17 12:45:16,297 INFO toClientNotifyTaskSize = 0

2026-05-17 12:45:16,297 INFO groupCount = 1, subscriberClientCount = 0, subscriberCount = 0

2026-05-17 12:45:26,300 INFO [long-pulling] client count 0

2026-05-17 12:45:26,300 INFO groupCount = 1, subscriberClientCount = 0, subscriberCount = 0

2026-05-17 12:45:26,300 INFO toNotifyTaskSize = 0

2026-05-17 12:45:26,301 INFO toClientNotifyTaskSize = 0

2026-05-17 12:45:36,312 INFO [long-pulling] client count 0

2026-05-17 12:45:36,312 INFO toNotifyTaskSize = 0

2026-05-17 12:45:36,312 INFO toClientNotifyTaskSize = 0

2026-05-17 12:45:36,312 INFO groupCount = 1, subscriberClientCount = 0, subscriberCount = 0

2026-05-17 12:45:46,313 INFO [long-pulling] client count 0

2026-05-17 12:45:46,313 INFO groupCount = 1, subscriberClientCount = 0, subscriberCount = 0

2026-05-17 12:45:46,313 INFO toNotifyTaskSize = 0

2026-05-17 12:45:46,314 INFO toClientNotifyTaskSize = 0

2026-05-17 12:45:56,329 INFO [long-pulling] client count 0

2026-05-17 12:45:56,329 INFO groupCount = 1, subscriberClientCount = 0, subscriberCount = 0

2026-05-17 12:45:56,329 INFO toNotifyTaskSize = 0

2026-05-17 12:45:56,330 INFO toClientNotifyTaskSize = 0

2026-05-17 12:46:06,339 INFO [long-pulling] client count 0

2026-05-17 12:46:06,339 INFO groupCount = 1, subscriberClientCount = 0, subscriberCount = 0

2026-05-17 12:46:06,339 INFO toNotifyTaskSize = 0

2026-05-17 12:46:06,340 INFO toClientNotifyTaskSize = 0

2026-05-17 12:46:16,347 INFO [long-pulling] client count 0

2026-05-17 12:46:16,347 INFO toNotifyTaskSize = 0

2026-05-17 12:46:16,347 INFO toClientNotifyTaskSize = 0

2026-05-17 12:46:16,347 INFO groupCount = 1, subscriberClientCount = 0, subscriberCount = 0

2026-05-17 12:46:26,363 INFO [long-pulling] client count 0

2026-05-17 12:46:26,363 INFO groupCount = 1, subscriberClientCount = 0, subscriberCount = 0

2026-05-17 12:46:26,363 INFO toNotifyTaskSize = 0

2026-05-17 12:46:26,364 INFO toClientNotifyTaskSize = 0

2026-05-17 12:46:36,364 INFO [long-pulling] client count 0

2026-05-17 12:46:36,364 INFO toNotifyTaskSize = 0

2026-05-17 12:46:36,364 INFO toClientNotifyTaskSize = 0

2026-05-17 12:46:36,364 INFO groupCount = 1, subscriberClientCount = 0, subscriberCount = 0

2026-05-17 12:46:46,379 INFO toNotifyTaskSize = 0

2026-05-17 12:46:46,379 INFO groupCount = 1, subscriberClientCount = 0, subscriberCount = 0

2026-05-17 12:46:46,379 INFO [long-pulling] client count 0

2026-05-17 12:46:46,379 INFO toClientNotifyTaskSize = 0

2026-05-17 12:46:56,382 INFO groupCount = 1, subscriberClientCount = 0, subscriberCount = 0

2026-05-17 12:46:56,382 INFO toNotifyTaskSize = 0

2026-05-17 12:46:56,382 INFO toClientNotifyTaskSize = 0

2026-05-17 12:46:56,382 INFO [long-pulling] client count 0

2026-05-17 12:47:06,392 INFO [long-pulling] client count 0

2026-05-17 12:47:06,392 INFO toNotifyTaskSize = 0

2026-05-17 12:47:06,392 INFO toClientNotifyTaskSize = 0

2026-05-17 12:47:06,392 INFO groupCount = 1, subscriberClientCount = 0, subscriberCount = 0

2026-05-17 12:47:16,393 INFO [long-pulling] client count 0

2026-05-17 12:47:16,409 INFO toNotifyTaskSize = 0

2026-05-17 12:47:16,409 INFO groupCount = 1, subscriberClientCount = 0, subscriberCount = 0

2026-05-17 12:47:16,409 INFO toClientNotifyTaskSize = 0

2026-05-17 12:47:26,406 INFO [long-pulling] client count 0

2026-05-17 12:47:26,422 INFO toNotifyTaskSize = 0

2026-05-17 12:47:26,422 INFO groupCount = 1, subscriberClientCount = 0, subscriberCount = 0

2026-05-17 12:47:26,423 INFO toClientNotifyTaskSize = 0

2026-05-17 12:47:36,411 INFO [long-pulling] client count 0

2026-05-17 12:47:36,427 INFO groupCount = 1, subscriberClientCount = 0, subscriberCount = 0

2026-05-17 12:47:36,427 INFO toNotifyTaskSize = 0

2026-05-17 12:47:36,428 INFO toClientNotifyTaskSize = 0

2026-05-17 12:47:46,426 INFO [long-pulling] client count 0

2026-05-17 12:47:46,442 INFO groupCount = 1, subscriberClientCount = 0, subscriberCount = 0

2026-05-17 12:47:46,442 INFO toNotifyTaskSize = 0

2026-05-17 12:47:46,443 INFO toClientNotifyTaskSize = 0

2026-05-17 12:47:56,432 INFO [long-pulling] client count 0

2026-05-17 12:47:56,449 INFO groupCount = 1, subscriberClientCount = 0, subscriberCount = 0

2026-05-17 12:47:56,449 INFO toNotifyTaskSize = 0

2026-05-17 12:47:56,450 INFO toClientNotifyTaskSize = 0

2026-05-17 12:48:06,447 INFO [long-pulling] client count 0

2026-05-17 12:48:06,463 INFO groupCount = 1, subscriberClientCount = 0, subscriberCount = 0

2026-05-17 12:48:06,463 INFO toNotifyTaskSize = 0

2026-05-17 12:48:06,464 INFO toClientNotifyTaskSize = 0

2026-05-17 12:48:16,458 INFO [long-pulling] client count 0

2026-05-17 12:48:16,474 INFO groupCount = 1, subscriberClientCount = 0, subscriberCount = 0

2026-05-17 12:48:16,474 INFO toNotifyTaskSize = 0

2026-05-17 12:48:16,474 INFO toClientNotifyTaskSize = 0

2026-05-17 12:48:26,470 INFO [long-pulling] client count 0

2026-05-17 12:48:26,486 INFO groupCount = 1, subscriberClientCount = 0, subscriberCount = 0

2026-05-17 12:48:26,486 INFO toNotifyTaskSize = 0

2026-05-17 12:48:26,487 INFO toClientNotifyTaskSize = 0

2026-05-17 12:48:36,478 INFO [long-pulling] client count 0

2026-05-17 12:48:36,494 INFO groupCount = 1, subscriberClientCount = 0, subscriberCount = 0

2026-05-17 12:48:36,494 INFO toNotifyTaskSize = 0

2026-05-17 12:48:36,496 INFO toClientNotifyTaskSize = 0

2026-05-17 12:48:46,480 INFO [long-pulling] client count 0

2026-05-17 12:48:46,496 INFO toNotifyTaskSize = 0

2026-05-17 12:48:46,496 INFO groupCount = 1, subscriberClientCount = 0, subscriberCount = 0

2026-05-17 12:48:46,497 INFO toClientNotifyTaskSize = 0

2026-05-17 12:48:56,489 INFO [long-pulling] client count 0

2026-05-17 12:48:56,505 INFO groupCount = 1, subscriberClientCount = 0, subscriberCount = 0

2026-05-17 12:48:56,505 INFO toNotifyTaskSize = 0

2026-05-17 12:48:56,505 INFO toClientNotifyTaskSize = 0

2026-05-17 12:49:06,497 INFO [long-pulling] client count 0

2026-05-17 12:49:06,513 INFO groupCount = 1, subscriberClientCount = 0, subscriberCount = 0

2026-05-17 12:49:06,513 INFO toNotifyTaskSize = 0

2026-05-17 12:49:06,514 INFO toClientNotifyTaskSize = 0

2026-05-17 12:49:16,498 INFO [long-pulling] client count 0

2026-05-17 12:49:16,514 INFO toNotifyTaskSize = 0

2026-05-17 12:49:16,514 INFO toClientNotifyTaskSize = 0

2026-05-17 12:49:16,514 INFO groupCount = 1, subscriberClientCount = 0, subscriberCount = 0

2026-05-17 12:49:26,509 INFO [long-pulling] client count 0

2026-05-17 12:49:26,525 INFO toNotifyTaskSize = 0

2026-05-17 12:49:26,525 INFO toClientNotifyTaskSize = 0

2026-05-17 12:49:26,525 INFO groupCount = 1, subscriberClientCount = 0, subscriberCount = 0

2026-05-17 12:49:36,525 INFO [long-pulling] client count 0

2026-05-17 12:49:36,541 INFO toNotifyTaskSize = 0

2026-05-17 12:49:36,541 INFO groupCount = 1, subscriberClientCount = 0, subscriberCount = 0

2026-05-17 12:49:36,542 INFO toClientNotifyTaskSize = 0

2026-05-17 12:49:46,538 INFO [long-pulling] client count 0

2026-05-17 12:49:46,555 INFO groupCount = 1, subscriberClientCount = 0, subscriberCount = 0

2026-05-17 12:49:46,555 INFO toNotifyTaskSize = 0

2026-05-17 12:49:46,556 INFO toClientNotifyTaskSize = 0

2026-05-17 12:49:56,547 INFO [long-pulling] client count 0

2026-05-17 12:49:56,563 INFO groupCount = 1, subscriberClientCount = 0, subscriberCount = 0

2026-05-17 12:49:56,563 INFO toNotifyTaskSize = 0

2026-05-17 12:49:56,563 INFO toClientNotifyTaskSize = 0

2026-05-17 12:50:06,552 INFO [long-pulling] client count 0

2026-05-17 12:50:06,567 INFO groupCount = 1, subscriberClientCount = 0, subscriberCount = 0

2026-05-17 12:50:06,567 INFO toNotifyTaskSize = 0

2026-05-17 12:50:06,568 INFO toClientNotifyTaskSize = 0

2026-05-17 12:50:16,562 INFO [long-pulling] client count 0

2026-05-17 12:50:16,578 INFO groupCount = 1, subscriberClientCount = 0, subscriberCount = 0

2026-05-17 12:50:16,578 INFO toNotifyTaskSize = 0

2026-05-17 12:50:16,579 INFO toClientNotifyTaskSize = 0

2026-05-17 12:50:26,564 INFO [long-pulling] client count 0

2026-05-17 12:50:26,580 INFO groupCount = 1, subscriberClientCount = 0, subscriberCount = 0

2026-05-17 12:50:26,580 INFO toNotifyTaskSize = 0

2026-05-17 12:50:26,580 INFO toClientNotifyTaskSize = 0

2026-05-17 12:50:36,566 INFO [long-pulling] client count 0

2026-05-17 12:50:36,583 INFO groupCount = 1, subscriberClientCount = 0, subscriberCount = 0

2026-05-17 12:50:36,583 INFO toNotifyTaskSize = 0

2026-05-17 12:50:36,584 INFO toClientNotifyTaskSize = 0

2026-05-17 12:50:46,568 INFO [long-pulling] client count 0

2026-05-17 12:50:46,585 INFO groupCount = 1, subscriberClientCount = 0, subscriberCount = 0

2026-05-17 12:50:46,585 INFO toNotifyTaskSize = 0

2026-05-17 12:50:46,586 INFO toClientNotifyTaskSize = 0

2026-05-17 12:50:56,572 INFO [long-pulling] client count 0

2026-05-17 12:50:56,588 INFO groupCount = 1, subscriberClientCount = 0, subscriberCount = 0

2026-05-17 12:50:56,588 INFO toNotifyTaskSize = 0

2026-05-17 12:50:56,588 INFO toClientNotifyTaskSize = 0

2026-05-17 12:51:06,586 INFO [long-pulling] client count 0

2026-05-17 12:51:06,602 INFO groupCount = 1, subscriberClientCount = 0, subscriberCount = 0

2026-05-17 12:51:06,602 INFO toNotifyTaskSize = 0

2026-05-17 12:51:06,603 INFO toClientNotifyTaskSize = 0

2026-05-17 12:51:16,595 INFO [long-pulling] client count 0

2026-05-17 12:51:16,611 INFO groupCount = 1, subscriberClientCount = 0, subscriberCount = 0

2026-05-17 12:51:16,611 INFO toNotifyTaskSize = 0

2026-05-17 12:51:16,612 INFO toClientNotifyTaskSize = 0

2026-05-17 12:51:26,601 INFO [long-pulling] client count 0

2026-05-17 12:51:26,617 INFO groupCount = 1, subscriberClientCount = 0, subscriberCount = 0

2026-05-17 12:51:26,617 INFO toNotifyTaskSize = 0

2026-05-17 12:51:26,618 INFO toClientNotifyTaskSize = 0

2026-05-17 12:51:36,610 INFO [long-pulling] client count 0

2026-05-17 12:51:36,626 INFO groupCount = 1, subscriberClientCount = 0, subscriberCount = 0

2026-05-17 12:51:36,626 INFO toNotifyTaskSize = 0

2026-05-17 12:51:36,627 INFO toClientNotifyTaskSize = 0

2026-05-17 12:51:46,615 INFO [long-pulling] client count 0

2026-05-17 12:51:46,631 INFO groupCount = 1, subscriberClientCount = 0, subscriberCount = 0

2026-05-17 12:51:46,631 INFO toNotifyTaskSize = 0

2026-05-17 12:51:46,632 INFO toClientNotifyTaskSize = 0

2026-05-17 12:51:56,631 INFO [long-pulling] client count 0

2026-05-17 12:51:56,648 INFO groupCount = 1, subscriberClientCount = 0, subscriberCount = 0

2026-05-17 12:51:56,648 INFO toNotifyTaskSize = 0

2026-05-17 12:51:56,649 INFO toClientNotifyTaskSize = 0

2026-05-17 12:52:06,643 INFO [long-pulling] client count 0

2026-05-17 12:52:06,660 INFO groupCount = 1, subscriberClientCount = 0, subscriberCount = 0

2026-05-17 12:52:06,660 INFO toNotifyTaskSize = 0

2026-05-17 12:52:06,660 INFO toClientNotifyTaskSize = 0

2026-05-17 12:52:16,651 INFO [long-pulling] client count 0

2026-05-17 12:52:16,667 INFO groupCount = 1, subscriberClientCount = 0, subscriberCount = 0

2026-05-17 12:52:16,667 INFO toNotifyTaskSize = 0

2026-05-17 12:52:16,667 INFO toClientNotifyTaskSize = 0

2026-05-17 12:52:26,666 INFO [long-pulling] client count 0

2026-05-17 12:52:26,683 INFO toNotifyTaskSize = 0

2026-05-17 12:52:26,683 INFO groupCount = 1, subscriberClientCount = 0, subscriberCount = 0

2026-05-17 12:52:26,683 INFO toClientNotifyTaskSize = 0

2026-05-17 12:52:36,678 INFO [long-pulling] client count 0

2026-05-17 12:52:36,695 INFO groupCount = 1, subscriberClientCount = 0, subscriberCount = 0

2026-05-17 12:52:36,695 INFO toNotifyTaskSize = 0

2026-05-17 12:52:36,696 INFO toClientNotifyTaskSize = 0

2026-05-17 12:52:46,683 INFO [long-pulling] client count 0

2026-05-17 12:52:46,699 INFO groupCount = 1, subscriberClientCount = 0, subscriberCount = 0

2026-05-17 12:52:46,699 INFO toNotifyTaskSize = 0

2026-05-17 12:52:46,700 INFO toClientNotifyTaskSize = 0

2026-05-17 12:52:56,684 INFO [long-pulling] client count 0

2026-05-17 12:52:56,701 INFO toNotifyTaskSize = 0

2026-05-17 12:52:56,701 INFO groupCount = 1, subscriberClientCount = 0, subscriberCount = 0

2026-05-17 12:52:56,701 INFO toClientNotifyTaskSize = 0

2026-05-17 12:53:06,697 INFO [long-pulling] client count 0

2026-05-17 12:53:06,713 INFO groupCount = 1, subscriberClientCount = 0, subscriberCount = 0

2026-05-17 12:53:06,713 INFO toNotifyTaskSize = 0

2026-05-17 12:53:06,713 INFO toClientNotifyTaskSize = 0

2026-05-17 12:53:16,697 INFO [long-pulling] client count 0

2026-05-17 12:53:16,714 INFO toNotifyTaskSize = 0

2026-05-17 12:53:16,714 INFO groupCount = 1, subscriberClientCount = 0, subscriberCount = 0

2026-05-17 12:53:16,715 INFO toClientNotifyTaskSize = 0

2026-05-17 12:53:26,710 INFO [long-pulling] client count 0

2026-05-17 12:53:26,725 INFO groupCount = 1, subscriberClientCount = 0, subscriberCount = 0

2026-05-17 12:53:26,725 INFO toNotifyTaskSize = 0

2026-05-17 12:53:26,726 INFO toClientNotifyTaskSize = 0

2026-05-17 12:53:36,714 INFO [long-pulling] client count 0

2026-05-17 12:53:36,730 INFO groupCount = 1, subscriberClientCount = 0, subscriberCount = 0

2026-05-17 12:53:36,730 INFO toNotifyTaskSize = 0

2026-05-17 12:53:36,731 INFO toClientNotifyTaskSize = 0

2026-05-17 12:53:46,721 INFO [long-pulling] client count 0

2026-05-17 12:53:46,737 INFO toNotifyTaskSize = 0

2026-05-17 12:53:46,737 INFO groupCount = 1, subscriberClientCount = 0, subscriberCount = 0

2026-05-17 12:53:46,738 INFO toClientNotifyTaskSize = 0

2026-05-17 12:53:56,728 INFO [long-pulling] client count 0

2026-05-17 12:53:56,744 INFO toNotifyTaskSize = 0

2026-05-17 12:53:56,745 INFO toClientNotifyTaskSize = 0

2026-05-17 12:53:56,744 INFO groupCount = 1, subscriberClientCount = 0, subscriberCount = 0

2026-05-17 12:54:06,731 INFO [long-pulling] client count 0

2026-05-17 12:54:06,753 INFO toNotifyTaskSize = 0

2026-05-17 12:54:06,753 INFO groupCount = 1, subscriberClientCount = 0, subscriberCount = 0

2026-05-17 12:54:06,753 INFO toClientNotifyTaskSize = 0

2026-05-17 12:54:16,743 INFO [long-pulling] client count 0

2026-05-17 12:54:16,759 INFO toNotifyTaskSize = 0

2026-05-17 12:54:16,759 INFO groupCount = 1, subscriberClientCount = 0, subscriberCount = 0

2026-05-17 12:54:16,760 INFO toClientNotifyTaskSize = 0

2026-05-17 12:54:26,756 INFO [long-pulling] client count 0

2026-05-17 12:54:26,772 INFO groupCount = 1, subscriberClientCount = 0, subscriberCount = 0

2026-05-17 12:54:26,772 INFO toNotifyTaskSize = 0

2026-05-17 12:54:26,772 INFO toClientNotifyTaskSize = 0

2026-05-17 12:54:36,764 INFO [long-pulling] client count 0

2026-05-17 12:54:36,781 INFO toNotifyTaskSize = 0

2026-05-17 12:54:36,781 INFO groupCount = 1, subscriberClientCount = 0, subscriberCount = 0

2026-05-17 12:54:36,781 INFO toClientNotifyTaskSize = 0

2026-05-17 12:54:46,774 INFO [long-pulling] client count 0

2026-05-17 12:54:46,791 INFO toNotifyTaskSize = 0

2026-05-17 12:54:46,791 INFO groupCount = 1, subscriberClientCount = 0, subscriberCount = 0

2026-05-17 12:54:46,792 INFO toClientNotifyTaskSize = 0

2026-05-17 12:54:56,778 INFO [long-pulling] client count 0

2026-05-17 12:54:56,795 INFO toNotifyTaskSize = 0

2026-05-17 12:54:56,795 INFO groupCount = 1, subscriberClientCount = 0, subscriberCount = 0

2026-05-17 12:54:56,796 INFO toClientNotifyTaskSize = 0

2026-05-17 12:55:06,792 INFO [long-pulling] client count 0

2026-05-17 12:55:06,809 INFO groupCount = 1, subscriberClientCount = 0, subscriberCount = 0

2026-05-17 12:55:06,809 INFO toNotifyTaskSize = 0

2026-05-17 12:55:06,809 INFO toClientNotifyTaskSize = 0

2026-05-17 12:55:16,796 INFO [long-pulling] client count 0

2026-05-17 12:55:16,813 INFO groupCount = 1, subscriberClientCount = 0, subscriberCount = 0

2026-05-17 12:55:16,813 INFO toNotifyTaskSize = 0

2026-05-17 12:55:16,814 INFO toClientNotifyTaskSize = 0

2026-05-17 12:55:26,801 INFO [long-pulling] client count 0

2026-05-17 12:55:26,818 INFO groupCount = 1, subscriberClientCount = 0, subscriberCount = 0

2026-05-17 12:55:26,818 INFO toNotifyTaskSize = 0

2026-05-17 12:55:26,818 INFO toClientNotifyTaskSize = 0

2026-05-17 12:55:36,805 INFO [long-pulling] client count 0

2026-05-17 12:55:36,821 INFO groupCount = 1, subscriberClientCount = 0, subscriberCount = 0

2026-05-17 12:55:36,821 INFO toNotifyTaskSize = 0

2026-05-17 12:55:36,822 INFO toClientNotifyTaskSize = 0

2026-05-17 12:55:46,807 INFO [long-pulling] client count 0

2026-05-17 12:55:46,824 INFO groupCount = 1, subscriberClientCount = 0, subscriberCount = 0

2026-05-17 12:55:46,824 INFO toNotifyTaskSize = 0

2026-05-17 12:55:46,825 INFO toClientNotifyTaskSize = 0

2026-05-17 12:55:56,813 INFO [long-pulling] client count 0

2026-05-17 12:55:56,829 INFO groupCount = 1, subscriberClientCount = 0, subscriberCount = 0

2026-05-17 12:55:56,829 INFO toNotifyTaskSize = 0

2026-05-17 12:55:56,830 INFO toClientNotifyTaskSize = 0

2026-05-17 12:56:06,814 INFO [long-pulling] client count 0

2026-05-17 12:56:06,831 INFO toNotifyTaskSize = 0

2026-05-17 12:56:06,831 INFO groupCount = 1, subscriberClientCount = 0, subscriberCount = 0

2026-05-17 12:56:06,832 INFO toClientNotifyTaskSize = 0

2026-05-17 12:56:16,826 INFO [long-pulling] client count 0

2026-05-17 12:56:16,843 INFO groupCount = 1, subscriberClientCount = 0, subscriberCount = 0

2026-05-17 12:56:16,843 INFO toNotifyTaskSize = 0

2026-05-17 12:56:16,843 INFO toClientNotifyTaskSize = 0

2026-05-17 12:56:26,840 INFO [long-pulling] client count 0

2026-05-17 12:56:26,856 INFO groupCount = 1, subscriberClientCount = 0, subscriberCount = 0

2026-05-17 12:56:26,856 INFO toNotifyTaskSize = 0

2026-05-17 12:56:26,856 INFO toClientNotifyTaskSize = 0

2026-05-17 12:56:36,848 INFO [long-pulling] client count 0

2026-05-17 12:56:36,865 INFO groupCount = 1, subscriberClientCount = 0, subscriberCount = 0

2026-05-17 12:56:36,865 INFO toNotifyTaskSize = 0

2026-05-17 12:56:36,865 INFO toClientNotifyTaskSize = 0

2026-05-17 12:56:46,849 INFO [long-pulling] client count 0

2026-05-17 12:56:46,866 INFO groupCount = 1, subscriberClientCount = 0, subscriberCount = 0

2026-05-17 12:56:46,866 INFO toNotifyTaskSize = 0

2026-05-17 12:56:46,867 INFO toClientNotifyTaskSize = 0

2026-05-17 12:56:56,862 INFO [long-pulling] client count 0

2026-05-17 12:56:56,878 INFO groupCount = 1, subscriberClientCount = 0, subscriberCount = 0

2026-05-17 12:56:56,878 INFO toNotifyTaskSize = 0

2026-05-17 12:56:56,879 INFO toClientNotifyTaskSize = 0

2026-05-17 12:57:06,864 INFO [long-pulling] client count 0

2026-05-17 12:57:06,880 INFO groupCount = 1, subscriberClientCount = 0, subscriberCount = 0

2026-05-17 12:57:06,880 INFO toNotifyTaskSize = 0

2026-05-17 12:57:06,881 INFO toClientNotifyTaskSize = 0

2026-05-17 12:57:16,875 INFO [long-pulling] client count 0

2026-05-17 12:57:16,891 INFO groupCount = 1, subscriberClientCount = 0, subscriberCount = 0

2026-05-17 12:57:16,891 INFO toNotifyTaskSize = 0

2026-05-17 12:57:16,892 INFO toClientNotifyTaskSize = 0

2026-05-17 12:57:26,882 INFO [long-pulling] client count 0

2026-05-17 12:57:26,899 INFO toNotifyTaskSize = 0

2026-05-17 12:57:26,914 INFO toClientNotifyTaskSize = 0

2026-05-17 12:57:26,899 INFO groupCount = 1, subscriberClientCount = 0, subscriberCount = 0

2026-05-17 12:57:36,891 INFO [long-pulling] client count 0

2026-05-17 12:57:36,923 INFO toNotifyTaskSize = 0

2026-05-17 12:57:36,923 INFO groupCount = 1, subscriberClientCount = 0, subscriberCount = 0

2026-05-17 12:57:36,924 INFO toClientNotifyTaskSize = 0

2026-05-17 12:57:46,899 INFO [long-pulling] client count 0

2026-05-17 12:57:46,932 INFO groupCount = 1, subscriberClientCount = 0, subscriberCount = 0

2026-05-17 12:57:46,932 INFO toNotifyTaskSize = 0

2026-05-17 12:57:46,933 INFO toClientNotifyTaskSize = 0

2026-05-17 12:57:56,903 INFO [long-pulling] client count 0

2026-05-17 12:57:56,935 INFO groupCount = 1, subscriberClientCount = 0, subscriberCount = 0

2026-05-17 12:57:56,935 INFO toNotifyTaskSize = 0

2026-05-17 12:57:56,935 INFO toClientNotifyTaskSize = 0

2026-05-17 12:58:06,908 INFO [long-pulling] client count 0

2026-05-17 12:58:06,940 INFO groupCount = 1, subscriberClientCount = 0, subscriberCount = 0

2026-05-17 12:58:06,940 INFO toNotifyTaskSize = 0

2026-05-17 12:58:06,941 INFO toClientNotifyTaskSize = 0

2026-05-17 12:58:16,914 INFO [long-pulling] client count 0

2026-05-17 12:58:16,948 INFO toNotifyTaskSize = 0

2026-05-17 12:58:16,948 INFO groupCount = 1, subscriberClientCount = 0, subscriberCount = 0

2026-05-17 12:58:16,948 INFO toClientNotifyTaskSize = 0

2026-05-17 12:58:26,919 INFO [long-pulling] client count 0

2026-05-17 12:58:26,952 INFO groupCount = 1, subscriberClientCount = 0, subscriberCount = 0

2026-05-17 12:58:26,952 INFO toNotifyTaskSize = 0

2026-05-17 12:58:26,953 INFO toClientNotifyTaskSize = 0

2026-05-17 12:58:36,931 INFO [long-pulling] client count 0

2026-05-17 12:58:36,964 INFO toNotifyTaskSize = 0

2026-05-17 12:58:36,964 INFO groupCount = 1, subscriberClientCount = 0, subscriberCount = 0

2026-05-17 12:58:36,964 INFO toClientNotifyTaskSize = 0

2026-05-17 12:58:46,936 INFO [long-pulling] client count 0

2026-05-17 12:58:46,969 INFO toNotifyTaskSize = 0

2026-05-17 12:58:46,969 INFO groupCount = 1, subscriberClientCount = 0, subscriberCount = 0

2026-05-17 12:58:46,970 INFO toClientNotifyTaskSize = 0

2026-05-17 12:58:56,944 INFO [long-pulling] client count 0

2026-05-17 12:58:56,977 INFO groupCount = 1, subscriberClientCount = 0, subscriberCount = 0

2026-05-17 12:58:56,977 INFO toNotifyTaskSize = 0

2026-05-17 12:58:56,978 INFO toClientNotifyTaskSize = 0

2026-05-17 12:59:06,947 INFO [long-pulling] client count 0

2026-05-17 12:59:06,979 INFO groupCount = 1, subscriberClientCount = 0, subscriberCount = 0

2026-05-17 12:59:06,979 INFO toNotifyTaskSize = 0

2026-05-17 12:59:06,980 INFO toClientNotifyTaskSize = 0

2026-05-17 12:59:16,950 INFO [long-pulling] client count 0

2026-05-17 12:59:16,982 INFO groupCount = 1, subscriberClientCount = 0, subscriberCount = 0

2026-05-17 12:59:16,982 INFO toNotifyTaskSize = 0

2026-05-17 12:59:16,989 INFO toClientNotifyTaskSize = 0

2026-05-17 12:59:26,952 INFO [long-pulling] client count 0

2026-05-17 12:59:26,985 INFO groupCount = 1, subscriberClientCount = 0, subscriberCount = 0

2026-05-17 12:59:27,001 INFO toNotifyTaskSize = 0

2026-05-17 12:59:27,001 INFO toClientNotifyTaskSize = 0

2026-05-17 12:59:36,961 INFO [long-pulling] client count 0

2026-05-17 12:59:36,993 INFO groupCount = 1, subscriberClientCount = 0, subscriberCount = 0

2026-05-17 12:59:37,010 INFO toNotifyTaskSize = 0

2026-05-17 12:59:37,010 INFO toClientNotifyTaskSize = 0

2026-05-17 12:59:46,961 INFO [long-pulling] client count 0

2026-05-17 12:59:46,994 INFO groupCount = 1, subscriberClientCount = 0, subscriberCount = 0

2026-05-17 12:59:47,011 INFO toNotifyTaskSize = 0

2026-05-17 12:59:47,011 INFO toClientNotifyTaskSize = 0

2026-05-17 12:59:56,968 INFO [long-pulling] client count 0

2026-05-17 12:59:57,001 INFO groupCount = 1, subscriberClientCount = 0, subscriberCount = 0

2026-05-17 12:59:57,017 INFO toNotifyTaskSize = 0

2026-05-17 12:59:57,017 INFO toClientNotifyTaskSize = 0

2026-05-17 13:00:06,974 INFO [long-pulling] client count 0

2026-05-17 13:00:07,006 INFO groupCount = 1, subscriberClientCount = 0, subscriberCount = 0

2026-05-17 13:00:07,022 INFO toNotifyTaskSize = 0

2026-05-17 13:00:07,022 INFO toClientNotifyTaskSize = 0

2026-05-17 13:00:16,984 INFO [long-pulling] client count 0

2026-05-17 13:00:17,017 INFO groupCount = 1, subscriberClientCount = 0, subscriberCount = 0

2026-05-17 13:00:17,033 INFO toNotifyTaskSize = 0

2026-05-17 13:00:17,033 INFO toClientNotifyTaskSize = 0

2026-05-17 13:00:26,992 INFO [long-pulling] client count 0

2026-05-17 13:00:27,025 INFO groupCount = 1, subscriberClientCount = 0, subscriberCount = 0

2026-05-17 13:00:27,042 INFO toNotifyTaskSize = 0

2026-05-17 13:00:27,042 INFO toClientNotifyTaskSize = 0

2026-05-17 13:00:36,996 INFO [long-pulling] client count 0

2026-05-17 13:00:37,028 INFO groupCount = 1, subscriberClientCount = 0, subscriberCount = 0

2026-05-17 13:00:37,044 INFO toNotifyTaskSize = 0

2026-05-17 13:00:37,044 INFO toClientNotifyTaskSize = 0

2026-05-17 13:00:47,002 INFO [long-pulling] client count 0

2026-05-17 13:00:47,035 INFO groupCount = 1, subscriberClientCount = 0, subscriberCount = 0

2026-05-17 13:00:47,051 INFO toNotifyTaskSize = 0

2026-05-17 13:00:47,051 INFO toClientNotifyTaskSize = 0

2026-05-17 13:00:57,011 INFO [long-pulling] client count 0

2026-05-17 13:00:57,044 INFO groupCount = 1, subscriberClientCount = 0, subscriberCount = 0

2026-05-17 13:00:57,061 INFO toNotifyTaskSize = 0

2026-05-17 13:00:57,061 INFO toClientNotifyTaskSize = 0

2026-05-17 13:01:07,020 INFO [long-pulling] client count 0

2026-05-17 13:01:07,053 INFO groupCount = 1, subscriberClientCount = 0, subscriberCount = 0

2026-05-17 13:01:07,070 INFO toNotifyTaskSize = 0

2026-05-17 13:01:07,070 INFO toClientNotifyTaskSize = 0

2026-05-17 13:01:17,032 INFO [long-pulling] client count 0

2026-05-17 13:01:17,065 INFO groupCount = 1, subscriberClientCount = 0, subscriberCount = 0

2026-05-17 13:01:17,081 INFO toNotifyTaskSize = 0

2026-05-17 13:01:17,081 INFO toClientNotifyTaskSize = 0

2026-05-17 13:01:27,048 INFO [long-pulling] client count 0

2026-05-17 13:01:27,080 INFO groupCount = 1, subscriberClientCount = 0, subscriberCount = 0

2026-05-17 13:01:27,096 INFO toNotifyTaskSize = 0

2026-05-17 13:01:27,096 INFO toClientNotifyTaskSize = 0

2026-05-17 13:01:37,062 INFO [long-pulling] client count 0

2026-05-17 13:01:37,095 INFO groupCount = 1, subscriberClientCount = 0, subscriberCount = 0

2026-05-17 13:01:37,111 INFO toNotifyTaskSize = 0

2026-05-17 13:01:37,111 INFO toClientNotifyTaskSize = 0

2026-05-17 13:01:47,075 INFO [long-pulling] client count 0

2026-05-17 13:01:47,108 INFO groupCount = 1, subscriberClientCount = 0, subscriberCount = 0

2026-05-17 13:01:47,124 INFO toNotifyTaskSize = 0

2026-05-17 13:01:47,124 INFO toClientNotifyTaskSize = 0

2026-05-17 13:01:57,088 INFO [long-pulling] client count 0

2026-05-17 13:01:57,120 INFO groupCount = 1, subscriberClientCount = 0, subscriberCount = 0

2026-05-17 13:01:57,136 INFO toNotifyTaskSize = 0

2026-05-17 13:01:57,136 INFO toClientNotifyTaskSize = 0

2026-05-17 13:02:07,095 INFO [long-pulling] client count 0

2026-05-17 13:02:07,128 INFO groupCount = 1, subscriberClientCount = 0, subscriberCount = 0

2026-05-17 13:02:07,144 INFO toNotifyTaskSize = 0

2026-05-17 13:02:07,144 INFO toClientNotifyTaskSize = 0

2026-05-17 13:02:17,099 INFO [long-pulling] client count 0

2026-05-17 13:02:17,132 INFO groupCount = 1, subscriberClientCount = 0, subscriberCount = 0

2026-05-17 13:02:17,148 INFO toNotifyTaskSize = 0

2026-05-17 13:02:17,148 INFO toClientNotifyTaskSize = 0

2026-05-17 13:02:27,109 INFO [long-pulling] client count 0

2026-05-17 13:02:27,142 INFO groupCount = 1, subscriberClientCount = 0, subscriberCount = 0

2026-05-17 13:02:27,158 INFO toNotifyTaskSize = 0

2026-05-17 13:02:27,158 INFO toClientNotifyTaskSize = 0

2026-05-17 13:02:37,116 INFO [long-pulling] client count 0

2026-05-17 13:02:37,150 INFO groupCount = 1, subscriberClientCount = 0, subscriberCount = 0

2026-05-17 13:02:37,166 INFO toNotifyTaskSize = 0

2026-05-17 13:02:37,166 INFO toClientNotifyTaskSize = 0

2026-05-17 13:02:47,124 INFO [long-pulling] client count 0

2026-05-17 13:02:47,157 INFO groupCount = 1, subscriberClientCount = 0, subscriberCount = 0

2026-05-17 13:02:47,173 INFO toNotifyTaskSize = 0

2026-05-17 13:02:47,173 INFO toClientNotifyTaskSize = 0

2026-05-17 13:02:57,134 INFO [long-pulling] client count 0

2026-05-17 13:02:57,167 INFO groupCount = 1, subscriberClientCount = 0, subscriberCount = 0

2026-05-17 13:02:57,183 INFO toNotifyTaskSize = 0

2026-05-17 13:02:57,183 INFO toClientNotifyTaskSize = 0

2026-05-17 13:03:07,135 INFO [long-pulling] client count 0

2026-05-17 13:03:07,168 INFO groupCount = 1, subscriberClientCount = 0, subscriberCount = 0

2026-05-17 13:03:07,199 INFO toNotifyTaskSize = 0

2026-05-17 13:03:07,199 INFO toClientNotifyTaskSize = 0

2026-05-17 13:03:17,151 INFO [long-pulling] client count 0

2026-05-17 13:03:17,183 INFO groupCount = 1, subscriberClientCount = 0, subscriberCount = 0

2026-05-17 13:03:17,214 INFO toNotifyTaskSize = 0

2026-05-17 13:03:17,214 INFO toClientNotifyTaskSize = 0

2026-05-17 13:03:27,158 INFO [long-pulling] client count 0

2026-05-17 13:03:27,190 INFO groupCount = 1, subscriberClientCount = 0, subscriberCount = 0

2026-05-17 13:03:27,223 INFO toNotifyTaskSize = 0

2026-05-17 13:03:27,223 INFO toClientNotifyTaskSize = 0

2026-05-17 13:03:37,163 INFO [long-pulling] client count 0

2026-05-17 13:03:37,196 INFO groupCount = 1, subscriberClientCount = 0, subscriberCount = 0

2026-05-17 13:03:37,229 INFO toNotifyTaskSize = 0

2026-05-17 13:03:37,229 INFO toClientNotifyTaskSize = 0

2026-05-17 13:03:47,163 INFO [long-pulling] client count 0

2026-05-17 13:03:47,211 INFO groupCount = 1, subscriberClientCount = 0, subscriberCount = 0

2026-05-17 13:03:47,243 INFO toNotifyTaskSize = 0

2026-05-17 13:03:47,243 INFO toClientNotifyTaskSize = 0

2026-05-17 13:03:57,168 INFO [long-pulling] client count 0

2026-05-17 13:03:57,217 INFO groupCount = 1, subscriberClientCount = 0, subscriberCount = 0

2026-05-17 13:03:57,266 INFO toNotifyTaskSize = 0

2026-05-17 13:03:57,266 INFO toClientNotifyTaskSize = 0

2026-05-17 13:04:07,171 INFO [long-pulling] client count 0

2026-05-17 13:04:07,221 INFO groupCount = 1, subscriberClientCount = 0, subscriberCount = 0

2026-05-17 13:04:07,270 INFO toNotifyTaskSize = 0

2026-05-17 13:04:07,270 INFO toClientNotifyTaskSize = 0

2026-05-17 13:04:17,178 INFO [long-pulling] client count 0

2026-05-17 13:04:17,227 INFO groupCount = 1, subscriberClientCount = 0, subscriberCount = 0

2026-05-17 13:04:17,275 INFO toNotifyTaskSize = 0

2026-05-17 13:04:17,275 INFO toClientNotifyTaskSize = 0

2026-05-17 13:04:27,195 INFO [long-pulling] client count 0

2026-05-17 13:04:27,228 INFO groupCount = 1, subscriberClientCount = 0, subscriberCount = 0

2026-05-17 13:04:27,277 INFO toNotifyTaskSize = 0

2026-05-17 13:04:27,277 INFO toClientNotifyTaskSize = 0

2026-05-17 13:04:37,205 INFO [long-pulling] client count 0

2026-05-17 13:04:37,236 INFO groupCount = 1, subscriberClientCount = 0, subscriberCount = 0

2026-05-17 13:04:37,284 INFO toNotifyTaskSize = 0

2026-05-17 13:04:37,284 INFO toClientNotifyTaskSize = 0

2026-05-17 13:04:47,209 INFO [long-pulling] client count 0

2026-05-17 13:04:47,242 INFO groupCount = 1, subscriberClientCount = 0, subscriberCount = 0

2026-05-17 13:04:47,291 INFO toNotifyTaskSize = 0

2026-05-17 13:04:47,291 INFO toClientNotifyTaskSize = 0

2026-05-17 13:04:57,222 INFO [long-pulling] client count 0

2026-05-17 13:04:57,255 INFO groupCount = 1, subscriberClientCount = 0, subscriberCount = 0

2026-05-17 13:04:57,303 INFO toNotifyTaskSize = 0

2026-05-17 13:04:57,303 INFO toClientNotifyTaskSize = 0

2026-05-17 13:05:07,232 INFO [long-pulling] client count 0

2026-05-17 13:05:07,265 INFO groupCount = 1, subscriberClientCount = 0, subscriberCount = 0

2026-05-17 13:05:07,313 INFO toNotifyTaskSize = 0

2026-05-17 13:05:07,313 INFO toClientNotifyTaskSize = 0

2026-05-17 13:05:17,246 INFO [long-pulling] client count 0

2026-05-17 13:05:17,277 INFO groupCount = 1, subscriberClientCount = 0, subscriberCount = 0

2026-05-17 13:05:17,326 INFO toNotifyTaskSize = 0

2026-05-17 13:05:17,326 INFO toClientNotifyTaskSize = 0

2026-05-17 13:05:27,256 INFO [long-pulling] client count 0

2026-05-17 13:05:27,288 INFO groupCount = 1, subscriberClientCount = 0, subscriberCount = 0

2026-05-17 13:05:27,338 INFO toNotifyTaskSize = 0

2026-05-17 13:05:27,338 INFO toClientNotifyTaskSize = 0

2026-05-17 13:05:37,267 INFO [long-pulling] client count 0

2026-05-17 13:05:37,299 INFO groupCount = 1, subscriberClientCount = 0, subscriberCount = 0

2026-05-17 13:05:37,348 INFO toNotifyTaskSize = 0

2026-05-17 13:05:37,348 INFO toClientNotifyTaskSize = 0

2026-05-17 13:05:47,281 INFO [long-pulling] client count 0

2026-05-17 13:05:47,314 INFO groupCount = 1, subscriberClientCount = 0, subscriberCount = 0

2026-05-17 13:05:47,363 INFO toNotifyTaskSize = 0

2026-05-17 13:05:47,363 INFO toClientNotifyTaskSize = 0

2026-05-17 13:05:57,296 INFO [long-pulling] client count 0

2026-05-17 13:05:57,329 INFO groupCount = 1, subscriberClientCount = 0, subscriberCount = 0

2026-05-17 13:05:57,376 INFO toNotifyTaskSize = 0

2026-05-17 13:05:57,376 INFO toClientNotifyTaskSize = 0

2026-05-17 13:06:07,304 INFO [long-pulling] client count 0

2026-05-17 13:06:07,336 INFO groupCount = 1, subscriberClientCount = 0, subscriberCount = 0

2026-05-17 13:06:07,385 INFO toNotifyTaskSize = 0

2026-05-17 13:06:07,385 INFO toClientNotifyTaskSize = 0

2026-05-17 13:06:17,321 INFO [long-pulling] client count 0

2026-05-17 13:06:17,337 INFO groupCount = 1, subscriberClientCount = 0, subscriberCount = 0

2026-05-17 13:06:17,387 INFO toNotifyTaskSize = 0

2026-05-17 13:06:17,387 INFO toClientNotifyTaskSize = 0

2026-05-17 13:06:27,329 INFO [long-pulling] client count 0

2026-05-17 13:06:27,345 INFO groupCount = 1, subscriberClientCount = 0, subscriberCount = 0

2026-05-17 13:06:27,394 INFO toNotifyTaskSize = 0

2026-05-17 13:06:27,394 INFO toClientNotifyTaskSize = 0

2026-05-17 13:06:37,330 INFO [long-pulling] client count 0

2026-05-17 13:06:37,346 INFO groupCount = 1, subscriberClientCount = 0, subscriberCount = 0

2026-05-17 13:06:37,396 INFO toNotifyTaskSize = 0

2026-05-17 13:06:37,396 INFO toClientNotifyTaskSize = 0

2026-05-17 13:06:47,345 INFO [long-pulling] client count 0

2026-05-17 13:06:47,361 INFO groupCount = 1, subscriberClientCount = 0, subscriberCount = 0

2026-05-17 13:06:47,409 INFO toNotifyTaskSize = 0

2026-05-17 13:06:47,409 INFO toClientNotifyTaskSize = 0

2026-05-17 13:06:57,358 INFO [long-pulling] client count 0

2026-05-17 13:06:57,374 INFO groupCount = 1, subscriberClientCount = 0, subscriberCount = 0

2026-05-17 13:06:57,423 INFO toNotifyTaskSize = 0

2026-05-17 13:06:57,423 INFO toClientNotifyTaskSize = 0

2026-05-17 13:07:07,363 INFO [long-pulling] client count 0

2026-05-17 13:07:07,379 INFO groupCount = 1, subscriberClientCount = 0, subscriberCount = 0

2026-05-17 13:07:07,429 INFO toNotifyTaskSize = 0

2026-05-17 13:07:07,429 INFO toClientNotifyTaskSize = 0

2026-05-17 13:07:17,369 INFO [long-pulling] client count 0

2026-05-17 13:07:17,385 INFO groupCount = 1, subscriberClientCount = 0, subscriberCount = 0

2026-05-17 13:07:17,433 INFO toNotifyTaskSize = 0

2026-05-17 13:07:17,433 INFO toClientNotifyTaskSize = 0

2026-05-17 13:07:27,374 INFO [long-pulling] client count 0

2026-05-17 13:07:27,390 INFO groupCount = 1, subscriberClientCount = 0, subscriberCount = 0

2026-05-17 13:07:27,440 INFO toNotifyTaskSize = 0

2026-05-17 13:07:27,440 INFO toClientNotifyTaskSize = 0

2026-05-17 13:07:37,379 INFO [long-pulling] client count 0

2026-05-17 13:07:37,395 INFO groupCount = 1, subscriberClientCount = 0, subscriberCount = 0

2026-05-17 13:07:37,442 INFO toNotifyTaskSize = 0

2026-05-17 13:07:37,442 INFO toClientNotifyTaskSize = 0

2026-05-17 13:07:47,390 INFO [long-pulling] client count 0

2026-05-17 13:07:47,406 INFO groupCount = 1, subscriberClientCount = 0, subscriberCount = 0

2026-05-17 13:07:47,454 INFO toNotifyTaskSize = 0

2026-05-17 13:07:47,454 INFO toClientNotifyTaskSize = 0

2026-05-17 13:07:57,405 INFO [long-pulling] client count 0

2026-05-17 13:07:57,422 INFO groupCount = 1, subscriberClientCount = 0, subscriberCount = 0

2026-05-17 13:07:57,470 INFO toNotifyTaskSize = 0

2026-05-17 13:07:57,470 INFO toClientNotifyTaskSize = 0

2026-05-17 13:08:07,419 INFO [long-pulling] client count 0

2026-05-17 13:08:07,435 INFO groupCount = 1, subscriberClientCount = 0, subscriberCount = 0

2026-05-17 13:08:07,483 INFO toNotifyTaskSize = 0

2026-05-17 13:08:07,483 INFO toClientNotifyTaskSize = 0

2026-05-17 13:08:17,431 INFO [long-pulling] client count 0

2026-05-17 13:08:17,447 INFO groupCount = 1, subscriberClientCount = 0, subscriberCount = 0

2026-05-17 13:08:17,496 INFO toNotifyTaskSize = 0

2026-05-17 13:08:17,496 INFO toClientNotifyTaskSize = 0

2026-05-17 13:08:27,434 INFO [long-pulling] client count 0

2026-05-17 13:08:27,451 INFO groupCount = 1, subscriberClientCount = 0, subscriberCount = 0

2026-05-17 13:08:27,500 INFO toNotifyTaskSize = 0

2026-05-17 13:08:27,500 INFO toClientNotifyTaskSize = 0

2026-05-17 13:08:37,449 INFO [long-pulling] client count 0

2026-05-17 13:08:37,466 INFO groupCount = 1, subscriberClientCount = 0, subscriberCount = 0

2026-05-17 13:08:37,516 INFO toNotifyTaskSize = 0

2026-05-17 13:08:37,516 INFO toClientNotifyTaskSize = 0

2026-05-17 13:08:47,458 INFO [long-pulling] client count 0

2026-05-17 13:08:47,474 INFO groupCount = 1, subscriberClientCount = 0, subscriberCount = 0

2026-05-17 13:08:47,524 INFO toNotifyTaskSize = 0

2026-05-17 13:08:47,524 INFO toClientNotifyTaskSize = 0

2026-05-17 13:08:57,468 INFO [long-pulling] client count 0

2026-05-17 13:08:57,484 INFO groupCount = 1, subscriberClientCount = 0, subscriberCount = 0

2026-05-17 13:08:57,531 INFO toNotifyTaskSize = 0

2026-05-17 13:08:57,531 INFO toClientNotifyTaskSize = 0

2026-05-17 13:09:07,471 INFO [long-pulling] client count 0

2026-05-17 13:09:07,487 INFO groupCount = 1, subscriberClientCount = 0, subscriberCount = 0

2026-05-17 13:09:07,534 INFO toNotifyTaskSize = 0

2026-05-17 13:09:07,534 INFO toClientNotifyTaskSize = 0

2026-05-17 13:09:17,474 INFO [long-pulling] client count 0

2026-05-17 13:09:17,490 INFO groupCount = 1, subscriberClientCount = 0, subscriberCount = 0

2026-05-17 13:09:17,537 INFO toNotifyTaskSize = 0

2026-05-17 13:09:17,537 INFO toClientNotifyTaskSize = 0

2026-05-17 13:09:27,484 INFO [long-pulling] client count 0

2026-05-17 13:09:27,501 INFO groupCount = 1, subscriberClientCount = 0, subscriberCount = 0

2026-05-17 13:09:27,550 INFO toNotifyTaskSize = 0

2026-05-17 13:09:27,550 INFO toClientNotifyTaskSize = 0

2026-05-17 13:09:37,497 INFO [long-pulling] client count 0

2026-05-17 13:09:37,512 INFO groupCount = 1, subscriberClientCount = 0, subscriberCount = 0

2026-05-17 13:09:37,559 INFO toNotifyTaskSize = 0

2026-05-17 13:09:37,559 INFO toClientNotifyTaskSize = 0

2026-05-17 13:09:47,501 INFO [long-pulling] client count 0

2026-05-17 13:09:47,516 INFO groupCount = 1, subscriberClientCount = 0, subscriberCount = 0

2026-05-17 13:09:47,564 INFO toNotifyTaskSize = 0

2026-05-17 13:09:47,564 INFO toClientNotifyTaskSize = 0

2026-05-17 13:09:57,502 INFO [long-pulling] client count 0

2026-05-17 13:09:57,518 INFO groupCount = 1, subscriberClientCount = 0, subscriberCount = 0

2026-05-17 13:09:57,567 INFO toNotifyTaskSize = 0

2026-05-17 13:09:57,567 INFO toClientNotifyTaskSize = 0

2026-05-17 13:10:07,505 INFO [long-pulling] client count 0

2026-05-17 13:10:07,521 INFO groupCount = 1, subscriberClientCount = 0, subscriberCount = 0

2026-05-17 13:10:07,570 INFO toNotifyTaskSize = 0

2026-05-17 13:10:07,570 INFO toClientNotifyTaskSize = 0

2026-05-17 13:10:17,520 INFO [long-pulling] client count 0

2026-05-17 13:10:17,536 INFO groupCount = 1, subscriberClientCount = 0, subscriberCount = 0

2026-05-17 13:10:17,584 INFO toNotifyTaskSize = 0

2026-05-17 13:10:17,584 INFO toClientNotifyTaskSize = 0

2026-05-17 13:10:27,524 INFO [long-pulling] client count 0

2026-05-17 13:10:27,540 INFO groupCount = 1, subscriberClientCount = 0, subscriberCount = 0

2026-05-17 13:10:27,587 INFO toNotifyTaskSize = 0

2026-05-17 13:10:27,587 INFO toClientNotifyTaskSize = 0

2026-05-17 13:10:37,540 INFO [long-pulling] client count 0

2026-05-17 13:10:37,540 INFO groupCount = 1, subscriberClientCount = 0, subscriberCount = 0

2026-05-17 13:10:37,589 INFO toNotifyTaskSize = 0

2026-05-17 13:10:37,589 INFO toClientNotifyTaskSize = 0

2026-05-17 13:10:47,547 INFO [long-pulling] client count 0

2026-05-17 13:10:47,547 INFO groupCount = 1, subscriberClientCount = 0, subscriberCount = 0

2026-05-17 13:10:47,595 INFO toNotifyTaskSize = 0

2026-05-17 13:10:47,595 INFO toClientNotifyTaskSize = 0

2026-05-17 13:10:57,551 INFO [long-pulling] client count 0

2026-05-17 13:10:57,551 INFO groupCount = 1, subscriberClientCount = 0, subscriberCount = 0

2026-05-17 13:10:57,600 INFO toNotifyTaskSize = 0

2026-05-17 13:10:57,600 INFO toClientNotifyTaskSize = 0

2026-05-17 13:11:07,554 INFO [long-pulling] client count 0

2026-05-17 13:11:07,554 INFO groupCount = 1, subscriberClientCount = 0, subscriberCount = 0

2026-05-17 13:11:07,603 INFO toNotifyTaskSize = 0

2026-05-17 13:11:07,603 INFO toClientNotifyTaskSize = 0

2026-05-17 13:11:17,562 INFO [long-pulling] client count 0

2026-05-17 13:11:17,562 INFO groupCount = 1, subscriberClientCount = 0, subscriberCount = 0

2026-05-17 13:11:17,611 INFO toNotifyTaskSize = 0

2026-05-17 13:11:17,611 INFO toClientNotifyTaskSize = 0

2026-05-17 13:11:27,579 INFO [long-pulling] client count 0

2026-05-17 13:11:27,579 INFO groupCount = 1, subscriberClientCount = 0, subscriberCount = 0

2026-05-17 13:11:27,627 INFO toNotifyTaskSize = 0

2026-05-17 13:11:27,627 INFO toClientNotifyTaskSize = 0

2026-05-17 13:11:37,593 INFO [long-pulling] client count 0

2026-05-17 13:11:37,593 INFO groupCount = 1, subscriberClientCount = 0, subscriberCount = 0

2026-05-17 13:11:37,643 INFO toNotifyTaskSize = 0

2026-05-17 13:11:37,643 INFO toClientNotifyTaskSize = 0

2026-05-17 13:11:47,608 INFO [long-pulling] client count 0

2026-05-17 13:11:47,608 INFO groupCount = 1, subscriberClientCount = 0, subscriberCount = 0

2026-05-17 13:11:47,657 INFO toNotifyTaskSize = 0

2026-05-17 13:11:47,657 INFO toClientNotifyTaskSize = 0

2026-05-17 13:11:57,614 INFO [long-pulling] client count 0

2026-05-17 13:11:57,614 INFO groupCount = 1, subscriberClientCount = 0, subscriberCount = 0

2026-05-17 13:11:57,661 INFO toNotifyTaskSize = 0

2026-05-17 13:11:57,661 INFO toClientNotifyTaskSize = 0

2026-05-17 13:12:07,621 INFO [long-pulling] client count 0

2026-05-17 13:12:07,621 INFO groupCount = 1, subscriberClientCount = 0, subscriberCount = 0

2026-05-17 13:12:07,670 INFO toNotifyTaskSize = 0

2026-05-17 13:12:07,670 INFO toClientNotifyTaskSize = 0

2026-05-17 13:12:17,636 INFO [long-pulling] client count 0

2026-05-17 13:12:17,636 INFO groupCount = 1, subscriberClientCount = 0, subscriberCount = 0

2026-05-17 13:12:17,686 INFO toNotifyTaskSize = 0

2026-05-17 13:12:17,686 INFO toClientNotifyTaskSize = 0

2026-05-17 13:12:27,643 INFO [long-pulling] client count 0

2026-05-17 13:12:27,643 INFO groupCount = 1, subscriberClientCount = 0, subscriberCount = 0

2026-05-17 13:12:27,692 INFO toNotifyTaskSize = 0

2026-05-17 13:12:27,692 INFO toClientNotifyTaskSize = 0

2026-05-17 13:12:37,648 INFO groupCount = 1, subscriberClientCount = 0, subscriberCount = 0

2026-05-17 13:12:37,648 INFO [long-pulling] client count 0

2026-05-17 13:12:37,697 INFO toNotifyTaskSize = 0

2026-05-17 13:12:37,697 INFO toClientNotifyTaskSize = 0

2026-05-17 13:12:47,659 INFO [long-pulling] client count 0

2026-05-17 13:12:47,659 INFO groupCount = 1, subscriberClientCount = 0, subscriberCount = 0

2026-05-17 13:12:47,708 INFO toNotifyTaskSize = 0

2026-05-17 13:12:47,708 INFO toClientNotifyTaskSize = 0

2026-05-17 13:12:57,666 INFO [long-pulling] client count 0

2026-05-17 13:12:57,666 INFO groupCount = 1, subscriberClientCount = 0, subscriberCount = 0

2026-05-17 13:12:57,714 INFO toNotifyTaskSize = 0

2026-05-17 13:12:57,714 INFO toClientNotifyTaskSize = 0

2026-05-17 13:13:07,678 INFO [long-pulling] client count 0

2026-05-17 13:13:07,678 INFO groupCount = 1, subscriberClientCount = 0, subscriberCount = 0

2026-05-17 13:13:07,727 INFO toNotifyTaskSize = 0

2026-05-17 13:13:07,727 INFO toClientNotifyTaskSize = 0

2026-05-17 13:13:17,691 INFO [long-pulling] client count 0

2026-05-17 13:13:17,691 INFO groupCount = 1, subscriberClientCount = 0, subscriberCount = 0

2026-05-17 13:13:17,741 INFO toNotifyTaskSize = 0

2026-05-17 13:13:17,741 INFO toClientNotifyTaskSize = 0

2026-05-17 13:13:27,693 INFO [long-pulling] client count 0

2026-05-17 13:13:27,693 INFO groupCount = 1, subscriberClientCount = 0, subscriberCount = 0

2026-05-17 13:13:27,743 INFO toNotifyTaskSize = 0

2026-05-17 13:13:27,743 INFO toClientNotifyTaskSize = 0

2026-05-17 13:13:37,697 INFO groupCount = 1, subscriberClientCount = 0, subscriberCount = 0

2026-05-17 13:13:37,697 INFO [long-pulling] client count 0

2026-05-17 13:13:37,747 INFO toNotifyTaskSize = 0

2026-05-17 13:13:37,747 INFO toClientNotifyTaskSize = 0

2026-05-17 13:13:47,705 INFO [long-pulling] client count 0

2026-05-17 13:13:47,705 INFO groupCount = 1, subscriberClientCount = 0, subscriberCount = 0

2026-05-17 13:13:47,755 INFO toNotifyTaskSize = 0

2026-05-17 13:13:47,755 INFO toClientNotifyTaskSize = 0

2026-05-17 13:13:57,709 INFO [long-pulling] client count 0

2026-05-17 13:13:57,709 INFO groupCount = 1, subscriberClientCount = 0, subscriberCount = 0

2026-05-17 13:13:57,757 INFO toNotifyTaskSize = 0

2026-05-17 13:13:57,757 INFO toClientNotifyTaskSize = 0

2026-05-17 13:14:07,714 INFO groupCount = 1, subscriberClientCount = 0, subscriberCount = 0

2026-05-17 13:14:07,714 INFO [long-pulling] client count 0

2026-05-17 13:14:07,763 INFO toNotifyTaskSize = 0

2026-05-17 13:14:07,763 INFO toClientNotifyTaskSize = 0

2026-05-17 13:14:17,722 INFO groupCount = 1, subscriberClientCount = 0, subscriberCount = 0

2026-05-17 13:14:17,722 INFO [long-pulling] client count 0

2026-05-17 13:14:17,771 INFO toNotifyTaskSize = 0

2026-05-17 13:14:17,771 INFO toClientNotifyTaskSize = 0

2026-05-17 13:14:27,725 INFO [long-pulling] client count 0

2026-05-17 13:14:27,725 INFO groupCount = 1, subscriberClientCount = 0, subscriberCount = 0

2026-05-17 13:14:27,774 INFO toNotifyTaskSize = 0

2026-05-17 13:14:27,774 INFO toClientNotifyTaskSize = 0

2026-05-17 13:14:37,735 INFO [long-pulling] client count 0

2026-05-17 13:14:37,735 INFO groupCount = 1, subscriberClientCount = 0, subscriberCount = 0

2026-05-17 13:14:37,784 INFO toNotifyTaskSize = 0

2026-05-17 13:14:37,784 INFO toClientNotifyTaskSize = 0

2026-05-17 13:14:47,741 INFO [long-pulling] client count 0

2026-05-17 13:14:47,741 INFO groupCount = 1, subscriberClientCount = 0, subscriberCount = 0

2026-05-17 13:14:47,788 INFO toNotifyTaskSize = 0

2026-05-17 13:14:47,788 INFO toClientNotifyTaskSize = 0

2026-05-17 13:14:57,748 INFO [long-pulling] client count 0

2026-05-17 13:14:57,748 INFO groupCount = 1, subscriberClientCount = 0, subscriberCount = 0

2026-05-17 13:14:57,797 INFO toNotifyTaskSize = 0

2026-05-17 13:14:57,797 INFO toClientNotifyTaskSize = 0

2026-05-17 13:15:07,762 INFO [long-pulling] client count 0

2026-05-17 13:15:07,762 INFO groupCount = 1, subscriberClientCount = 0, subscriberCount = 0

2026-05-17 13:15:07,811 INFO toNotifyTaskSize = 0

2026-05-17 13:15:07,811 INFO toClientNotifyTaskSize = 0

2026-05-17 13:15:17,766 INFO [long-pulling] client count 0

2026-05-17 13:15:17,766 INFO groupCount = 1, subscriberClientCount = 0, subscriberCount = 0

2026-05-17 13:15:17,815 INFO toNotifyTaskSize = 0

2026-05-17 13:15:17,815 INFO toClientNotifyTaskSize = 0

2026-05-17 13:15:27,776 INFO groupCount = 1, subscriberClientCount = 0, subscriberCount = 0

2026-05-17 13:15:27,776 INFO [long-pulling] client count 0

2026-05-17 13:15:27,825 INFO toNotifyTaskSize = 0

2026-05-17 13:15:27,825 INFO toClientNotifyTaskSize = 0

2026-05-17 13:15:37,792 INFO groupCount = 1, subscriberClientCount = 0, subscriberCount = 0

2026-05-17 13:15:37,792 INFO [long-pulling] client count 0

2026-05-17 13:15:37,840 INFO toNotifyTaskSize = 0

2026-05-17 13:15:37,840 INFO toClientNotifyTaskSize = 0

2026-05-17 13:15:47,797 INFO [long-pulling] client count 0

2026-05-17 13:15:47,797 INFO groupCount = 1, subscriberClientCount = 0, subscriberCount = 0

2026-05-17 13:15:47,845 INFO toNotifyTaskSize = 0

2026-05-17 13:15:47,845 INFO toClientNotifyTaskSize = 0

2026-05-17 13:15:57,808 INFO [long-pulling] client count 0

2026-05-17 13:15:57,808 INFO groupCount = 1, subscriberClientCount = 0, subscriberCount = 0

2026-05-17 13:15:57,856 INFO toNotifyTaskSize = 0

2026-05-17 13:15:57,856 INFO toClientNotifyTaskSize = 0

2026-05-17 13:16:07,815 INFO [long-pulling] client count 0

2026-05-17 13:16:07,815 INFO groupCount = 1, subscriberClientCount = 0, subscriberCount = 0

2026-05-17 13:16:07,865 INFO toNotifyTaskSize = 0

2026-05-17 13:16:07,865 INFO toClientNotifyTaskSize = 0

2026-05-17 13:16:17,828 INFO [long-pulling] client count 0

2026-05-17 13:16:17,828 INFO groupCount = 1, subscriberClientCount = 0, subscriberCount = 0

2026-05-17 13:16:17,878 INFO toNotifyTaskSize = 0

2026-05-17 13:16:17,878 INFO toClientNotifyTaskSize = 0

2026-05-17 13:16:27,834 INFO [long-pulling] client count 0

2026-05-17 13:16:27,834 INFO groupCount = 1, subscriberClientCount = 0, subscriberCount = 0

2026-05-17 13:16:27,883 INFO toNotifyTaskSize = 0

2026-05-17 13:16:27,883 INFO toClientNotifyTaskSize = 0

2026-05-17 13:16:37,848 INFO [long-pulling] client count 0

2026-05-17 13:16:37,848 INFO groupCount = 1, subscriberClientCount = 0, subscriberCount = 0

2026-05-17 13:16:37,897 INFO toNotifyTaskSize = 0

2026-05-17 13:16:37,897 INFO toClientNotifyTaskSize = 0

2026-05-17 13:16:47,853 INFO [long-pulling] client count 0

2026-05-17 13:16:47,853 INFO groupCount = 1, subscriberClientCount = 0, subscriberCount = 0

2026-05-17 13:16:47,903 INFO toNotifyTaskSize = 0

2026-05-17 13:16:47,903 INFO toClientNotifyTaskSize = 0

2026-05-17 13:16:57,863 INFO [long-pulling] client count 0

2026-05-17 13:16:57,863 INFO groupCount = 1, subscriberClientCount = 0, subscriberCount = 0

2026-05-17 13:16:57,912 INFO toNotifyTaskSize = 0

2026-05-17 13:16:57,912 INFO toClientNotifyTaskSize = 0

2026-05-17 13:17:07,874 INFO [long-pulling] client count 0

2026-05-17 13:17:07,874 INFO groupCount = 1, subscriberClientCount = 0, subscriberCount = 0

2026-05-17 13:17:07,922 INFO toNotifyTaskSize = 0

2026-05-17 13:17:07,922 INFO toClientNotifyTaskSize = 0

2026-05-17 13:17:17,876 INFO [long-pulling] client count 0

2026-05-17 13:17:17,876 INFO groupCount = 1, subscriberClientCount = 0, subscriberCount = 0

2026-05-17 13:17:17,923 INFO toNotifyTaskSize = 0

2026-05-17 13:17:17,923 INFO toClientNotifyTaskSize = 0

2026-05-17 13:17:27,880 INFO groupCount = 1, subscriberClientCount = 0, subscriberCount = 0

2026-05-17 13:17:27,880 INFO [long-pulling] client count 0

2026-05-17 13:17:27,930 INFO toNotifyTaskSize = 0

2026-05-17 13:17:27,930 INFO toClientNotifyTaskSize = 0

2026-05-17 13:17:37,888 INFO [long-pulling] client count 0

2026-05-17 13:17:37,888 INFO groupCount = 1, subscriberClientCount = 0, subscriberCount = 0

2026-05-17 13:17:37,936 INFO toNotifyTaskSize = 0

2026-05-17 13:17:37,936 INFO toClientNotifyTaskSize = 0

2026-05-17 13:17:47,892 INFO [long-pulling] client count 0

2026-05-17 13:17:47,892 INFO groupCount = 1, subscriberClientCount = 0, subscriberCount = 0

2026-05-17 13:17:47,941 INFO toNotifyTaskSize = 0

2026-05-17 13:17:47,941 INFO toClientNotifyTaskSize = 0

2026-05-17 13:17:57,900 INFO [long-pulling] client count 0

2026-05-17 13:17:57,900 INFO groupCount = 1, subscriberClientCount = 0, subscriberCount = 0

2026-05-17 13:17:57,949 INFO toNotifyTaskSize = 0

2026-05-17 13:17:57,949 INFO toClientNotifyTaskSize = 0

2026-05-17 13:18:07,901 INFO [long-pulling] client count 0

2026-05-17 13:18:07,901 INFO groupCount = 1, subscriberClientCount = 0, subscriberCount = 0

2026-05-17 13:18:07,950 INFO toNotifyTaskSize = 0

2026-05-17 13:18:07,950 INFO toClientNotifyTaskSize = 0

2026-05-17 13:18:17,913 INFO groupCount = 1, subscriberClientCount = 0, subscriberCount = 0

2026-05-17 13:18:17,913 INFO [long-pulling] client count 0

2026-05-17 13:18:17,962 INFO toNotifyTaskSize = 0

2026-05-17 13:18:17,962 INFO toClientNotifyTaskSize = 0

2026-05-17 13:18:27,919 INFO [long-pulling] client count 0

2026-05-17 13:18:27,919 INFO groupCount = 1, subscriberClientCount = 0, subscriberCount = 0

2026-05-17 13:18:27,968 INFO toNotifyTaskSize = 0

2026-05-17 13:18:27,968 INFO toClientNotifyTaskSize = 0

2026-05-17 13:18:37,931 INFO [long-pulling] client count 0

2026-05-17 13:18:37,931 INFO groupCount = 1, subscriberClientCount = 0, subscriberCount = 0

2026-05-17 13:18:37,979 INFO toNotifyTaskSize = 0

2026-05-17 13:18:37,979 INFO toClientNotifyTaskSize = 0

2026-05-17 13:18:47,935 INFO groupCount = 1, subscriberClientCount = 0, subscriberCount = 0

2026-05-17 13:18:47,935 INFO [long-pulling] client count 0

2026-05-17 13:18:47,985 INFO toNotifyTaskSize = 0

2026-05-17 13:18:47,985 INFO toClientNotifyTaskSize = 0

2026-05-17 13:18:57,948 INFO groupCount = 1, subscriberClientCount = 0, subscriberCount = 0

2026-05-17 13:18:57,948 INFO [long-pulling] client count 0

2026-05-17 13:18:57,998 INFO toNotifyTaskSize = 0

2026-05-17 13:18:57,998 INFO toClientNotifyTaskSize = 0

2026-05-17 13:19:07,962 INFO [long-pulling] client count 0

2026-05-17 13:19:07,962 INFO groupCount = 1, subscriberClientCount = 0, subscriberCount = 0

2026-05-17 13:19:08,010 INFO toNotifyTaskSize = 0

2026-05-17 13:19:08,010 INFO toClientNotifyTaskSize = 0

2026-05-17 13:19:17,976 INFO [long-pulling] client count 0

2026-05-17 13:19:17,976 INFO groupCount = 1, subscriberClientCount = 0, subscriberCount = 0

2026-05-17 13:19:18,023 INFO toNotifyTaskSize = 0

2026-05-17 13:19:18,023 INFO toClientNotifyTaskSize = 0

2026-05-17 13:19:27,986 INFO [long-pulling] client count 0

2026-05-17 13:19:27,986 INFO groupCount = 1, subscriberClientCount = 0, subscriberCount = 0

2026-05-17 13:19:28,035 INFO toNotifyTaskSize = 0

2026-05-17 13:19:28,035 INFO toClientNotifyTaskSize = 0

2026-05-17 13:19:38,001 INFO [long-pulling] client count 0

2026-05-17 13:19:38,001 INFO groupCount = 1, subscriberClientCount = 0, subscriberCount = 0

2026-05-17 13:19:38,050 INFO toNotifyTaskSize = 0

2026-05-17 13:19:38,050 INFO toClientNotifyTaskSize = 0

2026-05-17 13:19:48,009 INFO [long-pulling] client count 0

2026-05-17 13:19:48,009 INFO groupCount = 1, subscriberClientCount = 0, subscriberCount = 0

2026-05-17 13:19:48,057 INFO toNotifyTaskSize = 0

2026-05-17 13:19:48,057 INFO toClientNotifyTaskSize = 0

2026-05-17 13:19:58,020 INFO [long-pulling] client count 0

2026-05-17 13:19:58,020 INFO groupCount = 1, subscriberClientCount = 0, subscriberCount = 0

2026-05-17 13:19:58,069 INFO toNotifyTaskSize = 0

2026-05-17 13:19:58,069 INFO toClientNotifyTaskSize = 0

2026-05-17 13:20:08,024 INFO [long-pulling] client count 0

2026-05-17 13:20:08,024 INFO groupCount = 1, subscriberClientCount = 0, subscriberCount = 0

2026-05-17 13:20:08,074 INFO toNotifyTaskSize = 0

2026-05-17 13:20:08,074 INFO toClientNotifyTaskSize = 0

2026-05-17 13:20:18,025 INFO [long-pulling] client count 0

2026-05-17 13:20:18,025 INFO groupCount = 1, subscriberClientCount = 0, subscriberCount = 0

2026-05-17 13:20:18,089 INFO toNotifyTaskSize = 0

2026-05-17 13:20:18,089 INFO toClientNotifyTaskSize = 0

2026-05-17 13:20:28,035 INFO groupCount = 1, subscriberClientCount = 0, subscriberCount = 0

2026-05-17 13:20:28,035 INFO [long-pulling] client count 0

2026-05-17 13:20:28,100 INFO toNotifyTaskSize = 0

2026-05-17 13:20:28,100 INFO toClientNotifyTaskSize = 0

2026-05-17 13:20:38,044 INFO [long-pulling] client count 0

2026-05-17 13:20:38,044 INFO groupCount = 1, subscriberClientCount = 0, subscriberCount = 0

2026-05-17 13:20:38,111 INFO toNotifyTaskSize = 0

2026-05-17 13:20:38,111 INFO toClientNotifyTaskSize = 0

2026-05-17 13:20:48,046 INFO [long-pulling] client count 0

2026-05-17 13:20:48,046 INFO groupCount = 1, subscriberClientCount = 0, subscriberCount = 0

2026-05-17 13:20:48,112 INFO toNotifyTaskSize = 0

2026-05-17 13:20:48,112 INFO toClientNotifyTaskSize = 0

2026-05-17 13:20:58,054 INFO [long-pulling] client count 0

2026-05-17 13:20:58,054 INFO groupCount = 1, subscriberClientCount = 0, subscriberCount = 0

2026-05-17 13:20:58,120 INFO toNotifyTaskSize = 0

2026-05-17 13:20:58,120 INFO toClientNotifyTaskSize = 0

2026-05-17 13:21:08,063 INFO [long-pulling] client count 0

2026-05-17 13:21:08,063 INFO groupCount = 1, subscriberClientCount = 0, subscriberCount = 0

2026-05-17 13:21:08,128 INFO toNotifyTaskSize = 0

2026-05-17 13:21:08,128 INFO toClientNotifyTaskSize = 0

2026-05-17 13:21:18,071 INFO [long-pulling] client count 0

2026-05-17 13:21:18,071 INFO groupCount = 1, subscriberClientCount = 0, subscriberCount = 0

2026-05-17 13:21:18,136 INFO toNotifyTaskSize = 0

2026-05-17 13:21:18,136 INFO toClientNotifyTaskSize = 0

2026-05-17 13:21:28,074 INFO groupCount = 1, subscriberClientCount = 0, subscriberCount = 0

2026-05-17 13:21:28,074 INFO [long-pulling] client count 0

2026-05-17 13:21:28,139 INFO toNotifyTaskSize = 0

2026-05-17 13:21:28,139 INFO toClientNotifyTaskSize = 0

2026-05-17 13:21:38,076 INFO [long-pulling] client count 0

2026-05-17 13:21:38,076 INFO groupCount = 1, subscriberClientCount = 0, subscriberCount = 0

2026-05-17 13:21:38,155 INFO toNotifyTaskSize = 0

2026-05-17 13:21:38,155 INFO toClientNotifyTaskSize = 0

2026-05-17 13:21:48,086 INFO [long-pulling] client count 0

2026-05-17 13:21:48,086 INFO groupCount = 1, subscriberClientCount = 0, subscriberCount = 0

2026-05-17 13:21:48,167 INFO toNotifyTaskSize = 0

2026-05-17 13:21:48,167 INFO toClientNotifyTaskSize = 0

2026-05-17 13:21:58,100 INFO [long-pulling] client count 0

2026-05-17 13:21:58,100 INFO groupCount = 1, subscriberClientCount = 0, subscriberCount = 0

2026-05-17 13:21:58,183 INFO toNotifyTaskSize = 0

2026-05-17 13:21:58,183 INFO toClientNotifyTaskSize = 0

2026-05-17 13:22:08,106 INFO groupCount = 1, subscriberClientCount = 0, subscriberCount = 0

2026-05-17 13:22:08,106 INFO [long-pulling] client count 0

2026-05-17 13:22:08,187 INFO toNotifyTaskSize = 0

2026-05-17 13:22:08,187 INFO toClientNotifyTaskSize = 0

2026-05-17 13:22:18,120 INFO groupCount = 1, subscriberClientCount = 0, subscriberCount = 0

2026-05-17 13:22:18,120 INFO [long-pulling] client count 0

2026-05-17 13:22:18,201 INFO toNotifyTaskSize = 0

2026-05-17 13:22:18,201 INFO toClientNotifyTaskSize = 0

2026-05-17 13:22:28,131 INFO [long-pulling] client count 0

2026-05-17 13:22:28,131 INFO groupCount = 1, subscriberClientCount = 0, subscriberCount = 0

2026-05-17 13:22:28,214 INFO toNotifyTaskSize = 0

2026-05-17 13:22:28,214 INFO toClientNotifyTaskSize = 0

2026-05-17 13:22:38,146 INFO groupCount = 1, subscriberClientCount = 0, subscriberCount = 0

2026-05-17 13:22:38,146 INFO [long-pulling] client count 0

2026-05-17 13:22:38,226 INFO toNotifyTaskSize = 0

2026-05-17 13:22:38,226 INFO toClientNotifyTaskSize = 0

2026-05-17 13:22:48,157 INFO [long-pulling] client count 0

2026-05-17 13:22:48,157 INFO groupCount = 1, subscriberClientCount = 0, subscriberCount = 0

2026-05-17 13:22:48,238 INFO toNotifyTaskSize = 0

2026-05-17 13:22:48,238 INFO toClientNotifyTaskSize = 0

2026-05-17 13:22:58,165 INFO [long-pulling] client count 0

2026-05-17 13:22:58,165 INFO groupCount = 1, subscriberClientCount = 0, subscriberCount = 0

2026-05-17 13:22:58,244 INFO toNotifyTaskSize = 0

2026-05-17 13:22:58,244 INFO toClientNotifyTaskSize = 0

2026-05-17 13:23:08,180 INFO groupCount = 1, subscriberClientCount = 0, subscriberCount = 0

2026-05-17 13:23:08,180 INFO [long-pulling] client count 0

2026-05-17 13:23:08,245 INFO toNotifyTaskSize = 0

2026-05-17 13:23:08,245 INFO toClientNotifyTaskSize = 0

2026-05-17 13:23:18,184 INFO groupCount = 1, subscriberClientCount = 0, subscriberCount = 0

2026-05-17 13:23:18,184 INFO [long-pulling] client count 0

2026-05-17 13:23:18,250 INFO toNotifyTaskSize = 0

2026-05-17 13:23:18,250 INFO toClientNotifyTaskSize = 0

2026-05-17 13:23:28,193 INFO [long-pulling] client count 0

2026-05-17 13:23:28,193 INFO groupCount = 1, subscriberClientCount = 0, subscriberCount = 0

2026-05-17 13:23:28,259 INFO toNotifyTaskSize = 0

2026-05-17 13:23:28,259 INFO toClientNotifyTaskSize = 0

2026-05-17 13:23:38,195 INFO groupCount = 1, subscriberClientCount = 0, subscriberCount = 0

2026-05-17 13:23:38,195 INFO [long-pulling] client count 0

2026-05-17 13:23:38,261 INFO toNotifyTaskSize = 0

2026-05-17 13:23:38,261 INFO toClientNotifyTaskSize = 0

2026-05-17 13:23:48,210 INFO groupCount = 1, subscriberClientCount = 0, subscriberCount = 0

2026-05-17 13:23:48,210 INFO [long-pulling] client count 0

2026-05-17 13:23:48,274 INFO toNotifyTaskSize = 0

2026-05-17 13:23:48,274 INFO toClientNotifyTaskSize = 0

2026-05-17 13:23:58,220 INFO groupCount = 1, subscriberClientCount = 0, subscriberCount = 0

2026-05-17 13:23:58,220 INFO [long-pulling] client count 0

2026-05-17 13:23:58,286 INFO toNotifyTaskSize = 0

2026-05-17 13:23:58,286 INFO toClientNotifyTaskSize = 0

2026-05-17 13:24:08,235 INFO [long-pulling] client count 0

2026-05-17 13:24:08,235 INFO groupCount = 1, subscriberClientCount = 0, subscriberCount = 0

2026-05-17 13:24:08,299 INFO toNotifyTaskSize = 0

2026-05-17 13:24:08,299 INFO toClientNotifyTaskSize = 0

2026-05-17 13:24:18,237 INFO groupCount = 1, subscriberClientCount = 0, subscriberCount = 0

2026-05-17 13:24:18,237 INFO [long-pulling] client count 0

2026-05-17 13:24:18,300 INFO toNotifyTaskSize = 0

2026-05-17 13:24:18,300 INFO toClientNotifyTaskSize = 0

2026-05-17 13:24:28,248 INFO groupCount = 1, subscriberClientCount = 0, subscriberCount = 0

2026-05-17 13:24:28,248 INFO [long-pulling] client count 0

2026-05-17 13:24:28,313 INFO toNotifyTaskSize = 0

2026-05-17 13:24:28,313 INFO toClientNotifyTaskSize = 0

2026-05-17 13:24:38,251 INFO [long-pulling] client count 0

2026-05-17 13:24:38,251 INFO groupCount = 1, subscriberClientCount = 0, subscriberCount = 0

2026-05-17 13:24:38,316 INFO toNotifyTaskSize = 0

2026-05-17 13:24:38,316 INFO toClientNotifyTaskSize = 0

2026-05-17 13:24:48,262 INFO [long-pulling] client count 0

2026-05-17 13:24:48,262 INFO groupCount = 1, subscriberClientCount = 0, subscriberCount = 0

2026-05-17 13:24:48,326 INFO toNotifyTaskSize = 0

2026-05-17 13:24:48,326 INFO toClientNotifyTaskSize = 0

2026-05-17 13:24:58,268 INFO [long-pulling] client count 0

2026-05-17 13:24:58,268 INFO groupCount = 1, subscriberClientCount = 0, subscriberCount = 0

2026-05-17 13:24:58,334 INFO toNotifyTaskSize = 0

2026-05-17 13:24:58,334 INFO toClientNotifyTaskSize = 0

2026-05-17 13:25:08,280 INFO [long-pulling] client count 0

2026-05-17 13:25:08,280 INFO groupCount = 1, subscriberClientCount = 0, subscriberCount = 0

2026-05-17 13:25:08,343 INFO toNotifyTaskSize = 0

2026-05-17 13:25:08,343 INFO toClientNotifyTaskSize = 0

2026-05-17 13:25:18,293 INFO [long-pulling] client count 0

2026-05-17 13:25:18,293 INFO groupCount = 1, subscriberClientCount = 0, subscriberCount = 0

2026-05-17 13:25:18,358 INFO toNotifyTaskSize = 0

2026-05-17 13:25:18,358 INFO toClientNotifyTaskSize = 0

2026-05-17 13:25:28,307 INFO groupCount = 1, subscriberClientCount = 0, subscriberCount = 0

2026-05-17 13:25:28,307 INFO [long-pulling] client count 0

2026-05-17 13:25:28,371 INFO toNotifyTaskSize = 0

2026-05-17 13:25:28,371 INFO toClientNotifyTaskSize = 0

2026-05-17 13:25:38,321 INFO groupCount = 1, subscriberClientCount = 0, subscriberCount = 0

2026-05-17 13:25:38,321 INFO [long-pulling] client count 0

2026-05-17 13:25:38,387 INFO toNotifyTaskSize = 0

2026-05-17 13:25:38,387 INFO toClientNotifyTaskSize = 0

2026-05-17 13:25:48,330 INFO [long-pulling] client count 0

2026-05-17 13:25:48,330 INFO groupCount = 1, subscriberClientCount = 0, subscriberCount = 0

2026-05-17 13:25:48,395 INFO toNotifyTaskSize = 0

2026-05-17 13:25:48,395 INFO toClientNotifyTaskSize = 0

2026-05-17 13:25:58,341 INFO groupCount = 1, subscriberClientCount = 0, subscriberCount = 0

2026-05-17 13:25:58,341 INFO [long-pulling] client count 0

2026-05-17 13:25:58,405 INFO toNotifyTaskSize = 0

2026-05-17 13:25:58,405 INFO toClientNotifyTaskSize = 0

2026-05-17 13:26:08,357 INFO [long-pulling] client count 0

2026-05-17 13:26:08,357 INFO groupCount = 1, subscriberClientCount = 0, subscriberCount = 0

2026-05-17 13:26:08,421 INFO toNotifyTaskSize = 0

2026-05-17 13:26:08,421 INFO toClientNotifyTaskSize = 0

2026-05-17 13:26:18,362 INFO [long-pulling] client count 0

2026-05-17 13:26:18,362 INFO groupCount = 1, subscriberClientCount = 0, subscriberCount = 0

2026-05-17 13:26:18,428 INFO toNotifyTaskSize = 0

2026-05-17 13:26:18,428 INFO toClientNotifyTaskSize = 0

2026-05-17 13:26:28,375 INFO groupCount = 1, subscriberClientCount = 0, subscriberCount = 0

2026-05-17 13:26:28,375 INFO [long-pulling] client count 0

2026-05-17 13:26:28,440 INFO toNotifyTaskSize = 0

2026-05-17 13:26:28,440 INFO toClientNotifyTaskSize = 0

2026-05-17 13:26:38,392 INFO groupCount = 1, subscriberClientCount = 0, subscriberCount = 0

2026-05-17 13:26:38,392 INFO [long-pulling] client count 0

2026-05-17 13:26:38,441 INFO toNotifyTaskSize = 0

2026-05-17 13:26:38,441 INFO toClientNotifyTaskSize = 0

2026-05-17 13:26:48,400 INFO [long-pulling] client count 0

2026-05-17 13:26:48,400 INFO groupCount = 1, subscriberClientCount = 0, subscriberCount = 0

2026-05-17 13:26:48,447 INFO toNotifyTaskSize = 0

2026-05-17 13:26:48,447 INFO toClientNotifyTaskSize = 0

2026-05-17 13:26:58,408 INFO [long-pulling] client count 0

2026-05-17 13:26:58,408 INFO groupCount = 1, subscriberClientCount = 0, subscriberCount = 0

2026-05-17 13:26:58,457 INFO toNotifyTaskSize = 0

2026-05-17 13:26:58,457 INFO toClientNotifyTaskSize = 0

2026-05-17 13:27:08,413 INFO [long-pulling] client count 0

2026-05-17 13:27:08,413 INFO groupCount = 1, subscriberClientCount = 0, subscriberCount = 0

2026-05-17 13:27:08,461 INFO toNotifyTaskSize = 0

2026-05-17 13:27:08,461 INFO toClientNotifyTaskSize = 0

2026-05-17 13:27:18,415 INFO [long-pulling] client count 0

2026-05-17 13:27:18,415 INFO groupCount = 1, subscriberClientCount = 0, subscriberCount = 0

2026-05-17 13:27:18,464 INFO toNotifyTaskSize = 0

2026-05-17 13:27:18,464 INFO toClientNotifyTaskSize = 0

2026-05-17 13:27:28,417 INFO [long-pulling] client count 0

2026-05-17 13:27:28,417 INFO groupCount = 1, subscriberClientCount = 0, subscriberCount = 0

2026-05-17 13:27:28,466 INFO toNotifyTaskSize = 0

2026-05-17 13:27:28,466 INFO toClientNotifyTaskSize = 0

2026-05-17 13:27:38,426 INFO [long-pulling] client count 0

2026-05-17 13:27:38,426 INFO groupCount = 1, subscriberClientCount = 0, subscriberCount = 0

2026-05-17 13:27:38,474 INFO toNotifyTaskSize = 0

2026-05-17 13:27:38,474 INFO toClientNotifyTaskSize = 0

2026-05-17 13:27:48,434 INFO [long-pulling] client count 0

2026-05-17 13:27:48,434 INFO groupCount = 1, subscriberClientCount = 0, subscriberCount = 0

2026-05-17 13:27:48,482 INFO toNotifyTaskSize = 0

2026-05-17 13:27:48,482 INFO toClientNotifyTaskSize = 0

2026-05-17 13:27:58,435 INFO [long-pulling] client count 0

2026-05-17 13:27:58,435 INFO groupCount = 1, subscriberClientCount = 0, subscriberCount = 0

2026-05-17 13:27:58,484 INFO toNotifyTaskSize = 0

2026-05-17 13:27:58,484 INFO toClientNotifyTaskSize = 0

2026-05-17 13:28:08,449 INFO [long-pulling] client count 0

2026-05-17 13:28:08,449 INFO groupCount = 1, subscriberClientCount = 0, subscriberCount = 0

2026-05-17 13:28:08,497 INFO toNotifyTaskSize = 0

2026-05-17 13:28:08,497 INFO toClientNotifyTaskSize = 0

2026-05-17 13:28:18,460 INFO [long-pulling] client count 0

2026-05-17 13:28:18,460 INFO groupCount = 1, subscriberClientCount = 0, subscriberCount = 0

2026-05-17 13:28:18,509 INFO toNotifyTaskSize = 0

2026-05-17 13:28:18,509 INFO toClientNotifyTaskSize = 0

2026-05-17 13:28:28,473 INFO groupCount = 1, subscriberClientCount = 0, subscriberCount = 0

2026-05-17 13:28:28,473 INFO [long-pulling] client count 0

2026-05-17 13:28:28,521 INFO toNotifyTaskSize = 0

2026-05-17 13:28:28,521 INFO toClientNotifyTaskSize = 0

2026-05-17 13:28:38,486 INFO [long-pulling] client count 0

2026-05-17 13:28:38,486 INFO groupCount = 1, subscriberClientCount = 0, subscriberCount = 0

2026-05-17 13:28:38,534 INFO toNotifyTaskSize = 0

2026-05-17 13:28:38,534 INFO toClientNotifyTaskSize = 0

2026-05-17 13:28:48,490 INFO [long-pulling] client count 0

2026-05-17 13:28:48,490 INFO groupCount = 1, subscriberClientCount = 0, subscriberCount = 0

2026-05-17 13:28:48,537 INFO toNotifyTaskSize = 0

2026-05-17 13:28:48,537 INFO toClientNotifyTaskSize = 0

2026-05-17 13:28:58,503 INFO [long-pulling] client count 0

2026-05-17 13:28:58,503 INFO groupCount = 1, subscriberClientCount = 0, subscriberCount = 0

2026-05-17 13:28:58,551 INFO toNotifyTaskSize = 0

2026-05-17 13:28:58,551 INFO toClientNotifyTaskSize = 0

2026-05-17 13:29:08,510 INFO [long-pulling] client count 0

2026-05-17 13:29:08,510 INFO groupCount = 1, subscriberClientCount = 0, subscriberCount = 0

2026-05-17 13:29:08,559 INFO toNotifyTaskSize = 0

2026-05-17 13:29:08,560 INFO toClientNotifyTaskSize = 0

2026-05-17 13:29:18,518 INFO [long-pulling] client count 0

2026-05-17 13:29:18,518 INFO groupCount = 1, subscriberClientCount = 0, subscriberCount = 0

2026-05-17 13:29:18,567 INFO toNotifyTaskSize = 0

2026-05-17 13:29:18,567 INFO toClientNotifyTaskSize = 0

2026-05-17 13:29:28,519 INFO [long-pulling] client count 0

2026-05-17 13:29:28,519 INFO groupCount = 1, subscriberClientCount = 0, subscriberCount = 0

2026-05-17 13:29:28,582 INFO toNotifyTaskSize = 0

2026-05-17 13:29:28,582 INFO toClientNotifyTaskSize = 0

2026-05-17 13:29:38,520 INFO [long-pulling] client count 0

2026-05-17 13:29:38,536 INFO groupCount = 1, subscriberClientCount = 0, subscriberCount = 0

2026-05-17 13:29:38,585 INFO toNotifyTaskSize = 0

2026-05-17 13:29:38,585 INFO toClientNotifyTaskSize = 0

2026-05-17 13:29:48,533 INFO [long-pulling] client count 0

2026-05-17 13:29:48,550 INFO groupCount = 1, subscriberClientCount = 0, subscriberCount = 0

2026-05-17 13:29:48,599 INFO toNotifyTaskSize = 0

2026-05-17 13:29:48,599 INFO toClientNotifyTaskSize = 0

2026-05-17 13:29:58,545 INFO [long-pulling] client count 0

2026-05-17 13:29:58,561 INFO groupCount = 1, subscriberClientCount = 0, subscriberCount = 0

2026-05-17 13:29:58,609 INFO toNotifyTaskSize = 0

2026-05-17 13:29:58,609 INFO toClientNotifyTaskSize = 0

2026-05-17 13:30:08,549 INFO [long-pulling] client count 0

2026-05-17 13:30:08,565 INFO groupCount = 1, subscriberClientCount = 0, subscriberCount = 0

2026-05-17 13:30:08,614 INFO toNotifyTaskSize = 0

2026-05-17 13:30:08,614 INFO toClientNotifyTaskSize = 0

2026-05-17 13:30:18,551 INFO [long-pulling] client count 0

2026-05-17 13:30:18,567 INFO groupCount = 1, subscriberClientCount = 0, subscriberCount = 0

2026-05-17 13:30:18,616 INFO toNotifyTaskSize = 0

2026-05-17 13:30:18,616 INFO toClientNotifyTaskSize = 0

2026-05-17 13:30:28,563 INFO [long-pulling] client count 0

2026-05-17 13:30:28,579 INFO groupCount = 1, subscriberClientCount = 0, subscriberCount = 0

2026-05-17 13:30:28,626 INFO toNotifyTaskSize = 0

2026-05-17 13:30:28,626 INFO toClientNotifyTaskSize = 0

2026-05-17 13:30:38,579 INFO [long-pulling] client count 0

2026-05-17 13:30:38,579 INFO groupCount = 1, subscriberClientCount = 0, subscriberCount = 0

2026-05-17 13:30:38,629 INFO toNotifyTaskSize = 0

2026-05-17 13:30:38,629 INFO toClientNotifyTaskSize = 0

2026-05-17 13:30:48,595 INFO [long-pulling] client count 0

2026-05-17 13:30:48,595 INFO groupCount = 1, subscriberClientCount = 0, subscriberCount = 0

2026-05-17 13:30:48,644 INFO toNotifyTaskSize = 0

2026-05-17 13:30:48,644 INFO toClientNotifyTaskSize = 0

2026-05-17 13:30:58,603 INFO [long-pulling] client count 0

2026-05-17 13:30:58,603 INFO groupCount = 1, subscriberClientCount = 0, subscriberCount = 0

2026-05-17 13:30:58,652 INFO toNotifyTaskSize = 0

2026-05-17 13:30:58,652 INFO toClientNotifyTaskSize = 0

2026-05-17 13:31:08,611 INFO [long-pulling] client count 0

2026-05-17 13:31:08,611 INFO groupCount = 1, subscriberClientCount = 0, subscriberCount = 0

2026-05-17 13:31:08,660 INFO toNotifyTaskSize = 0

2026-05-17 13:31:08,660 INFO toClientNotifyTaskSize = 0

2026-05-17 13:31:18,615 INFO [long-pulling] client count 0

2026-05-17 13:31:18,615 INFO groupCount = 1, subscriberClientCount = 0, subscriberCount = 0

2026-05-17 13:31:18,663 INFO toNotifyTaskSize = 0

2026-05-17 13:31:18,663 INFO toClientNotifyTaskSize = 0

2026-05-17 13:31:28,616 INFO [long-pulling] client count 0

2026-05-17 13:31:28,616 INFO groupCount = 1, subscriberClientCount = 0, subscriberCount = 0

2026-05-17 13:31:28,666 INFO toNotifyTaskSize = 0

2026-05-17 13:31:28,666 INFO toClientNotifyTaskSize = 0

2026-05-17 13:31:38,631 INFO [long-pulling] client count 0

2026-05-17 13:31:38,631 INFO groupCount = 1, subscriberClientCount = 0, subscriberCount = 0

2026-05-17 13:31:38,680 INFO toNotifyTaskSize = 0

2026-05-17 13:31:38,680 INFO toClientNotifyTaskSize = 0

2026-05-17 13:31:48,646 INFO [long-pulling] client count 0

2026-05-17 13:31:48,646 INFO groupCount = 1, subscriberClientCount = 0, subscriberCount = 0

2026-05-17 13:31:48,693 INFO toNotifyTaskSize = 0

2026-05-17 13:31:48,693 INFO toClientNotifyTaskSize = 0

2026-05-17 13:31:58,646 INFO [long-pulling] client count 0

2026-05-17 13:31:58,646 INFO groupCount = 1, subscriberClientCount = 0, subscriberCount = 0

2026-05-17 13:31:58,695 INFO toNotifyTaskSize = 0

2026-05-17 13:31:58,695 INFO toClientNotifyTaskSize = 0

2026-05-17 13:32:08,659 INFO [long-pulling] client count 0

2026-05-17 13:32:08,659 INFO groupCount = 1, subscriberClientCount = 0, subscriberCount = 0

2026-05-17 13:32:08,707 INFO toNotifyTaskSize = 0

2026-05-17 13:32:08,707 INFO toClientNotifyTaskSize = 0

2026-05-17 13:32:18,662 INFO [long-pulling] client count 0

2026-05-17 13:32:18,662 INFO groupCount = 1, subscriberClientCount = 0, subscriberCount = 0

2026-05-17 13:32:18,712 INFO toNotifyTaskSize = 0

2026-05-17 13:32:18,712 INFO toClientNotifyTaskSize = 0

2026-05-17 13:32:28,671 INFO [long-pulling] client count 0

2026-05-17 13:32:28,671 INFO groupCount = 1, subscriberClientCount = 0, subscriberCount = 0

2026-05-17 13:32:28,720 INFO toNotifyTaskSize = 0

2026-05-17 13:32:28,720 INFO toClientNotifyTaskSize = 0

2026-05-17 13:32:38,676 INFO [long-pulling] client count 0

2026-05-17 13:32:38,676 INFO groupCount = 1, subscriberClientCount = 0, subscriberCount = 0

2026-05-17 13:32:38,724 INFO toNotifyTaskSize = 0

2026-05-17 13:32:38,724 INFO toClientNotifyTaskSize = 0

2026-05-17 13:32:48,678 INFO groupCount = 1, subscriberClientCount = 0, subscriberCount = 0

2026-05-17 13:32:48,678 INFO [long-pulling] client count 0

2026-05-17 13:32:48,728 INFO toNotifyTaskSize = 0

2026-05-17 13:32:48,728 INFO toClientNotifyTaskSize = 0

2026-05-17 13:32:58,689 INFO [long-pulling] client count 0

2026-05-17 13:32:58,689 INFO groupCount = 1, subscriberClientCount = 0, subscriberCount = 0

2026-05-17 13:32:58,737 INFO toNotifyTaskSize = 0

2026-05-17 13:32:58,737 INFO toClientNotifyTaskSize = 0

2026-05-17 13:33:08,690 INFO [long-pulling] client count 0

2026-05-17 13:33:08,690 INFO groupCount = 1, subscriberClientCount = 0, subscriberCount = 0

2026-05-17 13:33:08,754 INFO toNotifyTaskSize = 0

2026-05-17 13:33:08,754 INFO toClientNotifyTaskSize = 0

2026-05-17 13:33:18,691 INFO [long-pulling] client count 0

2026-05-17 13:33:18,691 INFO groupCount = 1, subscriberClientCount = 0, subscriberCount = 0

2026-05-17 13:33:18,756 INFO toNotifyTaskSize = 0

2026-05-17 13:33:18,756 INFO toClientNotifyTaskSize = 0

2026-05-17 13:33:28,699 INFO [long-pulling] client count 0

2026-05-17 13:33:28,699 INFO groupCount = 1, subscriberClientCount = 0, subscriberCount = 0

2026-05-17 13:33:28,764 INFO toNotifyTaskSize = 0

2026-05-17 13:33:28,764 INFO toClientNotifyTaskSize = 0

2026-05-17 13:33:38,700 INFO [long-pulling] client count 0

2026-05-17 13:33:38,700 INFO groupCount = 1, subscriberClientCount = 0, subscriberCount = 0

2026-05-17 13:33:38,779 INFO toNotifyTaskSize = 0

2026-05-17 13:33:38,779 INFO toClientNotifyTaskSize = 0

2026-05-17 13:33:48,705 INFO [long-pulling] client count 0

2026-05-17 13:33:48,705 INFO groupCount = 1, subscriberClientCount = 0, subscriberCount = 0

2026-05-17 13:33:48,787 INFO toNotifyTaskSize = 0

2026-05-17 13:33:48,787 INFO toClientNotifyTaskSize = 0

2026-05-17 13:33:58,709 INFO [long-pulling] client count 0

2026-05-17 13:33:58,709 INFO groupCount = 1, subscriberClientCount = 0, subscriberCount = 0

2026-05-17 13:33:58,791 INFO toNotifyTaskSize = 0

2026-05-17 13:33:58,791 INFO toClientNotifyTaskSize = 0

2026-05-17 13:34:08,711 INFO [long-pulling] client count 0

2026-05-17 13:34:08,711 INFO groupCount = 1, subscriberClientCount = 0, subscriberCount = 0

2026-05-17 13:34:08,792 INFO toNotifyTaskSize = 0

2026-05-17 13:34:08,792 INFO toClientNotifyTaskSize = 0

2026-05-17 13:34:18,725 INFO [long-pulling] client count 0

2026-05-17 13:34:18,725 INFO groupCount = 1, subscriberClientCount = 0, subscriberCount = 0

2026-05-17 13:34:18,806 INFO toNotifyTaskSize = 0

2026-05-17 13:34:18,806 INFO toClientNotifyTaskSize = 0

2026-05-17 13:34:28,739 INFO groupCount = 1, subscriberClientCount = 0, subscriberCount = 0

2026-05-17 13:34:28,739 INFO [long-pulling] client count 0

2026-05-17 13:34:28,820 INFO toNotifyTaskSize = 0

2026-05-17 13:34:28,820 INFO toClientNotifyTaskSize = 0

2026-05-17 13:34:38,742 INFO [long-pulling] client count 0

2026-05-17 13:34:38,742 INFO groupCount = 1, subscriberClientCount = 0, subscriberCount = 0

2026-05-17 13:34:38,824 INFO toNotifyTaskSize = 0

2026-05-17 13:34:38,824 INFO toClientNotifyTaskSize = 0

2026-05-17 13:34:48,747 INFO [long-pulling] client count 0

2026-05-17 13:34:48,747 INFO groupCount = 1, subscriberClientCount = 0, subscriberCount = 0

2026-05-17 13:34:48,828 INFO toNotifyTaskSize = 0

2026-05-17 13:34:48,828 INFO toClientNotifyTaskSize = 0

2026-05-17 13:34:58,760 INFO [long-pulling] client count 0

2026-05-17 13:34:58,760 INFO groupCount = 1, subscriberClientCount = 0, subscriberCount = 0

2026-05-17 13:34:58,835 INFO toNotifyTaskSize = 0

2026-05-17 13:34:58,835 INFO toClientNotifyTaskSize = 0

2026-05-17 13:35:08,780 INFO [long-pulling] client count 0

2026-05-17 13:35:08,780 INFO groupCount = 1, subscriberClientCount = 0, subscriberCount = 0

2026-05-17 13:35:08,846 INFO toNotifyTaskSize = 0

2026-05-17 13:35:08,846 INFO toClientNotifyTaskSize = 0

2026-05-17 13:35:18,785 INFO [long-pulling] client count 0

2026-05-17 13:35:18,785 INFO groupCount = 1, subscriberClientCount = 0, subscriberCount = 0

2026-05-17 13:35:18,851 INFO toNotifyTaskSize = 0

2026-05-17 13:35:18,851 INFO toClientNotifyTaskSize = 0

2026-05-17 13:35:28,794 INFO [long-pulling] client count 0

2026-05-17 13:35:28,794 INFO groupCount = 1, subscriberClientCount = 0, subscriberCount = 0

2026-05-17 13:35:28,859 INFO toNotifyTaskSize = 0

2026-05-17 13:35:28,859 INFO toClientNotifyTaskSize = 0

2026-05-17 13:35:38,798 INFO [long-pulling] client count 0

2026-05-17 13:35:38,798 INFO groupCount = 1, subscriberClientCount = 0, subscriberCount = 0

2026-05-17 13:35:38,864 INFO toNotifyTaskSize = 0

2026-05-17 13:35:38,864 INFO toClientNotifyTaskSize = 0

2026-05-17 13:35:48,804 INFO [long-pulling] client count 0

2026-05-17 13:35:48,804 INFO groupCount = 1, subscriberClientCount = 0, subscriberCount = 0

2026-05-17 13:35:48,868 INFO toNotifyTaskSize = 0

2026-05-17 13:35:48,868 INFO toClientNotifyTaskSize = 0

2026-05-17 13:35:58,818 INFO [long-pulling] client count 0

2026-05-17 13:35:58,818 INFO groupCount = 1, subscriberClientCount = 0, subscriberCount = 0

2026-05-17 13:35:58,882 INFO toNotifyTaskSize = 0

2026-05-17 13:35:58,882 INFO toClientNotifyTaskSize = 0

2026-05-17 13:36:08,819 INFO [long-pulling] client count 0

2026-05-17 13:36:08,819 INFO groupCount = 1, subscriberClientCount = 0, subscriberCount = 0

2026-05-17 13:36:08,885 INFO toNotifyTaskSize = 0

2026-05-17 13:36:08,885 INFO toClientNotifyTaskSize = 0

2026-05-17 13:36:18,823 INFO [long-pulling] client count 0

2026-05-17 13:36:18,823 INFO groupCount = 1, subscriberClientCount = 0, subscriberCount = 0

2026-05-17 13:36:18,886 INFO toNotifyTaskSize = 0

2026-05-17 13:36:18,888 INFO toClientNotifyTaskSize = 0

2026-05-17 13:36:28,832 INFO [long-pulling] client count 0

2026-05-17 13:36:28,832 INFO groupCount = 1, subscriberClientCount = 0, subscriberCount = 0

2026-05-17 13:36:28,897 INFO toNotifyTaskSize = 0

2026-05-17 13:36:28,897 INFO toClientNotifyTaskSize = 0

2026-05-17 13:36:38,835 INFO [long-pulling] client count 0

2026-05-17 13:36:38,835 INFO groupCount = 1, subscriberClientCount = 0, subscriberCount = 0

2026-05-17 13:36:38,899 INFO toNotifyTaskSize = 0

2026-05-17 13:36:38,899 INFO toClientNotifyTaskSize = 0

2026-05-17 13:36:48,851 INFO [long-pulling] client count 0

2026-05-17 13:36:48,851 INFO groupCount = 1, subscriberClientCount = 0, subscriberCount = 0

2026-05-17 13:36:48,901 INFO toNotifyTaskSize = 0

2026-05-17 13:36:48,901 INFO toClientNotifyTaskSize = 0

2026-05-17 13:36:58,856 INFO [long-pulling] client count 0

2026-05-17 13:36:58,856 INFO groupCount = 1, subscriberClientCount = 0, subscriberCount = 0

2026-05-17 13:36:58,906 INFO toNotifyTaskSize = 0

2026-05-17 13:36:58,906 INFO toClientNotifyTaskSize = 0

2026-05-17 13:37:08,860 INFO [long-pulling] client count 0

2026-05-17 13:37:08,860 INFO groupCount = 1, subscriberClientCount = 0, subscriberCount = 0

2026-05-17 13:37:08,908 INFO toNotifyTaskSize = 0

2026-05-17 13:37:08,908 INFO toClientNotifyTaskSize = 0

2026-05-17 13:37:18,864 INFO [long-pulling] client count 0

2026-05-17 13:37:18,864 INFO groupCount = 1, subscriberClientCount = 0, subscriberCount = 0

2026-05-17 13:37:18,913 INFO toNotifyTaskSize = 0

2026-05-17 13:37:18,913 INFO toClientNotifyTaskSize = 0

2026-05-17 13:37:28,869 INFO [long-pulling] client count 0

2026-05-17 13:37:28,869 INFO groupCount = 1, subscriberClientCount = 0, subscriberCount = 0

2026-05-17 13:37:28,918 INFO toNotifyTaskSize = 0

2026-05-17 13:37:28,918 INFO toClientNotifyTaskSize = 0

2026-05-17 13:37:38,871 INFO groupCount = 1, subscriberClientCount = 0, subscriberCount = 0

2026-05-17 13:37:38,871 INFO [long-pulling] client count 0

2026-05-17 13:37:38,920 INFO toNotifyTaskSize = 0

2026-05-17 13:37:38,920 INFO toClientNotifyTaskSize = 0

2026-05-17 13:37:48,881 INFO [long-pulling] client count 0

2026-05-17 13:37:48,881 INFO groupCount = 1, subscriberClientCount = 0, subscriberCount = 0

2026-05-17 13:37:48,929 INFO toNotifyTaskSize = 0

2026-05-17 13:37:48,929 INFO toClientNotifyTaskSize = 0

2026-05-17 13:37:58,889 INFO [long-pulling] client count 0

2026-05-17 13:37:58,889 INFO groupCount = 1, subscriberClientCount = 0, subscriberCount = 0

2026-05-17 13:37:58,936 INFO toNotifyTaskSize = 0

2026-05-17 13:37:58,936 INFO toClientNotifyTaskSize = 0

2026-05-17 13:38:08,890 INFO [long-pulling] client count 0

2026-05-17 13:38:08,890 INFO groupCount = 1, subscriberClientCount = 0, subscriberCount = 0

2026-05-17 13:38:08,940 INFO toNotifyTaskSize = 0

2026-05-17 13:38:08,940 INFO toClientNotifyTaskSize = 0

2026-05-17 13:38:18,903 INFO groupCount = 1, subscriberClientCount = 0, subscriberCount = 0

2026-05-17 13:38:18,903 INFO [long-pulling] client count 0

2026-05-17 13:38:18,952 INFO toNotifyTaskSize = 0

2026-05-17 13:38:18,952 INFO toClientNotifyTaskSize = 0

2026-05-17 13:38:28,910 INFO groupCount = 1, subscriberClientCount = 0, subscriberCount = 0

2026-05-17 13:38:28,910 INFO [long-pulling] client count 0

2026-05-17 13:38:28,958 INFO toNotifyTaskSize = 0

2026-05-17 13:38:28,958 INFO toClientNotifyTaskSize = 0

2026-05-17 13:38:38,911 INFO [long-pulling] client count 0

2026-05-17 13:38:38,911 INFO groupCount = 1, subscriberClientCount = 0, subscriberCount = 0

2026-05-17 13:38:38,961 INFO toNotifyTaskSize = 0

2026-05-17 13:38:38,961 INFO toClientNotifyTaskSize = 0

2026-05-17 13:38:48,916 INFO groupCount = 1, subscriberClientCount = 0, subscriberCount = 0

2026-05-17 13:38:48,916 INFO [long-pulling] client count 0

2026-05-17 13:38:48,963 INFO toNotifyTaskSize = 0

2026-05-17 13:38:48,963 INFO toClientNotifyTaskSize = 0

2026-05-17 13:38:58,921 INFO [long-pulling] client count 0

2026-05-17 13:38:58,921 INFO groupCount = 1, subscriberClientCount = 0, subscriberCount = 0

2026-05-17 13:38:58,971 INFO toNotifyTaskSize = 0

2026-05-17 13:38:58,971 INFO toClientNotifyTaskSize = 0

2026-05-17 13:39:08,930 INFO [long-pulling] client count 0

2026-05-17 13:39:08,930 INFO groupCount = 1, subscriberClientCount = 0, subscriberCount = 0

2026-05-17 13:39:08,979 INFO toNotifyTaskSize = 0

2026-05-17 13:39:08,979 INFO toClientNotifyTaskSize = 0

2026-05-17 13:39:18,936 INFO [long-pulling] client count 0

2026-05-17 13:39:18,936 INFO groupCount = 1, subscriberClientCount = 0, subscriberCount = 0

2026-05-17 13:39:18,984 INFO toNotifyTaskSize = 0

2026-05-17 13:39:18,984 INFO toClientNotifyTaskSize = 0

2026-05-17 13:39:28,937 INFO [long-pulling] client count 0

2026-05-17 13:39:28,937 INFO groupCount = 1, subscriberClientCount = 0, subscriberCount = 0

2026-05-17 13:39:28,986 INFO toNotifyTaskSize = 0

2026-05-17 13:39:28,986 INFO toClientNotifyTaskSize = 0

2026-05-17 13:39:38,940 INFO [long-pulling] client count 0

2026-05-17 13:39:38,940 INFO groupCount = 1, subscriberClientCount = 0, subscriberCount = 0

2026-05-17 13:39:38,988 INFO toNotifyTaskSize = 0

2026-05-17 13:39:38,988 INFO toClientNotifyTaskSize = 0

2026-05-17 13:39:48,945 INFO [long-pulling] client count 0

2026-05-17 13:39:48,945 INFO groupCount = 1, subscriberClientCount = 0, subscriberCount = 0

2026-05-17 13:39:48,995 INFO toNotifyTaskSize = 0

2026-05-17 13:39:48,995 INFO toClientNotifyTaskSize = 0

2026-05-17 13:39:58,948 INFO [long-pulling] client count 0

2026-05-17 13:39:58,948 INFO groupCount = 1, subscriberClientCount = 0, subscriberCount = 0

2026-05-17 13:39:58,996 INFO toNotifyTaskSize = 0

2026-05-17 13:39:58,996 INFO toClientNotifyTaskSize = 0

2026-05-17 13:40:08,955 INFO groupCount = 1, subscriberClientCount = 0, subscriberCount = 0

2026-05-17 13:40:08,955 INFO [long-pulling] client count 0

2026-05-17 13:40:09,004 INFO toNotifyTaskSize = 0

2026-05-17 13:40:09,004 INFO toClientNotifyTaskSize = 0

2026-05-17 13:40:18,956 INFO groupCount = 1, subscriberClientCount = 0, subscriberCount = 0

2026-05-17 13:40:18,972 INFO [long-pulling] client count 0

2026-05-17 13:40:19,019 INFO toNotifyTaskSize = 0

2026-05-17 13:40:19,019 INFO toClientNotifyTaskSize = 0

2026-05-17 13:40:28,966 INFO groupCount = 1, subscriberClientCount = 0, subscriberCount = 0

2026-05-17 13:40:28,982 INFO [long-pulling] client count 0

2026-05-17 13:40:29,030 INFO toNotifyTaskSize = 0

2026-05-17 13:40:29,030 INFO toClientNotifyTaskSize = 0

2026-05-17 13:40:38,969 INFO groupCount = 1, subscriberClientCount = 0, subscriberCount = 0

2026-05-17 13:40:38,984 INFO [long-pulling] client count 0

2026-05-17 13:40:39,033 INFO toNotifyTaskSize = 0

2026-05-17 13:40:39,033 INFO toClientNotifyTaskSize = 0

2026-05-17 13:40:48,974 INFO groupCount = 1, subscriberClientCount = 0, subscriberCount = 0

2026-05-17 13:40:48,991 INFO [long-pulling] client count 0

2026-05-17 13:40:49,040 INFO toNotifyTaskSize = 0

2026-05-17 13:40:49,040 INFO toClientNotifyTaskSize = 0

2026-05-17 13:40:58,984 INFO groupCount = 1, subscriberClientCount = 0, subscriberCount = 0

2026-05-17 13:40:59,000 INFO [long-pulling] client count 0

2026-05-17 13:40:59,048 INFO toNotifyTaskSize = 0

2026-05-17 13:40:59,048 INFO toClientNotifyTaskSize = 0

2026-05-17 13:41:08,987 INFO groupCount = 1, subscriberClientCount = 0, subscriberCount = 0

2026-05-17 13:41:09,002 INFO [long-pulling] client count 0

2026-05-17 13:41:09,050 INFO toNotifyTaskSize = 0

2026-05-17 13:41:09,050 INFO toClientNotifyTaskSize = 0

2026-05-17 13:41:18,991 INFO groupCount = 1, subscriberClientCount = 0, subscriberCount = 0

2026-05-17 13:41:19,007 INFO [long-pulling] client count 0

2026-05-17 13:41:19,055 INFO toNotifyTaskSize = 0

2026-05-17 13:41:19,055 INFO toClientNotifyTaskSize = 0

2026-05-17 13:41:29,001 INFO groupCount = 1, subscriberClientCount = 0, subscriberCount = 0

2026-05-17 13:41:29,018 INFO [long-pulling] client count 0

2026-05-17 13:41:29,067 INFO toNotifyTaskSize = 0

2026-05-17 13:41:29,067 INFO toClientNotifyTaskSize = 0

2026-05-17 13:41:39,014 INFO groupCount = 1, subscriberClientCount = 0, subscriberCount = 0

2026-05-17 13:41:39,030 INFO [long-pulling] client count 0

2026-05-17 13:41:39,078 INFO toNotifyTaskSize = 0

2026-05-17 13:41:39,078 INFO toClientNotifyTaskSize = 0

2026-05-17 13:41:49,014 INFO groupCount = 1, subscriberClientCount = 0, subscriberCount = 0

2026-05-17 13:41:49,031 INFO [long-pulling] client count 0

2026-05-17 13:41:49,079 INFO toNotifyTaskSize = 0

2026-05-17 13:41:49,079 INFO toClientNotifyTaskSize = 0

2026-05-17 13:41:59,021 INFO groupCount = 1, subscriberClientCount = 0, subscriberCount = 0

2026-05-17 13:41:59,038 INFO [long-pulling] client count 0

2026-05-17 13:41:59,086 INFO toNotifyTaskSize = 0

2026-05-17 13:41:59,086 INFO toClientNotifyTaskSize = 0

2026-05-17 13:42:09,030 INFO groupCount = 1, subscriberClientCount = 0, subscriberCount = 0

2026-05-17 13:42:09,046 INFO [long-pulling] client count 0

2026-05-17 13:42:09,096 INFO toNotifyTaskSize = 0

2026-05-17 13:42:09,096 INFO toClientNotifyTaskSize = 0

2026-05-17 13:42:19,038 INFO groupCount = 1, subscriberClientCount = 0, subscriberCount = 0

2026-05-17 13:42:19,054 INFO [long-pulling] client count 0

2026-05-17 13:42:19,102 INFO toNotifyTaskSize = 0

2026-05-17 13:42:19,102 INFO toClientNotifyTaskSize = 0

2026-05-17 13:42:29,041 INFO groupCount = 1, subscriberClientCount = 0, subscriberCount = 0

2026-05-17 13:42:29,057 INFO [long-pulling] client count 0

2026-05-17 13:42:29,107 INFO toNotifyTaskSize = 0

2026-05-17 13:42:29,107 INFO toClientNotifyTaskSize = 0

2026-05-17 13:42:39,055 INFO groupCount = 1, subscriberClientCount = 0, subscriberCount = 0

2026-05-17 13:42:39,071 INFO [long-pulling] client count 0

2026-05-17 13:42:39,120 INFO toNotifyTaskSize = 0

2026-05-17 13:42:39,120 INFO toClientNotifyTaskSize = 0

2026-05-17 13:42:49,071 INFO groupCount = 1, subscriberClientCount = 0, subscriberCount = 0

2026-05-17 13:42:49,086 INFO [long-pulling] client count 0

2026-05-17 13:42:49,134 INFO toNotifyTaskSize = 0

2026-05-17 13:42:49,134 INFO toClientNotifyTaskSize = 0

2026-05-17 13:42:59,073 INFO groupCount = 1, subscriberClientCount = 0, subscriberCount = 0

2026-05-17 13:42:59,089 INFO [long-pulling] client count 0

2026-05-17 13:42:59,138 INFO toNotifyTaskSize = 0

2026-05-17 13:42:59,138 INFO toClientNotifyTaskSize = 0

2026-05-17 13:43:09,080 INFO groupCount = 1, subscriberClientCount = 0, subscriberCount = 0

2026-05-17 13:43:09,096 INFO [long-pulling] client count 0

2026-05-17 13:43:09,145 INFO toNotifyTaskSize = 0

2026-05-17 13:43:09,145 INFO toClientNotifyTaskSize = 0

2026-05-17 13:43:19,089 INFO groupCount = 1, subscriberClientCount = 0, subscriberCount = 0

2026-05-17 13:43:19,105 INFO [long-pulling] client count 0

2026-05-17 13:43:19,152 INFO toNotifyTaskSize = 0

2026-05-17 13:43:19,152 INFO toClientNotifyTaskSize = 0

2026-05-17 13:43:29,099 INFO groupCount = 1, subscriberClientCount = 0, subscriberCount = 0

2026-05-17 13:43:29,131 INFO [long-pulling] client count 0

2026-05-17 13:43:29,163 INFO toNotifyTaskSize = 0

2026-05-17 13:43:29,163 INFO toClientNotifyTaskSize = 0

2026-05-17 13:43:39,100 INFO groupCount = 1, subscriberClientCount = 0, subscriberCount = 0

2026-05-17 13:43:39,132 INFO [long-pulling] client count 0

2026-05-17 13:43:39,164 INFO toNotifyTaskSize = 0

2026-05-17 13:43:39,164 INFO toClientNotifyTaskSize = 0

2026-05-17 13:43:49,106 INFO groupCount = 1, subscriberClientCount = 0, subscriberCount = 0

2026-05-17 13:43:49,140 INFO [long-pulling] client count 0

2026-05-17 13:43:49,172 INFO toNotifyTaskSize = 0

2026-05-17 13:43:49,172 INFO toClientNotifyTaskSize = 0

2026-05-17 13:43:59,113 INFO groupCount = 1, subscriberClientCount = 0, subscriberCount = 0

2026-05-17 13:43:59,144 INFO [long-pulling] client count 0

2026-05-17 13:43:59,177 INFO toNotifyTaskSize = 0

2026-05-17 13:43:59,177 INFO toClientNotifyTaskSize = 0

2026-05-17 13:44:09,122 INFO groupCount = 1, subscriberClientCount = 0, subscriberCount = 0

2026-05-17 13:44:09,154 INFO [long-pulling] client count 0

2026-05-17 13:44:09,186 INFO toNotifyTaskSize = 0

2026-05-17 13:44:09,186 INFO toClientNotifyTaskSize = 0

2026-05-17 13:44:19,127 INFO groupCount = 1, subscriberClientCount = 0, subscriberCount = 0

2026-05-17 13:44:19,160 INFO [long-pulling] client count 0

2026-05-17 13:44:19,193 INFO toNotifyTaskSize = 0

2026-05-17 13:44:19,193 INFO toClientNotifyTaskSize = 0

2026-05-17 13:44:29,129 INFO groupCount = 1, subscriberClientCount = 0, subscriberCount = 0

2026-05-17 13:44:29,162 INFO [long-pulling] client count 0

2026-05-17 13:44:29,195 INFO toNotifyTaskSize = 0

2026-05-17 13:44:29,195 INFO toClientNotifyTaskSize = 0

2026-05-17 13:44:39,133 INFO groupCount = 1, subscriberClientCount = 0, subscriberCount = 0

2026-05-17 13:44:39,164 INFO [long-pulling] client count 0

2026-05-17 13:44:39,197 INFO toNotifyTaskSize = 0

2026-05-17 13:44:39,197 INFO toClientNotifyTaskSize = 0

2026-05-17 13:44:49,145 INFO groupCount = 1, subscriberClientCount = 0, subscriberCount = 0

2026-05-17 13:44:49,178 INFO [long-pulling] client count 0

2026-05-17 13:44:49,210 INFO toNotifyTaskSize = 0

2026-05-17 13:44:49,210 INFO toClientNotifyTaskSize = 0

2026-05-17 13:44:59,155 INFO groupCount = 1, subscriberClientCount = 0, subscriberCount = 0

2026-05-17 13:44:59,186 INFO [long-pulling] client count 0

2026-05-17 13:44:59,218 INFO toNotifyTaskSize = 0

2026-05-17 13:44:59,218 INFO toClientNotifyTaskSize = 0

2026-05-17 13:45:09,160 INFO groupCount = 1, subscriberClientCount = 0, subscriberCount = 0

2026-05-17 13:45:09,192 INFO [long-pulling] client count 0

2026-05-17 13:45:09,224 INFO toNotifyTaskSize = 0

2026-05-17 13:45:09,224 INFO toClientNotifyTaskSize = 0

2026-05-17 13:45:19,172 INFO groupCount = 1, subscriberClientCount = 0, subscriberCount = 0

2026-05-17 13:45:19,203 INFO [long-pulling] client count 0

2026-05-17 13:45:19,235 INFO toNotifyTaskSize = 0

2026-05-17 13:45:19,235 INFO toClientNotifyTaskSize = 0

2026-05-17 13:45:29,180 INFO groupCount = 1, subscriberClientCount = 0, subscriberCount = 0

2026-05-17 13:45:29,211 INFO [long-pulling] client count 0

2026-05-17 13:45:29,244 INFO toNotifyTaskSize = 0

2026-05-17 13:45:29,244 INFO toClientNotifyTaskSize = 0

2026-05-17 13:45:39,189 INFO groupCount = 1, subscriberClientCount = 0, subscriberCount = 0

2026-05-17 13:45:39,222 INFO [long-pulling] client count 0

2026-05-17 13:45:39,254 INFO toNotifyTaskSize = 0

2026-05-17 13:45:39,254 INFO toClientNotifyTaskSize = 0

2026-05-17 13:45:49,191 INFO groupCount = 1, subscriberClientCount = 0, subscriberCount = 0

2026-05-17 13:45:49,224 INFO [long-pulling] client count 0

2026-05-17 13:45:49,258 INFO toNotifyTaskSize = 0

2026-05-17 13:45:49,258 INFO toClientNotifyTaskSize = 0

2026-05-17 13:45:59,200 INFO groupCount = 1, subscriberClientCount = 0, subscriberCount = 0

2026-05-17 13:45:59,232 INFO [long-pulling] client count 0

2026-05-17 13:45:59,263 INFO toNotifyTaskSize = 0

2026-05-17 13:45:59,263 INFO toClientNotifyTaskSize = 0

2026-05-17 13:46:09,201 INFO groupCount = 1, subscriberClientCount = 0, subscriberCount = 0

2026-05-17 13:46:09,233 INFO [long-pulling] client count 0

2026-05-17 13:46:09,265 INFO toNotifyTaskSize = 0

2026-05-17 13:46:09,265 INFO toClientNotifyTaskSize = 0

2026-05-17 13:46:19,212 INFO groupCount = 1, subscriberClientCount = 0, subscriberCount = 0

2026-05-17 13:46:19,244 INFO [long-pulling] client count 0

2026-05-17 13:46:19,277 INFO toNotifyTaskSize = 0

2026-05-17 13:46:19,277 INFO toClientNotifyTaskSize = 0

2026-05-17 13:46:29,225 INFO groupCount = 1, subscriberClientCount = 0, subscriberCount = 0

2026-05-17 13:46:29,258 INFO [long-pulling] client count 0

2026-05-17 13:46:29,291 INFO toNotifyTaskSize = 0

2026-05-17 13:46:29,291 INFO toClientNotifyTaskSize = 0

2026-05-17 13:46:39,240 INFO groupCount = 1, subscriberClientCount = 0, subscriberCount = 0

2026-05-17 13:46:39,272 INFO [long-pulling] client count 0

2026-05-17 13:46:39,304 INFO toNotifyTaskSize = 0

2026-05-17 13:46:39,304 INFO toClientNotifyTaskSize = 0

2026-05-17 13:46:49,242 INFO groupCount = 1, subscriberClientCount = 0, subscriberCount = 0

2026-05-17 13:46:49,274 INFO [long-pulling] client count 0

2026-05-17 13:46:49,306 INFO toNotifyTaskSize = 0

2026-05-17 13:46:49,306 INFO toClientNotifyTaskSize = 0

2026-05-17 13:46:59,244 INFO groupCount = 1, subscriberClientCount = 0, subscriberCount = 0

2026-05-17 13:46:59,276 INFO [long-pulling] client count 0

2026-05-17 13:46:59,308 INFO toNotifyTaskSize = 0

2026-05-17 13:46:59,308 INFO toClientNotifyTaskSize = 0

2026-05-17 13:47:09,254 INFO groupCount = 1, subscriberClientCount = 0, subscriberCount = 0

2026-05-17 13:47:09,286 INFO [long-pulling] client count 0

2026-05-17 13:47:09,319 INFO toNotifyTaskSize = 0

2026-05-17 13:47:09,319 INFO toClientNotifyTaskSize = 0

2026-05-17 13:47:19,264 INFO groupCount = 1, subscriberClientCount = 0, subscriberCount = 0

2026-05-17 13:47:19,296 INFO [long-pulling] client count 0

2026-05-17 13:47:19,329 INFO toNotifyTaskSize = 0

2026-05-17 13:47:19,329 INFO toClientNotifyTaskSize = 0

2026-05-17 13:47:29,268 INFO groupCount = 1, subscriberClientCount = 0, subscriberCount = 0

2026-05-17 13:47:29,301 INFO [long-pulling] client count 0

2026-05-17 13:47:29,334 INFO toNotifyTaskSize = 0

2026-05-17 13:47:29,334 INFO toClientNotifyTaskSize = 0

2026-05-17 13:47:39,278 INFO groupCount = 1, subscriberClientCount = 0, subscriberCount = 0

2026-05-17 13:47:39,310 INFO [long-pulling] client count 0

2026-05-17 13:47:39,343 INFO toNotifyTaskSize = 0

2026-05-17 13:47:39,343 INFO toClientNotifyTaskSize = 0

2026-05-17 13:47:49,281 INFO groupCount = 1, subscriberClientCount = 0, subscriberCount = 0

2026-05-17 13:47:49,313 INFO [long-pulling] client count 0

2026-05-17 13:47:49,345 INFO toNotifyTaskSize = 0

2026-05-17 13:47:49,345 INFO toClientNotifyTaskSize = 0

2026-05-17 13:47:59,285 INFO groupCount = 1, subscriberClientCount = 0, subscriberCount = 0

2026-05-17 13:47:59,318 INFO [long-pulling] client count 0

2026-05-17 13:47:59,351 INFO toNotifyTaskSize = 0

2026-05-17 13:47:59,351 INFO toClientNotifyTaskSize = 0

2026-05-17 13:48:09,293 INFO groupCount = 1, subscriberClientCount = 0, subscriberCount = 0

2026-05-17 13:48:09,326 INFO [long-pulling] client count 0

2026-05-17 13:48:09,359 INFO toNotifyTaskSize = 0

2026-05-17 13:48:09,359 INFO toClientNotifyTaskSize = 0

2026-05-17 13:48:19,308 INFO groupCount = 1, subscriberClientCount = 0, subscriberCount = 0

2026-05-17 13:48:19,340 INFO [long-pulling] client count 0

2026-05-17 13:48:19,371 INFO toNotifyTaskSize = 0

2026-05-17 13:48:19,371 INFO toClientNotifyTaskSize = 0

2026-05-17 13:48:29,312 INFO groupCount = 1, subscriberClientCount = 0, subscriberCount = 0

2026-05-17 13:48:29,344 INFO [long-pulling] client count 0

2026-05-17 13:48:29,377 INFO toNotifyTaskSize = 0

2026-05-17 13:48:29,377 INFO toClientNotifyTaskSize = 0

2026-05-17 13:48:39,325 INFO groupCount = 1, subscriberClientCount = 0, subscriberCount = 0

2026-05-17 13:48:39,357 INFO [long-pulling] client count 0

2026-05-17 13:48:39,389 INFO toNotifyTaskSize = 0

2026-05-17 13:48:39,389 INFO toClientNotifyTaskSize = 0

2026-05-17 13:48:49,335 INFO groupCount = 1, subscriberClientCount = 0, subscriberCount = 0

2026-05-17 13:48:49,367 INFO [long-pulling] client count 0

2026-05-17 13:48:49,399 INFO toNotifyTaskSize = 0

2026-05-17 13:48:49,399 INFO toClientNotifyTaskSize = 0

2026-05-17 13:48:59,347 INFO groupCount = 1, subscriberClientCount = 0, subscriberCount = 0

2026-05-17 13:48:59,379 INFO [long-pulling] client count 0

2026-05-17 13:48:59,411 INFO toNotifyTaskSize = 0

2026-05-17 13:48:59,411 INFO toClientNotifyTaskSize = 0

2026-05-17 13:49:09,355 INFO groupCount = 1, subscriberClientCount = 0, subscriberCount = 0

2026-05-17 13:49:09,388 INFO [long-pulling] client count 0

2026-05-17 13:49:09,420 INFO toNotifyTaskSize = 0

2026-05-17 13:49:09,420 INFO toClientNotifyTaskSize = 0

2026-05-17 13:49:19,360 INFO groupCount = 1, subscriberClientCount = 0, subscriberCount = 0

2026-05-17 13:49:19,392 INFO [long-pulling] client count 0

2026-05-17 13:49:19,423 INFO toNotifyTaskSize = 0

2026-05-17 13:49:19,423 INFO toClientNotifyTaskSize = 0

2026-05-17 13:49:29,372 INFO groupCount = 1, subscriberClientCount = 0, subscriberCount = 0

2026-05-17 13:49:29,404 INFO [long-pulling] client count 0

2026-05-17 13:49:29,436 INFO toNotifyTaskSize = 0

2026-05-17 13:49:29,436 INFO toClientNotifyTaskSize = 0

2026-05-17 13:49:39,378 INFO groupCount = 1, subscriberClientCount = 0, subscriberCount = 0

2026-05-17 13:49:39,411 INFO [long-pulling] client count 0

2026-05-17 13:49:39,443 INFO toNotifyTaskSize = 0

2026-05-17 13:49:39,443 INFO toClientNotifyTaskSize = 0

2026-05-17 13:49:49,383 INFO groupCount = 1, subscriberClientCount = 0, subscriberCount = 0

2026-05-17 13:49:49,433 INFO [long-pulling] client count 0

2026-05-17 13:49:49,448 INFO toNotifyTaskSize = 0

2026-05-17 13:49:49,448 INFO toClientNotifyTaskSize = 0

2026-05-17 13:49:59,397 INFO groupCount = 1, subscriberClientCount = 0, subscriberCount = 0

2026-05-17 13:49:59,445 INFO [long-pulling] client count 0

2026-05-17 13:49:59,460 INFO toNotifyTaskSize = 0

2026-05-17 13:49:59,460 INFO toClientNotifyTaskSize = 0

2026-05-17 13:50:09,408 INFO groupCount = 1, subscriberClientCount = 0, subscriberCount = 0

2026-05-17 13:50:09,458 INFO [long-pulling] client count 0

2026-05-17 13:50:09,474 INFO toNotifyTaskSize = 0

2026-05-17 13:50:09,474 INFO toClientNotifyTaskSize = 0

2026-05-17 13:50:19,415 INFO groupCount = 1, subscriberClientCount = 0, subscriberCount = 0

2026-05-17 13:50:19,464 INFO [long-pulling] client count 0

2026-05-17 13:50:19,481 INFO toNotifyTaskSize = 0

2026-05-17 13:50:19,481 INFO toClientNotifyTaskSize = 0

2026-05-17 13:50:29,421 INFO groupCount = 1, subscriberClientCount = 0, subscriberCount = 0

2026-05-17 13:50:29,470 INFO [long-pulling] client count 0

2026-05-17 13:50:29,487 INFO toNotifyTaskSize = 0

2026-05-17 13:50:29,487 INFO toClientNotifyTaskSize = 0

2026-05-17 13:50:39,429 INFO groupCount = 1, subscriberClientCount = 0, subscriberCount = 0

2026-05-17 13:50:39,478 INFO [long-pulling] client count 0

2026-05-17 13:50:39,495 INFO toNotifyTaskSize = 0

2026-05-17 13:50:39,495 INFO toClientNotifyTaskSize = 0

2026-05-17 13:50:49,433 INFO groupCount = 1, subscriberClientCount = 0, subscriberCount = 0

2026-05-17 13:50:49,482 INFO [long-pulling] client count 0

2026-05-17 13:50:49,499 INFO toNotifyTaskSize = 0

2026-05-17 13:50:49,499 INFO toClientNotifyTaskSize = 0

2026-05-17 13:50:59,449 INFO groupCount = 1, subscriberClientCount = 0, subscriberCount = 0

2026-05-17 13:50:59,498 INFO [long-pulling] client count 0

2026-05-17 13:50:59,514 INFO toNotifyTaskSize = 0

2026-05-17 13:50:59,514 INFO toClientNotifyTaskSize = 0

2026-05-17 13:51:09,465 INFO groupCount = 1, subscriberClientCount = 0, subscriberCount = 0

2026-05-17 13:51:09,498 INFO [long-pulling] client count 0

2026-05-17 13:51:09,531 INFO toNotifyTaskSize = 0

2026-05-17 13:51:09,531 INFO toClientNotifyTaskSize = 0

2026-05-17 13:51:19,481 INFO groupCount = 1, subscriberClientCount = 0, subscriberCount = 0

2026-05-17 13:51:19,513 INFO [long-pulling] client count 0

2026-05-17 13:51:19,545 INFO toNotifyTaskSize = 0

2026-05-17 13:51:19,545 INFO toClientNotifyTaskSize = 0

2026-05-17 13:51:29,483 INFO groupCount = 1, subscriberClientCount = 0, subscriberCount = 0

2026-05-17 13:51:29,516 INFO [long-pulling] client count 0

2026-05-17 13:51:29,549 INFO toNotifyTaskSize = 0

2026-05-17 13:51:29,549 INFO toClientNotifyTaskSize = 0

2026-05-17 13:51:39,493 INFO groupCount = 1, subscriberClientCount = 0, subscriberCount = 0

2026-05-17 13:51:39,526 INFO [long-pulling] client count 0

2026-05-17 13:51:39,559 INFO toNotifyTaskSize = 0

2026-05-17 13:51:39,559 INFO toClientNotifyTaskSize = 0

2026-05-17 13:51:49,505 INFO groupCount = 1, subscriberClientCount = 0, subscriberCount = 0

2026-05-17 13:51:49,537 INFO [long-pulling] client count 0

2026-05-17 13:51:49,569 INFO toNotifyTaskSize = 0

2026-05-17 13:51:49,569 INFO toClientNotifyTaskSize = 0

2026-05-17 13:51:59,515 INFO groupCount = 1, subscriberClientCount = 0, subscriberCount = 0

2026-05-17 13:51:59,547 INFO [long-pulling] client count 0

2026-05-17 13:51:59,580 INFO toNotifyTaskSize = 0

2026-05-17 13:51:59,580 INFO toClientNotifyTaskSize = 0

2026-05-17 13:52:09,518 INFO groupCount = 1, subscriberClientCount = 0, subscriberCount = 0

2026-05-17 13:52:09,550 INFO [long-pulling] client count 0

2026-05-17 13:52:09,581 INFO toNotifyTaskSize = 0

2026-05-17 13:52:09,581 INFO toClientNotifyTaskSize = 0

2026-05-17 13:52:19,528 INFO groupCount = 1, subscriberClientCount = 0, subscriberCount = 0

2026-05-17 13:52:19,560 INFO [long-pulling] client count 0

2026-05-17 13:52:19,593 INFO toNotifyTaskSize = 0

2026-05-17 13:52:19,593 INFO toClientNotifyTaskSize = 0

2026-05-17 13:52:29,533 INFO groupCount = 1, subscriberClientCount = 0, subscriberCount = 0

2026-05-17 13:52:29,566 INFO [long-pulling] client count 0

2026-05-17 13:52:29,598 INFO toNotifyTaskSize = 0

2026-05-17 13:52:29,598 INFO toClientNotifyTaskSize = 0

2026-05-17 13:52:39,536 INFO groupCount = 1, subscriberClientCount = 0, subscriberCount = 0

2026-05-17 13:52:39,569 INFO [long-pulling] client count 0

2026-05-17 13:52:39,601 INFO toNotifyTaskSize = 0

2026-05-17 13:52:39,601 INFO toClientNotifyTaskSize = 0

2026-05-17 13:52:49,545 INFO groupCount = 1, subscriberClientCount = 0, subscriberCount = 0

2026-05-17 13:52:49,577 INFO [long-pulling] client count 0

2026-05-17 13:52:49,610 INFO toNotifyTaskSize = 0

2026-05-17 13:52:49,610 INFO toClientNotifyTaskSize = 0

2026-05-17 13:52:59,559 INFO groupCount = 1, subscriberClientCount = 0, subscriberCount = 0

2026-05-17 13:52:59,591 INFO [long-pulling] client count 0

2026-05-17 13:52:59,623 INFO toNotifyTaskSize = 0

2026-05-17 13:52:59,623 INFO toClientNotifyTaskSize = 0

2026-05-17 13:53:09,564 INFO groupCount = 1, subscriberClientCount = 0, subscriberCount = 0

2026-05-17 13:53:09,597 INFO [long-pulling] client count 0

2026-05-17 13:53:09,630 INFO toNotifyTaskSize = 0

2026-05-17 13:53:09,630 INFO toClientNotifyTaskSize = 0

2026-05-17 13:53:19,566 INFO groupCount = 1, subscriberClientCount = 0, subscriberCount = 0

2026-05-17 13:53:19,598 INFO [long-pulling] client count 0

2026-05-17 13:53:19,632 INFO toNotifyTaskSize = 0

2026-05-17 13:53:19,632 INFO toClientNotifyTaskSize = 0

2026-05-17 13:53:29,579 INFO groupCount = 1, subscriberClientCount = 0, subscriberCount = 0

2026-05-17 13:53:29,612 INFO [long-pulling] client count 0

2026-05-17 13:53:29,644 INFO toNotifyTaskSize = 0

2026-05-17 13:53:29,644 INFO toClientNotifyTaskSize = 0

2026-05-17 13:53:39,592 INFO groupCount = 1, subscriberClientCount = 0, subscriberCount = 0

2026-05-17 13:53:39,625 INFO [long-pulling] client count 0

2026-05-17 13:53:39,658 INFO toNotifyTaskSize = 0

2026-05-17 13:53:39,658 INFO toClientNotifyTaskSize = 0

2026-05-17 13:53:49,608 INFO groupCount = 1, subscriberClientCount = 0, subscriberCount = 0

2026-05-17 13:53:49,641 INFO [long-pulling] client count 0

2026-05-17 13:53:49,674 INFO toNotifyTaskSize = 0

2026-05-17 13:53:49,674 INFO toClientNotifyTaskSize = 0

2026-05-17 13:53:59,617 INFO groupCount = 1, subscriberClientCount = 0, subscriberCount = 0

2026-05-17 13:53:59,649 INFO [long-pulling] client count 0

2026-05-17 13:53:59,682 INFO toNotifyTaskSize = 0

2026-05-17 13:53:59,682 INFO toClientNotifyTaskSize = 0

2026-05-17 13:54:09,618 INFO groupCount = 1, subscriberClientCount = 0, subscriberCount = 0

2026-05-17 13:54:09,650 INFO [long-pulling] client count 0

2026-05-17 13:54:09,684 INFO toNotifyTaskSize = 0

2026-05-17 13:54:09,684 INFO toClientNotifyTaskSize = 0

2026-05-17 13:54:19,624 INFO groupCount = 1, subscriberClientCount = 0, subscriberCount = 0

2026-05-17 13:54:19,656 INFO [long-pulling] client count 0

2026-05-17 13:54:19,688 INFO toNotifyTaskSize = 0

2026-05-17 13:54:19,688 INFO toClientNotifyTaskSize = 0

2026-05-17 13:54:29,629 INFO groupCount = 1, subscriberClientCount = 0, subscriberCount = 0

2026-05-17 13:54:29,661 INFO [long-pulling] client count 0

2026-05-17 13:54:29,693 INFO toNotifyTaskSize = 0

2026-05-17 13:54:29,693 INFO toClientNotifyTaskSize = 0

2026-05-17 13:54:39,642 INFO groupCount = 1, subscriberClientCount = 0, subscriberCount = 0

2026-05-17 13:54:39,674 INFO [long-pulling] client count 0

2026-05-17 13:54:39,707 INFO toNotifyTaskSize = 0

2026-05-17 13:54:39,707 INFO toClientNotifyTaskSize = 0

2026-05-17 13:54:49,646 INFO groupCount = 1, subscriberClientCount = 0, subscriberCount = 0

2026-05-17 13:54:49,678 INFO [long-pulling] client count 0

2026-05-17 13:54:49,710 INFO toNotifyTaskSize = 0

2026-05-17 13:54:49,710 INFO toClientNotifyTaskSize = 0

2026-05-17 13:54:59,659 INFO groupCount = 1, subscriberClientCount = 0, subscriberCount = 0

2026-05-17 13:54:59,692 INFO [long-pulling] client count 0

2026-05-17 13:54:59,724 INFO toNotifyTaskSize = 0

2026-05-17 13:54:59,724 INFO toClientNotifyTaskSize = 0

2026-05-17 13:55:09,669 INFO groupCount = 1, subscriberClientCount = 0, subscriberCount = 0

2026-05-17 13:55:09,701 INFO [long-pulling] client count 0

2026-05-17 13:55:09,733 INFO toNotifyTaskSize = 0

2026-05-17 13:55:09,733 INFO toClientNotifyTaskSize = 0

2026-05-17 13:55:19,671 INFO groupCount = 1, subscriberClientCount = 0, subscriberCount = 0

2026-05-17 13:55:19,704 INFO [long-pulling] client count 0

2026-05-17 13:55:19,736 INFO toNotifyTaskSize = 0

2026-05-17 13:55:19,736 INFO toClientNotifyTaskSize = 0

2026-05-17 13:55:29,676 INFO groupCount = 1, subscriberClientCount = 0, subscriberCount = 0

2026-05-17 13:55:29,707 INFO [long-pulling] client count 0

2026-05-17 13:55:29,738 INFO toNotifyTaskSize = 0

2026-05-17 13:55:29,738 INFO toClientNotifyTaskSize = 0

2026-05-17 13:55:39,687 INFO groupCount = 1, subscriberClientCount = 0, subscriberCount = 0

2026-05-17 13:55:39,719 INFO [long-pulling] client count 0

2026-05-17 13:55:39,751 INFO toNotifyTaskSize = 0

2026-05-17 13:55:39,751 INFO toClientNotifyTaskSize = 0

2026-05-17 13:55:49,694 INFO groupCount = 1, subscriberClientCount = 0, subscriberCount = 0

2026-05-17 13:55:49,726 INFO [long-pulling] client count 0

2026-05-17 13:55:49,760 INFO toNotifyTaskSize = 0

2026-05-17 13:55:49,760 INFO toClientNotifyTaskSize = 0

2026-05-17 13:55:59,701 INFO groupCount = 1, subscriberClientCount = 0, subscriberCount = 0

2026-05-17 13:55:59,732 INFO [long-pulling] client count 0

2026-05-17 13:55:59,763 INFO toNotifyTaskSize = 0

2026-05-17 13:55:59,763 INFO toClientNotifyTaskSize = 0

2026-05-17 13:56:09,716 INFO groupCount = 1, subscriberClientCount = 0, subscriberCount = 0

2026-05-17 13:56:09,748 INFO [long-pulling] client count 0

2026-05-17 13:56:09,765 INFO toNotifyTaskSize = 0

2026-05-17 13:56:09,765 INFO toClientNotifyTaskSize = 0

2026-05-17 13:56:19,726 INFO groupCount = 1, subscriberClientCount = 0, subscriberCount = 0

2026-05-17 13:56:19,758 INFO [long-pulling] client count 0

2026-05-17 13:56:19,774 INFO toNotifyTaskSize = 0

2026-05-17 13:56:19,774 INFO toClientNotifyTaskSize = 0

2026-05-17 13:56:29,741 INFO groupCount = 1, subscriberClientCount = 0, subscriberCount = 0

2026-05-17 13:56:29,774 INFO [long-pulling] client count 0

2026-05-17 13:56:29,790 INFO toNotifyTaskSize = 0

2026-05-17 13:56:29,791 INFO toClientNotifyTaskSize = 0

2026-05-17 13:56:39,758 INFO groupCount = 1, subscriberClientCount = 0, subscriberCount = 0

2026-05-17 13:56:39,790 INFO [long-pulling] client count 0

2026-05-17 13:56:39,806 INFO toNotifyTaskSize = 0

2026-05-17 13:56:39,806 INFO toClientNotifyTaskSize = 0

2026-05-17 13:56:49,763 INFO groupCount = 1, subscriberClientCount = 0, subscriberCount = 0

2026-05-17 13:56:49,795 INFO [long-pulling] client count 0

2026-05-17 13:56:49,811 INFO toNotifyTaskSize = 0

2026-05-17 13:56:49,811 INFO toClientNotifyTaskSize = 0

2026-05-17 13:56:59,779 INFO groupCount = 1, subscriberClientCount = 0, subscriberCount = 0

2026-05-17 13:56:59,812 INFO [long-pulling] client count 0

2026-05-17 13:56:59,812 INFO toNotifyTaskSize = 0

2026-05-17 13:56:59,813 INFO toClientNotifyTaskSize = 0

2026-05-17 13:57:09,792 INFO groupCount = 1, subscriberClientCount = 0, subscriberCount = 0

2026-05-17 13:57:09,824 INFO [long-pulling] client count 0

2026-05-17 13:57:09,824 INFO toNotifyTaskSize = 0

2026-05-17 13:57:09,825 INFO toClientNotifyTaskSize = 0

2026-05-17 13:57:19,798 INFO groupCount = 1, subscriberClientCount = 0, subscriberCount = 0

2026-05-17 13:57:19,832 INFO [long-pulling] client count 0

2026-05-17 13:57:19,832 INFO toNotifyTaskSize = 0

2026-05-17 13:57:19,832 INFO toClientNotifyTaskSize = 0

2026-05-17 13:57:29,806 INFO groupCount = 1, subscriberClientCount = 0, subscriberCount = 0

2026-05-17 13:57:29,838 INFO [long-pulling] client count 0

2026-05-17 13:57:29,838 INFO toNotifyTaskSize = 0

2026-05-17 13:57:29,838 INFO toClientNotifyTaskSize = 0

2026-05-17 13:57:39,817 INFO groupCount = 1, subscriberClientCount = 0, subscriberCount = 0

2026-05-17 13:57:39,848 INFO [long-pulling] client count 0

2026-05-17 13:57:39,848 INFO toNotifyTaskSize = 0

2026-05-17 13:57:39,849 INFO toClientNotifyTaskSize = 0

2026-05-17 13:57:49,817 INFO groupCount = 1, subscriberClientCount = 0, subscriberCount = 0

2026-05-17 13:57:49,850 INFO [long-pulling] client count 0

2026-05-17 13:57:49,850 INFO toNotifyTaskSize = 0

2026-05-17 13:57:49,851 INFO toClientNotifyTaskSize = 0

2026-05-17 13:57:59,820 INFO groupCount = 1, subscriberClientCount = 0, subscriberCount = 0

2026-05-17 13:57:59,851 INFO [long-pulling] client count 0

2026-05-17 13:57:59,851 INFO toNotifyTaskSize = 0

2026-05-17 13:57:59,852 INFO toClientNotifyTaskSize = 0

2026-05-17 13:58:09,830 INFO groupCount = 1, subscriberClientCount = 0, subscriberCount = 0

2026-05-17 13:58:09,863 INFO [long-pulling] client count 0

2026-05-17 13:58:09,863 INFO toNotifyTaskSize = 0

2026-05-17 13:58:09,864 INFO toClientNotifyTaskSize = 0

2026-05-17 13:58:19,840 INFO groupCount = 1, subscriberClientCount = 0, subscriberCount = 0

2026-05-17 13:58:19,872 INFO toNotifyTaskSize = 0

2026-05-17 13:58:19,872 INFO [long-pulling] client count 0

2026-05-17 13:58:19,873 INFO toClientNotifyTaskSize = 0

2026-05-17 13:58:29,852 INFO groupCount = 1, subscriberClientCount = 0, subscriberCount = 0

2026-05-17 13:58:29,884 INFO [long-pulling] client count 0

2026-05-17 13:58:29,884 INFO toNotifyTaskSize = 0

2026-05-17 13:58:29,884 INFO toClientNotifyTaskSize = 0

2026-05-17 13:58:39,861 INFO groupCount = 1, subscriberClientCount = 0, subscriberCount = 0

2026-05-17 13:58:39,894 INFO [long-pulling] client count 0

2026-05-17 13:58:39,894 INFO toNotifyTaskSize = 0

2026-05-17 13:58:39,895 INFO toClientNotifyTaskSize = 0

2026-05-17 13:58:49,870 INFO groupCount = 1, subscriberClientCount = 0, subscriberCount = 0

2026-05-17 13:58:49,903 INFO [long-pulling] client count 0

2026-05-17 13:58:49,903 INFO toNotifyTaskSize = 0

2026-05-17 13:58:49,903 INFO toClientNotifyTaskSize = 0

2026-05-17 13:58:59,871 INFO groupCount = 1, subscriberClientCount = 0, subscriberCount = 0

2026-05-17 13:58:59,919 INFO [long-pulling] client count 0

2026-05-17 13:58:59,919 INFO toNotifyTaskSize = 0

2026-05-17 13:58:59,919 INFO toClientNotifyTaskSize = 0

2026-05-17 13:59:09,878 INFO groupCount = 1, subscriberClientCount = 0, subscriberCount = 0

2026-05-17 13:59:09,927 INFO [long-pulling] client count 0

2026-05-17 13:59:09,927 INFO toNotifyTaskSize = 0

2026-05-17 13:59:09,927 INFO toClientNotifyTaskSize = 0

2026-05-17 13:59:19,886 INFO groupCount = 1, subscriberClientCount = 0, subscriberCount = 0

2026-05-17 13:59:19,935 INFO [long-pulling] client count 0

2026-05-17 13:59:19,935 INFO toNotifyTaskSize = 0

2026-05-17 13:59:19,936 INFO toClientNotifyTaskSize = 0

2026-05-17 13:59:29,893 INFO groupCount = 1, subscriberClientCount = 0, subscriberCount = 0

2026-05-17 13:59:29,943 INFO [long-pulling] client count 0

2026-05-17 13:59:29,943 INFO toNotifyTaskSize = 0

2026-05-17 13:59:29,943 INFO toClientNotifyTaskSize = 0

2026-05-17 13:59:39,900 INFO groupCount = 1, subscriberClientCount = 0, subscriberCount = 0

2026-05-17 13:59:39,950 INFO [long-pulling] client count 0

2026-05-17 13:59:39,950 INFO toNotifyTaskSize = 0

2026-05-17 13:59:39,951 INFO toClientNotifyTaskSize = 0

2026-05-17 13:59:49,908 INFO groupCount = 1, subscriberClientCount = 0, subscriberCount = 0

2026-05-17 13:59:49,957 INFO [long-pulling] client count 0

2026-05-17 13:59:49,957 INFO toNotifyTaskSize = 0

2026-05-17 13:59:49,958 INFO toClientNotifyTaskSize = 0

2026-05-17 13:59:59,920 INFO groupCount = 1, subscriberClientCount = 0, subscriberCount = 0

2026-05-17 13:59:59,969 INFO [long-pulling] client count 0

2026-05-17 13:59:59,969 INFO toNotifyTaskSize = 0

2026-05-17 13:59:59,970 INFO toClientNotifyTaskSize = 0

2026-05-17 14:00:09,927 INFO groupCount = 1, subscriberClientCount = 0, subscriberCount = 0

2026-05-17 14:00:09,975 INFO toNotifyTaskSize = 0

2026-05-17 14:00:09,975 INFO toClientNotifyTaskSize = 0

2026-05-17 14:00:09,975 INFO [long-pulling] client count 0

2026-05-17 14:00:19,930 INFO groupCount = 1, subscriberClientCount = 0, subscriberCount = 0

2026-05-17 14:00:19,978 INFO toNotifyTaskSize = 0

2026-05-17 14:00:19,978 INFO [long-pulling] client count 0

2026-05-17 14:00:19,978 INFO toClientNotifyTaskSize = 0

2026-05-17 14:00:29,936 INFO groupCount = 1, subscriberClientCount = 0, subscriberCount = 0

2026-05-17 14:00:29,985 INFO [long-pulling] client count 0

2026-05-17 14:00:29,985 INFO toNotifyTaskSize = 0

2026-05-17 14:00:29,986 INFO toClientNotifyTaskSize = 0

2026-05-17 14:00:39,946 INFO groupCount = 1, subscriberClientCount = 0, subscriberCount = 0

2026-05-17 14:00:39,996 INFO [long-pulling] client count 0

2026-05-17 14:00:39,996 INFO toNotifyTaskSize = 0

2026-05-17 14:00:39,997 INFO toClientNotifyTaskSize = 0

2026-05-17 14:00:49,950 INFO groupCount = 1, subscriberClientCount = 0, subscriberCount = 0

2026-05-17 14:00:49,998 INFO [long-pulling] client count 0

2026-05-17 14:00:49,998 INFO toNotifyTaskSize = 0

2026-05-17 14:00:49,998 INFO toClientNotifyTaskSize = 0

2026-05-17 14:00:59,961 INFO groupCount = 1, subscriberClientCount = 0, subscriberCount = 0

2026-05-17 14:01:00,010 INFO [long-pulling] client count 0

2026-05-17 14:01:00,010 INFO toNotifyTaskSize = 0

2026-05-17 14:01:00,011 INFO toClientNotifyTaskSize = 0

2026-05-17 14:01:09,967 INFO groupCount = 1, subscriberClientCount = 0, subscriberCount = 0

2026-05-17 14:01:10,016 INFO toNotifyTaskSize = 0

2026-05-17 14:01:10,016 INFO toClientNotifyTaskSize = 0

2026-05-17 14:01:10,016 INFO [long-pulling] client count 0

2026-05-17 14:01:19,977 INFO groupCount = 1, subscriberClientCount = 0, subscriberCount = 0

2026-05-17 14:01:20,025 INFO [long-pulling] client count 0

2026-05-17 14:01:20,025 INFO toNotifyTaskSize = 0

2026-05-17 14:01:20,026 INFO toClientNotifyTaskSize = 0

2026-05-17 14:01:29,983 INFO groupCount = 1, subscriberClientCount = 0, subscriberCount = 0

2026-05-17 14:01:30,032 INFO [long-pulling] client count 0

2026-05-17 14:01:30,032 INFO toNotifyTaskSize = 0

2026-05-17 14:01:30,033 INFO toClientNotifyTaskSize = 0

2026-05-17 14:01:39,986 INFO groupCount = 1, subscriberClientCount = 0, subscriberCount = 0

2026-05-17 14:01:40,035 INFO [long-pulling] client count 0

2026-05-17 14:01:40,035 INFO toNotifyTaskSize = 0

2026-05-17 14:01:40,036 INFO toClientNotifyTaskSize = 0

2026-05-17 14:01:49,990 INFO groupCount = 1, subscriberClientCount = 0, subscriberCount = 0

2026-05-17 14:01:50,038 INFO toNotifyTaskSize = 0

2026-05-17 14:01:50,038 INFO [long-pulling] client count 0

2026-05-17 14:01:50,039 INFO toClientNotifyTaskSize = 0

2026-05-17 14:01:59,992 INFO groupCount = 1, subscriberClientCount = 0, subscriberCount = 0

2026-05-17 14:02:00,041 INFO toNotifyTaskSize = 0

2026-05-17 14:02:00,041 INFO [long-pulling] client count 0

2026-05-17 14:02:00,041 INFO toClientNotifyTaskSize = 0

2026-05-17 14:02:09,997 INFO groupCount = 1, subscriberClientCount = 0, subscriberCount = 0

2026-05-17 14:02:10,044 INFO [long-pulling] client count 0

2026-05-17 14:02:10,044 INFO toNotifyTaskSize = 0

2026-05-17 14:02:10,045 INFO toClientNotifyTaskSize = 0

2026-05-17 14:02:20,001 INFO groupCount = 1, subscriberClientCount = 0, subscriberCount = 0

2026-05-17 14:02:20,049 INFO [long-pulling] client count 0

2026-05-17 14:02:20,049 INFO toNotifyTaskSize = 0

2026-05-17 14:02:20,062 INFO toClientNotifyTaskSize = 0

2026-05-17 14:02:30,014 INFO groupCount = 1, subscriberClientCount = 0, subscriberCount = 0

2026-05-17 14:02:30,063 INFO [long-pulling] client count 0

2026-05-17 14:02:30,063 INFO toNotifyTaskSize = 0

2026-05-17 14:02:30,064 INFO toClientNotifyTaskSize = 0

2026-05-17 14:02:40,023 INFO groupCount = 1, subscriberClientCount = 0, subscriberCount = 0

2026-05-17 14:02:40,071 INFO toNotifyTaskSize = 0

2026-05-17 14:02:40,071 INFO [long-pulling] client count 0

2026-05-17 14:02:40,071 INFO toClientNotifyTaskSize = 0

2026-05-17 14:02:50,025 INFO groupCount = 1, subscriberClientCount = 0, subscriberCount = 0

2026-05-17 14:02:50,073 INFO [long-pulling] client count 0

2026-05-17 14:02:50,073 INFO toNotifyTaskSize = 0

2026-05-17 14:02:50,074 INFO toClientNotifyTaskSize = 0

2026-05-17 14:03:00,027 INFO groupCount = 1, subscriberClientCount = 0, subscriberCount = 0

2026-05-17 14:03:00,075 INFO [long-pulling] client count 0

2026-05-17 14:03:00,075 INFO toNotifyTaskSize = 0

2026-05-17 14:03:00,075 INFO toClientNotifyTaskSize = 0

2026-05-17 14:03:10,039 INFO groupCount = 1, subscriberClientCount = 0, subscriberCount = 0

2026-05-17 14:03:10,086 INFO toNotifyTaskSize = 0

2026-05-17 14:03:10,086 INFO [long-pulling] client count 0

2026-05-17 14:03:10,087 INFO toClientNotifyTaskSize = 0

2026-05-17 14:03:20,042 INFO groupCount = 1, subscriberClientCount = 0, subscriberCount = 0

2026-05-17 14:03:20,091 INFO [long-pulling] client count 0

2026-05-17 14:03:20,091 INFO toNotifyTaskSize = 0

2026-05-17 14:03:20,092 INFO toClientNotifyTaskSize = 0

2026-05-17 14:03:30,047 INFO groupCount = 1, subscriberClientCount = 0, subscriberCount = 0

2026-05-17 14:03:30,095 INFO [long-pulling] client count 0

2026-05-17 14:03:30,095 INFO toNotifyTaskSize = 0

2026-05-17 14:03:30,095 INFO toClientNotifyTaskSize = 0

2026-05-17 14:03:40,061 INFO groupCount = 1, subscriberClientCount = 0, subscriberCount = 0

2026-05-17 14:03:40,110 INFO [long-pulling] client count 0

2026-05-17 14:03:40,110 INFO toNotifyTaskSize = 0

2026-05-17 14:03:40,111 INFO toClientNotifyTaskSize = 0

2026-05-17 14:03:50,066 INFO groupCount = 1, subscriberClientCount = 0, subscriberCount = 0

2026-05-17 14:03:50,113 INFO [long-pulling] client count 0

2026-05-17 14:03:50,113 INFO toNotifyTaskSize = 0

2026-05-17 14:03:50,114 INFO toClientNotifyTaskSize = 0

2026-05-17 14:04:00,081 INFO groupCount = 1, subscriberClientCount = 0, subscriberCount = 0

2026-05-17 14:04:00,114 INFO [long-pulling] client count 0

2026-05-17 14:04:00,130 INFO toNotifyTaskSize = 0

2026-05-17 14:04:00,130 INFO toClientNotifyTaskSize = 0

2026-05-17 14:04:10,084 INFO groupCount = 1, subscriberClientCount = 0, subscriberCount = 0

2026-05-17 14:04:10,115 INFO [long-pulling] client count 0

2026-05-17 14:04:10,131 INFO toNotifyTaskSize = 0

2026-05-17 14:04:10,131 INFO toClientNotifyTaskSize = 0

2026-05-17 14:04:20,088 INFO groupCount = 1, subscriberClientCount = 0, subscriberCount = 0

2026-05-17 14:04:20,121 INFO [long-pulling] client count 0

2026-05-17 14:04:20,137 INFO toNotifyTaskSize = 0

2026-05-17 14:04:20,137 INFO toClientNotifyTaskSize = 0

2026-05-17 14:04:30,089 INFO groupCount = 1, subscriberClientCount = 0, subscriberCount = 0

2026-05-17 14:04:30,121 INFO [long-pulling] client count 0

2026-05-17 14:04:30,153 INFO toNotifyTaskSize = 0

2026-05-17 14:04:30,153 INFO toClientNotifyTaskSize = 0

2026-05-17 14:04:40,095 INFO groupCount = 1, subscriberClientCount = 0, subscriberCount = 0

2026-05-17 14:04:40,128 INFO [long-pulling] client count 0

2026-05-17 14:04:40,160 INFO toNotifyTaskSize = 0

2026-05-17 14:04:40,160 INFO toClientNotifyTaskSize = 0

2026-05-17 14:04:50,102 INFO groupCount = 1, subscriberClientCount = 0, subscriberCount = 0

2026-05-17 14:04:50,134 INFO [long-pulling] client count 0

2026-05-17 14:04:50,167 INFO toNotifyTaskSize = 0

2026-05-17 14:04:50,167 INFO toClientNotifyTaskSize = 0

2026-05-17 14:05:00,105 INFO groupCount = 1, subscriberClientCount = 0, subscriberCount = 0

2026-05-17 14:05:00,137 INFO [long-pulling] client count 0

2026-05-17 14:05:00,168 INFO toNotifyTaskSize = 0

2026-05-17 14:05:00,168 INFO toClientNotifyTaskSize = 0

2026-05-17 14:05:10,108 INFO groupCount = 1, subscriberClientCount = 0, subscriberCount = 0

2026-05-17 14:05:10,140 INFO [long-pulling] client count 0

2026-05-17 14:05:10,172 INFO toNotifyTaskSize = 0

2026-05-17 14:05:10,172 INFO toClientNotifyTaskSize = 0

2026-05-17 14:05:20,111 INFO groupCount = 1, subscriberClientCount = 0, subscriberCount = 0

2026-05-17 14:05:20,144 INFO [long-pulling] client count 0

2026-05-17 14:05:20,176 INFO toNotifyTaskSize = 0

2026-05-17 14:05:20,176 INFO toClientNotifyTaskSize = 0

2026-05-17 14:05:30,118 INFO groupCount = 1, subscriberClientCount = 0, subscriberCount = 0

2026-05-17 14:05:30,151 INFO [long-pulling] client count 0

2026-05-17 14:05:30,183 INFO toNotifyTaskSize = 0

2026-05-17 14:05:30,183 INFO toClientNotifyTaskSize = 0

2026-05-17 14:05:40,128 INFO groupCount = 1, subscriberClientCount = 0, subscriberCount = 0

2026-05-17 14:05:40,160 INFO [long-pulling] client count 0

2026-05-17 14:05:40,192 INFO toNotifyTaskSize = 0

2026-05-17 14:05:40,192 INFO toClientNotifyTaskSize = 0

2026-05-17 14:05:50,130 INFO groupCount = 1, subscriberClientCount = 0, subscriberCount = 0

2026-05-17 14:05:50,163 INFO [long-pulling] client count 0

2026-05-17 14:05:50,196 INFO toNotifyTaskSize = 0

2026-05-17 14:05:50,196 INFO toClientNotifyTaskSize = 0

2026-05-17 14:06:00,141 INFO groupCount = 1, subscriberClientCount = 0, subscriberCount = 0

2026-05-17 14:06:00,172 INFO [long-pulling] client count 0

2026-05-17 14:06:00,204 INFO toNotifyTaskSize = 0

2026-05-17 14:06:00,204 INFO toClientNotifyTaskSize = 0

2026-05-17 14:06:10,142 INFO groupCount = 1, subscriberClientCount = 0, subscriberCount = 0

2026-05-17 14:06:10,175 INFO [long-pulling] client count 0

2026-05-17 14:06:10,208 INFO toNotifyTaskSize = 0

2026-05-17 14:06:10,208 INFO toClientNotifyTaskSize = 0

2026-05-17 14:06:20,157 INFO groupCount = 1, subscriberClientCount = 0, subscriberCount = 0

2026-05-17 14:06:20,189 INFO [long-pulling] client count 0

2026-05-17 14:06:20,220 INFO toNotifyTaskSize = 0

2026-05-17 14:06:20,220 INFO toClientNotifyTaskSize = 0

2026-05-17 14:06:30,162 INFO groupCount = 1, subscriberClientCount = 0, subscriberCount = 0

2026-05-17 14:06:30,195 INFO [long-pulling] client count 0

2026-05-17 14:06:30,227 INFO toNotifyTaskSize = 0

2026-05-17 14:06:30,227 INFO toClientNotifyTaskSize = 0

2026-05-17 14:06:40,177 INFO groupCount = 1, subscriberClientCount = 0, subscriberCount = 0

2026-05-17 14:06:40,207 INFO [long-pulling] client count 0

2026-05-17 14:06:40,238 INFO toNotifyTaskSize = 0

2026-05-17 14:06:40,238 INFO toClientNotifyTaskSize = 0

2026-05-17 14:06:50,192 INFO groupCount = 1, subscriberClientCount = 0, subscriberCount = 0

2026-05-17 14:06:50,209 INFO [long-pulling] client count 0

2026-05-17 14:06:50,241 INFO toNotifyTaskSize = 0

2026-05-17 14:06:50,241 INFO toClientNotifyTaskSize = 0

2026-05-17 14:07:00,196 INFO groupCount = 1, subscriberClientCount = 0, subscriberCount = 0

2026-05-17 14:07:00,212 INFO [long-pulling] client count 0

2026-05-17 14:07:00,245 INFO toNotifyTaskSize = 0

2026-05-17 14:07:00,245 INFO toClientNotifyTaskSize = 0

2026-05-17 14:07:10,200 INFO groupCount = 1, subscriberClientCount = 0, subscriberCount = 0

2026-05-17 14:07:10,217 INFO [long-pulling] client count 0

2026-05-17 14:07:10,249 INFO toNotifyTaskSize = 0

2026-05-17 14:07:10,249 INFO toClientNotifyTaskSize = 0

2026-05-17 14:07:20,201 INFO groupCount = 1, subscriberClientCount = 0, subscriberCount = 0

2026-05-17 14:07:20,234 INFO [long-pulling] client count 0

2026-05-17 14:07:20,250 INFO toNotifyTaskSize = 0

2026-05-17 14:07:20,250 INFO toClientNotifyTaskSize = 0

2026-05-17 14:07:30,214 INFO groupCount = 1, subscriberClientCount = 0, subscriberCount = 0

2026-05-17 14:07:30,247 INFO [long-pulling] client count 0

2026-05-17 14:07:30,263 INFO toNotifyTaskSize = 0

2026-05-17 14:07:30,263 INFO toClientNotifyTaskSize = 0

2026-05-17 14:07:40,225 INFO groupCount = 1, subscriberClientCount = 0, subscriberCount = 0

2026-05-17 14:07:40,257 INFO [long-pulling] client count 0

2026-05-17 14:07:40,272 INFO toNotifyTaskSize = 0

2026-05-17 14:07:40,272 INFO toClientNotifyTaskSize = 0

2026-05-17 14:07:50,237 INFO groupCount = 1, subscriberClientCount = 0, subscriberCount = 0

2026-05-17 14:07:50,269 INFO [long-pulling] client count 0

2026-05-17 14:07:50,285 INFO toNotifyTaskSize = 0

2026-05-17 14:07:50,285 INFO toClientNotifyTaskSize = 0

2026-05-17 14:08:00,251 INFO groupCount = 1, subscriberClientCount = 0, subscriberCount = 0

2026-05-17 14:08:00,283 INFO [long-pulling] client count 0

2026-05-17 14:08:00,299 INFO toNotifyTaskSize = 0

2026-05-17 14:08:00,299 INFO toClientNotifyTaskSize = 0

2026-05-17 14:08:10,265 INFO groupCount = 1, subscriberClientCount = 0, subscriberCount = 0

2026-05-17 14:08:10,298 INFO [long-pulling] client count 0

2026-05-17 14:08:10,314 INFO toNotifyTaskSize = 0

2026-05-17 14:08:10,314 INFO toClientNotifyTaskSize = 0

2026-05-17 14:08:20,280 INFO groupCount = 1, subscriberClientCount = 0, subscriberCount = 0

2026-05-17 14:08:20,312 INFO [long-pulling] client count 0

2026-05-17 14:08:20,329 INFO toNotifyTaskSize = 0

2026-05-17 14:08:20,329 INFO toClientNotifyTaskSize = 0

2026-05-17 14:08:30,286 INFO groupCount = 1, subscriberClientCount = 0, subscriberCount = 0

2026-05-17 14:08:30,319 INFO [long-pulling] client count 0

2026-05-17 14:08:30,335 INFO toNotifyTaskSize = 0

2026-05-17 14:08:30,335 INFO toClientNotifyTaskSize = 0

2026-05-17 14:08:40,294 INFO groupCount = 1, subscriberClientCount = 0, subscriberCount = 0

2026-05-17 14:08:40,326 INFO [long-pulling] client count 0

2026-05-17 14:08:40,342 INFO toNotifyTaskSize = 0

2026-05-17 14:08:40,342 INFO toClientNotifyTaskSize = 0

2026-05-17 14:08:50,304 INFO groupCount = 1, subscriberClientCount = 0, subscriberCount = 0

2026-05-17 14:08:50,337 INFO [long-pulling] client count 0

2026-05-17 14:08:50,353 INFO toNotifyTaskSize = 0

2026-05-17 14:08:50,353 INFO toClientNotifyTaskSize = 0

2026-05-17 14:09:00,308 INFO groupCount = 1, subscriberClientCount = 0, subscriberCount = 0

2026-05-17 14:09:00,340 INFO [long-pulling] client count 0

2026-05-17 14:09:00,356 INFO toNotifyTaskSize = 0

2026-05-17 14:09:00,356 INFO toClientNotifyTaskSize = 0

2026-05-17 14:09:10,315 INFO groupCount = 1, subscriberClientCount = 0, subscriberCount = 0

2026-05-17 14:09:10,348 INFO [long-pulling] client count 0

2026-05-17 14:09:10,364 INFO toNotifyTaskSize = 0

2026-05-17 14:09:10,381 INFO toClientNotifyTaskSize = 0

2026-05-17 14:09:20,328 INFO groupCount = 1, subscriberClientCount = 0, subscriberCount = 0

2026-05-17 14:09:20,360 INFO [long-pulling] client count 0

2026-05-17 14:09:20,506 INFO toNotifyTaskSize = 0

2026-05-17 14:09:20,506 INFO toClientNotifyTaskSize = 0

2026-05-17 14:09:30,338 INFO groupCount = 1, subscriberClientCount = 0, subscriberCount = 0

2026-05-17 14:09:30,370 INFO [long-pulling] client count 0

2026-05-17 14:09:30,512 INFO toNotifyTaskSize = 0

2026-05-17 14:09:30,512 INFO toClientNotifyTaskSize = 0

2026-05-17 14:09:40,344 INFO groupCount = 1, subscriberClientCount = 0, subscriberCount = 0

2026-05-17 14:09:40,377 INFO [long-pulling] client count 0

2026-05-17 14:09:40,523 INFO toNotifyTaskSize = 0

2026-05-17 14:09:40,523 INFO toClientNotifyTaskSize = 0

2026-05-17 14:09:50,353 INFO groupCount = 1, subscriberClientCount = 0, subscriberCount = 0

2026-05-17 14:09:50,387 INFO [long-pulling] client count 0

2026-05-17 14:09:50,534 INFO toNotifyTaskSize = 0

2026-05-17 14:09:50,534 INFO toClientNotifyTaskSize = 0

2026-05-17 14:10:00,356 INFO groupCount = 1, subscriberClientCount = 0, subscriberCount = 0

2026-05-17 14:10:00,388 INFO [long-pulling] client count 0

2026-05-17 14:10:00,548 INFO toNotifyTaskSize = 0

2026-05-17 14:10:00,548 INFO toClientNotifyTaskSize = 0

2026-05-17 14:10:10,363 INFO groupCount = 1, subscriberClientCount = 0, subscriberCount = 0

2026-05-17 14:10:10,396 INFO [long-pulling] client count 0

2026-05-17 14:10:10,558 INFO toNotifyTaskSize = 0

2026-05-17 14:10:10,558 INFO toClientNotifyTaskSize = 0

2026-05-17 14:10:20,373 INFO groupCount = 1, subscriberClientCount = 0, subscriberCount = 0

2026-05-17 14:10:20,404 INFO [long-pulling] client count 0

2026-05-17 14:10:20,566 INFO toNotifyTaskSize = 0

2026-05-17 14:10:20,566 INFO toClientNotifyTaskSize = 0

2026-05-17 14:10:30,385 INFO groupCount = 1, subscriberClientCount = 0, subscriberCount = 0

2026-05-17 14:10:30,418 INFO [long-pulling] client count 0

2026-05-17 14:10:30,582 INFO toNotifyTaskSize = 0

2026-05-17 14:10:30,582 INFO toClientNotifyTaskSize = 0

2026-05-17 14:10:40,398 INFO groupCount = 1, subscriberClientCount = 0, subscriberCount = 0

2026-05-17 14:10:40,431 INFO [long-pulling] client count 0

2026-05-17 14:10:40,595 INFO toNotifyTaskSize = 0

2026-05-17 14:10:40,595 INFO toClientNotifyTaskSize = 0

2026-05-17 14:10:50,404 INFO groupCount = 1, subscriberClientCount = 0, subscriberCount = 0

2026-05-17 14:10:50,437 INFO [long-pulling] client count 0

2026-05-17 14:10:50,596 INFO toNotifyTaskSize = 0

2026-05-17 14:10:50,596 INFO toClientNotifyTaskSize = 0

2026-05-17 14:11:00,415 INFO groupCount = 1, subscriberClientCount = 0, subscriberCount = 0

2026-05-17 14:11:00,448 INFO [long-pulling] client count 0

2026-05-17 14:11:00,612 INFO toNotifyTaskSize = 0

2026-05-17 14:11:00,612 INFO toClientNotifyTaskSize = 0

2026-05-17 14:11:10,419 INFO groupCount = 1, subscriberClientCount = 0, subscriberCount = 0

2026-05-17 14:11:10,451 INFO [long-pulling] client count 0

2026-05-17 14:11:10,614 INFO toNotifyTaskSize = 0

2026-05-17 14:11:10,614 INFO toClientNotifyTaskSize = 0

2026-05-17 14:11:20,430 INFO groupCount = 1, subscriberClientCount = 0, subscriberCount = 0

2026-05-17 14:11:20,463 INFO [long-pulling] client count 0

2026-05-17 14:11:20,627 INFO toNotifyTaskSize = 0

2026-05-17 14:11:20,627 INFO toClientNotifyTaskSize = 0

2026-05-17 14:11:30,441 INFO groupCount = 1, subscriberClientCount = 0, subscriberCount = 0

2026-05-17 14:11:30,474 INFO [long-pulling] client count 0

2026-05-17 14:11:30,636 INFO toNotifyTaskSize = 0

2026-05-17 14:11:30,636 INFO toClientNotifyTaskSize = 0

2026-05-17 14:11:40,443 INFO groupCount = 1, subscriberClientCount = 0, subscriberCount = 0

2026-05-17 14:11:40,475 INFO [long-pulling] client count 0

2026-05-17 14:11:40,650 INFO toNotifyTaskSize = 0

2026-05-17 14:11:40,650 INFO toClientNotifyTaskSize = 0

2026-05-17 14:11:50,454 INFO groupCount = 1, subscriberClientCount = 0, subscriberCount = 0

2026-05-17 14:11:50,486 INFO [long-pulling] client count 0

2026-05-17 14:11:50,665 INFO toNotifyTaskSize = 0

2026-05-17 14:11:50,665 INFO toClientNotifyTaskSize = 0

2026-05-17 14:12:00,458 INFO groupCount = 1, subscriberClientCount = 0, subscriberCount = 0

2026-05-17 14:12:00,491 INFO [long-pulling] client count 0

2026-05-17 14:12:00,671 INFO toNotifyTaskSize = 0

2026-05-17 14:12:00,671 INFO toClientNotifyTaskSize = 0

2026-05-17 14:12:10,463 INFO groupCount = 1, subscriberClientCount = 0, subscriberCount = 0

2026-05-17 14:12:10,496 INFO [long-pulling] client count 0

2026-05-17 14:12:10,675 INFO toNotifyTaskSize = 0

2026-05-17 14:12:10,675 INFO toClientNotifyTaskSize = 0

2026-05-17 14:12:20,466 INFO groupCount = 1, subscriberClientCount = 0, subscriberCount = 0

2026-05-17 14:12:20,499 INFO [long-pulling] client count 0

2026-05-17 14:12:20,679 INFO toNotifyTaskSize = 0

2026-05-17 14:12:20,679 INFO toClientNotifyTaskSize = 0

2026-05-17 14:12:30,472 INFO groupCount = 1, subscriberClientCount = 0, subscriberCount = 0

2026-05-17 14:12:30,504 INFO [long-pulling] client count 0

2026-05-17 14:12:30,696 INFO toNotifyTaskSize = 0

2026-05-17 14:12:30,696 INFO toClientNotifyTaskSize = 0

2026-05-17 14:12:40,476 INFO groupCount = 1, subscriberClientCount = 0, subscriberCount = 0

2026-05-17 14:12:40,509 INFO [long-pulling] client count 0

2026-05-17 14:12:40,705 INFO toNotifyTaskSize = 0

2026-05-17 14:12:40,705 INFO toClientNotifyTaskSize = 0

2026-05-17 14:12:50,485 INFO groupCount = 1, subscriberClientCount = 0, subscriberCount = 0

2026-05-17 14:12:50,518 INFO [long-pulling] client count 0

2026-05-17 14:12:50,713 INFO toNotifyTaskSize = 0

2026-05-17 14:12:50,713 INFO toClientNotifyTaskSize = 0

2026-05-17 14:13:00,496 INFO groupCount = 1, subscriberClientCount = 0, subscriberCount = 0

2026-05-17 14:13:00,529 INFO [long-pulling] client count 0

2026-05-17 14:13:00,721 INFO toNotifyTaskSize = 0

2026-05-17 14:13:00,721 INFO toClientNotifyTaskSize = 0

2026-05-17 14:13:10,513 INFO groupCount = 1, subscriberClientCount = 0, subscriberCount = 0

2026-05-17 14:13:10,545 INFO [long-pulling] client count 0

2026-05-17 14:13:10,725 INFO toNotifyTaskSize = 0

2026-05-17 14:13:10,725 INFO toClientNotifyTaskSize = 0

2026-05-17 14:13:20,529 INFO groupCount = 1, subscriberClientCount = 0, subscriberCount = 0

2026-05-17 14:13:20,560 INFO [long-pulling] client count 0

2026-05-17 14:13:20,738 INFO toNotifyTaskSize = 0

2026-05-17 14:13:20,738 INFO toClientNotifyTaskSize = 0

2026-05-17 14:13:30,539 INFO groupCount = 1, subscriberClientCount = 0, subscriberCount = 0

2026-05-17 14:13:30,572 INFO [long-pulling] client count 0

2026-05-17 14:13:30,752 INFO toNotifyTaskSize = 0

2026-05-17 14:13:30,752 INFO toClientNotifyTaskSize = 0

2026-05-17 14:13:40,544 INFO groupCount = 1, subscriberClientCount = 0, subscriberCount = 0

2026-05-17 14:13:40,577 INFO [long-pulling] client count 0

2026-05-17 14:13:40,756 INFO toNotifyTaskSize = 0

2026-05-17 14:13:40,756 INFO toClientNotifyTaskSize = 0

2026-05-17 14:13:50,547 INFO groupCount = 1, subscriberClientCount = 0, subscriberCount = 0

2026-05-17 14:13:50,580 INFO [long-pulling] client count 0

2026-05-17 14:13:50,771 INFO toNotifyTaskSize = 0

2026-05-17 14:13:50,771 INFO toClientNotifyTaskSize = 0

2026-05-17 14:14:00,550 INFO groupCount = 1, subscriberClientCount = 0, subscriberCount = 0

2026-05-17 14:14:00,582 INFO [long-pulling] client count 0

2026-05-17 14:14:00,778 INFO toNotifyTaskSize = 0

2026-05-17 14:14:00,778 INFO toClientNotifyTaskSize = 0

2026-05-17 14:14:10,556 INFO groupCount = 1, subscriberClientCount = 0, subscriberCount = 0

2026-05-17 14:14:10,589 INFO [long-pulling] client count 0

2026-05-17 14:14:10,786 INFO toNotifyTaskSize = 0

2026-05-17 14:14:10,786 INFO toClientNotifyTaskSize = 0

2026-05-17 14:14:20,560 INFO groupCount = 1, subscriberClientCount = 0, subscriberCount = 0

2026-05-17 14:14:20,592 INFO [long-pulling] client count 0

2026-05-17 14:14:20,787 INFO toNotifyTaskSize = 0

2026-05-17 14:14:20,787 INFO toClientNotifyTaskSize = 0

2026-05-17 14:14:30,574 INFO groupCount = 1, subscriberClientCount = 0, subscriberCount = 0

2026-05-17 14:14:30,605 INFO [long-pulling] client count 0

2026-05-17 14:14:30,800 INFO toNotifyTaskSize = 0

2026-05-17 14:14:30,800 INFO toClientNotifyTaskSize = 0

2026-05-17 14:14:40,576 INFO groupCount = 1, subscriberClientCount = 0, subscriberCount = 0

2026-05-17 14:14:40,607 INFO [long-pulling] client count 0

2026-05-17 14:14:40,816 INFO toNotifyTaskSize = 0

2026-05-17 14:14:40,816 INFO toClientNotifyTaskSize = 0

2026-05-17 14:14:50,590 INFO groupCount = 1, subscriberClientCount = 0, subscriberCount = 0

2026-05-17 14:14:50,622 INFO [long-pulling] client count 0

2026-05-17 14:14:50,817 INFO toNotifyTaskSize = 0

2026-05-17 14:14:50,817 INFO toClientNotifyTaskSize = 0

2026-05-17 14:15:00,599 INFO groupCount = 1, subscriberClientCount = 0, subscriberCount = 0

2026-05-17 14:15:00,632 INFO [long-pulling] client count 0

2026-05-17 14:15:00,827 INFO toNotifyTaskSize = 0

2026-05-17 14:15:00,827 INFO toClientNotifyTaskSize = 0

2026-05-17 14:15:10,606 INFO groupCount = 1, subscriberClientCount = 0, subscriberCount = 0

2026-05-17 14:15:10,638 INFO [long-pulling] client count 0

2026-05-17 14:15:10,830 INFO toNotifyTaskSize = 0

2026-05-17 14:15:10,830 INFO toClientNotifyTaskSize = 0

2026-05-17 14:15:20,618 INFO groupCount = 1, subscriberClientCount = 0, subscriberCount = 0

2026-05-17 14:15:20,651 INFO [long-pulling] client count 0

2026-05-17 14:15:20,845 INFO toNotifyTaskSize = 0

2026-05-17 14:15:20,845 INFO toClientNotifyTaskSize = 0

2026-05-17 14:15:30,619 INFO groupCount = 1, subscriberClientCount = 0, subscriberCount = 0

2026-05-17 14:15:30,652 INFO [long-pulling] client count 0

2026-05-17 14:15:30,850 INFO toNotifyTaskSize = 0

2026-05-17 14:15:30,850 INFO toClientNotifyTaskSize = 0

2026-05-17 14:15:40,633 INFO groupCount = 1, subscriberClientCount = 0, subscriberCount = 0

2026-05-17 14:15:40,666 INFO [long-pulling] client count 0

2026-05-17 14:15:40,860 INFO toNotifyTaskSize = 0

2026-05-17 14:15:40,860 INFO toClientNotifyTaskSize = 0

2026-05-17 14:15:50,647 INFO groupCount = 1, subscriberClientCount = 0, subscriberCount = 0

2026-05-17 14:15:50,680 INFO [long-pulling] client count 0

2026-05-17 14:15:50,876 INFO toNotifyTaskSize = 0

2026-05-17 14:15:50,876 INFO toClientNotifyTaskSize = 0

2026-05-17 14:16:00,654 INFO groupCount = 1, subscriberClientCount = 0, subscriberCount = 0

2026-05-17 14:16:00,686 INFO [long-pulling] client count 0

2026-05-17 14:16:00,880 INFO toNotifyTaskSize = 0

2026-05-17 14:16:00,880 INFO toClientNotifyTaskSize = 0

2026-05-17 14:16:10,670 INFO groupCount = 1, subscriberClientCount = 0, subscriberCount = 0

2026-05-17 14:16:10,703 INFO [long-pulling] client count 0

2026-05-17 14:16:10,884 INFO toNotifyTaskSize = 0

2026-05-17 14:16:10,884 INFO toClientNotifyTaskSize = 0

2026-05-17 14:16:20,675 INFO groupCount = 1, subscriberClientCount = 0, subscriberCount = 0

2026-05-17 14:16:20,708 INFO [long-pulling] client count 0

2026-05-17 14:16:20,886 INFO toNotifyTaskSize = 0

2026-05-17 14:16:20,886 INFO toClientNotifyTaskSize = 0

2026-05-17 14:16:30,689 INFO groupCount = 1, subscriberClientCount = 0, subscriberCount = 0

2026-05-17 14:16:30,720 INFO [long-pulling] client count 0

2026-05-17 14:16:30,896 INFO toNotifyTaskSize = 0

2026-05-17 14:16:30,896 INFO toClientNotifyTaskSize = 0

2026-05-17 14:16:40,693 INFO groupCount = 1, subscriberClientCount = 0, subscriberCount = 0

2026-05-17 14:16:40,725 INFO [long-pulling] client count 0

2026-05-17 14:16:40,904 INFO toNotifyTaskSize = 0

2026-05-17 14:16:40,904 INFO toClientNotifyTaskSize = 0

2026-05-17 14:16:50,704 INFO groupCount = 1, subscriberClientCount = 0, subscriberCount = 0

2026-05-17 14:16:50,737 INFO [long-pulling] client count 0

2026-05-17 14:16:50,918 INFO toNotifyTaskSize = 0

2026-05-17 14:16:50,918 INFO toClientNotifyTaskSize = 0

2026-05-17 14:17:00,713 INFO groupCount = 1, subscriberClientCount = 0, subscriberCount = 0

2026-05-17 14:17:00,746 INFO [long-pulling] client count 0

2026-05-17 14:17:00,923 INFO toNotifyTaskSize = 0

2026-05-17 14:17:00,923 INFO toClientNotifyTaskSize = 0

2026-05-17 14:17:10,730 INFO groupCount = 1, subscriberClientCount = 0, subscriberCount = 0

2026-05-17 14:17:10,746 INFO [long-pulling] client count 0

2026-05-17 14:17:10,926 INFO toNotifyTaskSize = 0

2026-05-17 14:17:10,926 INFO toClientNotifyTaskSize = 0

2026-05-17 14:17:20,739 INFO groupCount = 1, subscriberClientCount = 0, subscriberCount = 0

2026-05-17 14:17:20,755 INFO [long-pulling] client count 0

2026-05-17 14:17:20,935 INFO toNotifyTaskSize = 0

2026-05-17 14:17:20,935 INFO toClientNotifyTaskSize = 0

2026-05-17 14:17:30,755 INFO groupCount = 1, subscriberClientCount = 0, subscriberCount = 0

2026-05-17 14:17:30,771 INFO [long-pulling] client count 0

2026-05-17 14:17:30,952 INFO toNotifyTaskSize = 0

2026-05-17 14:17:30,952 INFO toClientNotifyTaskSize = 0

2026-05-17 14:17:40,766 INFO groupCount = 1, subscriberClientCount = 0, subscriberCount = 0

2026-05-17 14:17:40,782 INFO [long-pulling] client count 0

2026-05-17 14:17:40,962 INFO toNotifyTaskSize = 0

2026-05-17 14:17:40,962 INFO toClientNotifyTaskSize = 0

2026-05-17 14:17:50,777 INFO groupCount = 1, subscriberClientCount = 0, subscriberCount = 0

2026-05-17 14:17:50,792 INFO [long-pulling] client count 0

2026-05-17 14:17:50,971 INFO toNotifyTaskSize = 0

2026-05-17 14:17:50,971 INFO toClientNotifyTaskSize = 0

2026-05-17 14:18:00,792 INFO groupCount = 1, subscriberClientCount = 0, subscriberCount = 0

2026-05-17 14:18:00,808 INFO [long-pulling] client count 0

2026-05-17 14:18:00,987 INFO toNotifyTaskSize = 0

2026-05-17 14:18:00,987 INFO toClientNotifyTaskSize = 0

2026-05-17 14:18:10,798 INFO groupCount = 1, subscriberClientCount = 0, subscriberCount = 0

2026-05-17 14:18:10,814 INFO [long-pulling] client count 0

2026-05-17 14:18:10,991 INFO toNotifyTaskSize = 0

2026-05-17 14:18:10,991 INFO toClientNotifyTaskSize = 0

2026-05-17 14:18:20,807 INFO groupCount = 1, subscriberClientCount = 0, subscriberCount = 0

2026-05-17 14:18:20,824 INFO [long-pulling] client count 0

2026-05-17 14:18:20,999 INFO toNotifyTaskSize = 0

2026-05-17 14:18:20,999 INFO toClientNotifyTaskSize = 0

2026-05-17 14:18:30,810 INFO groupCount = 1, subscriberClientCount = 0, subscriberCount = 0

2026-05-17 14:18:30,827 INFO [long-pulling] client count 0

2026-05-17 14:18:31,006 INFO toNotifyTaskSize = 0

2026-05-17 14:18:31,006 INFO toClientNotifyTaskSize = 0

2026-05-17 14:18:40,821 INFO groupCount = 1, subscriberClientCount = 0, subscriberCount = 0

2026-05-17 14:18:40,836 INFO [long-pulling] client count 0

2026-05-17 14:18:41,013 INFO toNotifyTaskSize = 0

2026-05-17 14:18:41,014 INFO toClientNotifyTaskSize = 0

2026-05-17 14:18:50,823 INFO groupCount = 1, subscriberClientCount = 0, subscriberCount = 0

2026-05-17 14:18:50,838 INFO [long-pulling] client count 0

2026-05-17 14:18:51,018 INFO toNotifyTaskSize = 0

2026-05-17 14:18:51,018 INFO toClientNotifyTaskSize = 0

2026-05-17 14:19:00,826 INFO groupCount = 1, subscriberClientCount = 0, subscriberCount = 0

2026-05-17 14:19:00,843 INFO [long-pulling] client count 0

2026-05-17 14:19:01,020 INFO toNotifyTaskSize = 0

2026-05-17 14:19:01,020 INFO toClientNotifyTaskSize = 0

2026-05-17 14:19:10,833 INFO groupCount = 1, subscriberClientCount = 0, subscriberCount = 0

2026-05-17 14:19:10,850 INFO [long-pulling] client count 0

2026-05-17 14:19:11,025 INFO toNotifyTaskSize = 0

2026-05-17 14:19:11,025 INFO toClientNotifyTaskSize = 0

2026-05-17 14:19:20,840 INFO groupCount = 1, subscriberClientCount = 0, subscriberCount = 0

2026-05-17 14:19:20,856 INFO [long-pulling] client count 0

2026-05-17 14:19:21,033 INFO toNotifyTaskSize = 0

2026-05-17 14:19:21,033 INFO toClientNotifyTaskSize = 0

2026-05-17 14:19:30,848 INFO groupCount = 1, subscriberClientCount = 0, subscriberCount = 0

2026-05-17 14:19:30,864 INFO [long-pulling] client count 0

2026-05-17 14:19:31,046 INFO toNotifyTaskSize = 0

2026-05-17 14:19:31,046 INFO toClientNotifyTaskSize = 0

2026-05-17 14:19:40,864 INFO groupCount = 1, subscriberClientCount = 0, subscriberCount = 0

2026-05-17 14:19:40,881 INFO [long-pulling] client count 0

2026-05-17 14:19:41,062 INFO toNotifyTaskSize = 0

2026-05-17 14:19:41,062 INFO toClientNotifyTaskSize = 0

2026-05-17 14:19:50,871 INFO groupCount = 1, subscriberClientCount = 0, subscriberCount = 0

2026-05-17 14:19:50,887 INFO [long-pulling] client count 0

2026-05-17 14:19:51,068 INFO toNotifyTaskSize = 0

2026-05-17 14:19:51,068 INFO toClientNotifyTaskSize = 0

2026-05-17 14:20:00,880 INFO groupCount = 1, subscriberClientCount = 0, subscriberCount = 0

2026-05-17 14:20:00,896 INFO [long-pulling] client count 0

2026-05-17 14:20:01,070 INFO toNotifyTaskSize = 0

2026-05-17 14:20:01,070 INFO toClientNotifyTaskSize = 0

2026-05-17 14:20:10,889 INFO groupCount = 1, subscriberClientCount = 0, subscriberCount = 0

2026-05-17 14:20:10,905 INFO [long-pulling] client count 0

2026-05-17 14:20:11,087 INFO toNotifyTaskSize = 0

2026-05-17 14:20:11,087 INFO toClientNotifyTaskSize = 0

2026-05-17 14:20:20,892 INFO groupCount = 1, subscriberClientCount = 0, subscriberCount = 0

2026-05-17 14:20:20,908 INFO [long-pulling] client count 0

2026-05-17 14:20:21,103 INFO toNotifyTaskSize = 0

2026-05-17 14:20:21,103 INFO toClientNotifyTaskSize = 0

2026-05-17 14:20:30,900 INFO groupCount = 1, subscriberClientCount = 0, subscriberCount = 0

2026-05-17 14:20:30,916 INFO [long-pulling] client count 0

2026-05-17 14:20:31,106 INFO toNotifyTaskSize = 0

2026-05-17 14:20:31,106 INFO toClientNotifyTaskSize = 0

2026-05-17 14:20:40,914 INFO groupCount = 1, subscriberClientCount = 0, subscriberCount = 0

2026-05-17 14:20:40,931 INFO [long-pulling] client count 0

2026-05-17 14:20:41,109 INFO toNotifyTaskSize = 0

2026-05-17 14:20:41,109 INFO toClientNotifyTaskSize = 0

2026-05-17 14:20:50,924 INFO groupCount = 1, subscriberClientCount = 0, subscriberCount = 0

2026-05-17 14:20:50,940 INFO [long-pulling] client count 0

2026-05-17 14:20:51,121 INFO toNotifyTaskSize = 0

2026-05-17 14:20:51,121 INFO toClientNotifyTaskSize = 0

2026-05-17 14:21:00,937 INFO groupCount = 1, subscriberClientCount = 0, subscriberCount = 0

2026-05-17 14:21:00,953 INFO [long-pulling] client count 0

2026-05-17 14:21:01,129 INFO toNotifyTaskSize = 0

2026-05-17 14:21:01,129 INFO toClientNotifyTaskSize = 0

2026-05-17 14:21:10,948 INFO groupCount = 1, subscriberClientCount = 0, subscriberCount = 0

2026-05-17 14:21:10,965 INFO [long-pulling] client count 0

2026-05-17 14:21:11,145 INFO toNotifyTaskSize = 0

2026-05-17 14:21:11,145 INFO toClientNotifyTaskSize = 0

2026-05-17 14:21:20,957 INFO groupCount = 1, subscriberClientCount = 0, subscriberCount = 0

2026-05-17 14:21:20,974 INFO [long-pulling] client count 0

2026-05-17 14:21:21,152 INFO toNotifyTaskSize = 0

2026-05-17 14:21:21,152 INFO toClientNotifyTaskSize = 0

2026-05-17 14:21:30,969 INFO groupCount = 1, subscriberClientCount = 0, subscriberCount = 0

2026-05-17 14:21:30,986 INFO [long-pulling] client count 0

2026-05-17 14:21:31,165 INFO toNotifyTaskSize = 0

2026-05-17 14:21:31,165 INFO toClientNotifyTaskSize = 0

2026-05-17 14:21:40,981 INFO groupCount = 1, subscriberClientCount = 0, subscriberCount = 0

2026-05-17 14:21:40,996 INFO [long-pulling] client count 0

2026-05-17 14:21:41,177 INFO toNotifyTaskSize = 0

2026-05-17 14:21:41,177 INFO toClientNotifyTaskSize = 0

2026-05-17 14:21:50,995 INFO groupCount = 1, subscriberClientCount = 0, subscriberCount = 0

2026-05-17 14:21:51,011 INFO [long-pulling] client count 0

2026-05-17 14:21:51,186 INFO toNotifyTaskSize = 0

2026-05-17 14:21:51,186 INFO toClientNotifyTaskSize = 0

2026-05-17 14:22:01,002 INFO groupCount = 1, subscriberClientCount = 0, subscriberCount = 0

2026-05-17 14:22:01,018 INFO [long-pulling] client count 0

2026-05-17 14:22:01,197 INFO toNotifyTaskSize = 0

2026-05-17 14:22:01,197 INFO toClientNotifyTaskSize = 0

2026-05-17 14:22:11,010 INFO groupCount = 1, subscriberClientCount = 0, subscriberCount = 0

2026-05-17 14:22:11,026 INFO [long-pulling] client count 0

2026-05-17 14:22:11,206 INFO toNotifyTaskSize = 0

2026-05-17 14:22:11,206 INFO toClientNotifyTaskSize = 0

2026-05-17 14:22:21,016 INFO groupCount = 1, subscriberClientCount = 0, subscriberCount = 0

2026-05-17 14:22:21,032 INFO [long-pulling] client count 0

2026-05-17 14:22:21,211 INFO toNotifyTaskSize = 0

2026-05-17 14:22:21,211 INFO toClientNotifyTaskSize = 0

2026-05-17 14:22:31,029 INFO groupCount = 1, subscriberClientCount = 0, subscriberCount = 0

2026-05-17 14:22:31,045 INFO [long-pulling] client count 0

2026-05-17 14:22:31,226 INFO toNotifyTaskSize = 0

2026-05-17 14:22:31,226 INFO toClientNotifyTaskSize = 0

2026-05-17 14:22:41,035 INFO groupCount = 1, subscriberClientCount = 0, subscriberCount = 0

2026-05-17 14:22:41,051 INFO [long-pulling] client count 0

2026-05-17 14:22:41,242 INFO toNotifyTaskSize = 0

2026-05-17 14:22:41,242 INFO toClientNotifyTaskSize = 0

2026-05-17 14:22:51,050 INFO groupCount = 1, subscriberClientCount = 0, subscriberCount = 0

2026-05-17 14:22:51,066 INFO [long-pulling] client count 0

2026-05-17 14:22:51,247 INFO toNotifyTaskSize = 0

2026-05-17 14:22:51,247 INFO toClientNotifyTaskSize = 0

2026-05-17 14:23:01,059 INFO groupCount = 1, subscriberClientCount = 0, subscriberCount = 0

2026-05-17 14:23:01,075 INFO [long-pulling] client count 0

2026-05-17 14:23:01,255 INFO toNotifyTaskSize = 0

2026-05-17 14:23:01,255 INFO toClientNotifyTaskSize = 0

2026-05-17 14:23:11,073 INFO groupCount = 1, subscriberClientCount = 0, subscriberCount = 0

2026-05-17 14:23:11,090 INFO [long-pulling] client count 0

2026-05-17 14:23:11,264 INFO toNotifyTaskSize = 0

2026-05-17 14:23:11,264 INFO toClientNotifyTaskSize = 0

2026-05-17 14:23:21,083 INFO groupCount = 1, subscriberClientCount = 0, subscriberCount = 0

2026-05-17 14:23:21,099 INFO [long-pulling] client count 0

2026-05-17 14:23:21,280 INFO toNotifyTaskSize = 0

2026-05-17 14:23:21,280 INFO toClientNotifyTaskSize = 0

2026-05-17 14:23:31,090 INFO groupCount = 1, subscriberClientCount = 0, subscriberCount = 0

2026-05-17 14:23:31,107 INFO [long-pulling] client count 0

2026-05-17 14:23:31,287 INFO toNotifyTaskSize = 0

2026-05-17 14:23:31,287 INFO toClientNotifyTaskSize = 0

2026-05-17 14:23:41,094 INFO groupCount = 1, subscriberClientCount = 0, subscriberCount = 0

2026-05-17 14:23:41,110 INFO [long-pulling] client count 0

2026-05-17 14:23:41,303 INFO toNotifyTaskSize = 0

2026-05-17 14:23:41,303 INFO toClientNotifyTaskSize = 0

2026-05-17 14:23:51,104 INFO groupCount = 1, subscriberClientCount = 0, subscriberCount = 0

2026-05-17 14:23:51,121 INFO [long-pulling] client count 0

2026-05-17 14:23:51,318 INFO toNotifyTaskSize = 0

2026-05-17 14:23:51,318 INFO toClientNotifyTaskSize = 0

2026-05-17 14:24:01,117 INFO groupCount = 1, subscriberClientCount = 0, subscriberCount = 0

2026-05-17 14:24:01,133 INFO [long-pulling] client count 0

2026-05-17 14:24:01,326 INFO toNotifyTaskSize = 0

2026-05-17 14:24:01,326 INFO toClientNotifyTaskSize = 0

2026-05-17 14:24:11,130 INFO groupCount = 1, subscriberClientCount = 0, subscriberCount = 0

2026-05-17 14:24:11,147 INFO [long-pulling] client count 0

2026-05-17 14:24:11,327 INFO toNotifyTaskSize = 0

2026-05-17 14:24:11,327 INFO toClientNotifyTaskSize = 0

2026-05-17 14:24:21,143 INFO groupCount = 1, subscriberClientCount = 0, subscriberCount = 0

2026-05-17 14:24:21,159 INFO [long-pulling] client count 0

2026-05-17 14:24:21,340 INFO toNotifyTaskSize = 0

2026-05-17 14:24:21,340 INFO toClientNotifyTaskSize = 0

2026-05-17 14:24:31,153 INFO groupCount = 1, subscriberClientCount = 0, subscriberCount = 0

2026-05-17 14:24:31,169 INFO [long-pulling] client count 0

2026-05-17 14:24:31,348 INFO toNotifyTaskSize = 0

2026-05-17 14:24:31,348 INFO toClientNotifyTaskSize = 0

2026-05-17 14:24:41,167 INFO groupCount = 1, subscriberClientCount = 0, subscriberCount = 0

2026-05-17 14:24:41,182 INFO [long-pulling] client count 0

2026-05-17 14:24:41,363 INFO toNotifyTaskSize = 0

2026-05-17 14:24:41,363 INFO toClientNotifyTaskSize = 0

2026-05-17 14:24:51,168 INFO groupCount = 1, subscriberClientCount = 0, subscriberCount = 0

2026-05-17 14:24:51,184 INFO [long-pulling] client count 0

2026-05-17 14:24:51,364 INFO toNotifyTaskSize = 0

2026-05-17 14:24:51,364 INFO toClientNotifyTaskSize = 0

2026-05-17 14:25:01,173 INFO groupCount = 1, subscriberClientCount = 0, subscriberCount = 0

2026-05-17 14:25:01,190 INFO [long-pulling] client count 0

2026-05-17 14:25:01,365 INFO toNotifyTaskSize = 0

2026-05-17 14:25:01,365 INFO toClientNotifyTaskSize = 0

2026-05-17 14:25:11,183 INFO groupCount = 1, subscriberClientCount = 0, subscriberCount = 0

2026-05-17 14:25:11,199 INFO [long-pulling] client count 0

2026-05-17 14:25:11,381 INFO toNotifyTaskSize = 0

2026-05-17 14:25:11,388 INFO toClientNotifyTaskSize = 0

2026-05-17 14:25:21,198 INFO groupCount = 1, subscriberClientCount = 0, subscriberCount = 0

2026-05-17 14:25:21,214 INFO [long-pulling] client count 0

2026-05-17 14:25:21,409 INFO toNotifyTaskSize = 0

2026-05-17 14:25:21,409 INFO toClientNotifyTaskSize = 0

2026-05-17 14:25:31,203 INFO groupCount = 1, subscriberClientCount = 0, subscriberCount = 0

2026-05-17 14:25:31,220 INFO [long-pulling] client count 0

2026-05-17 14:25:31,414 INFO toNotifyTaskSize = 0

2026-05-17 14:25:31,414 INFO toClientNotifyTaskSize = 0

2026-05-17 14:25:41,207 INFO groupCount = 1, subscriberClientCount = 0, subscriberCount = 0

2026-05-17 14:25:41,223 INFO [long-pulling] client count 0

2026-05-17 14:25:41,419 INFO toNotifyTaskSize = 0

2026-05-17 14:25:41,419 INFO toClientNotifyTaskSize = 0

2026-05-17 14:25:51,223 INFO groupCount = 1, subscriberClientCount = 0, subscriberCount = 0

2026-05-17 14:25:51,239 INFO [long-pulling] client count 0

2026-05-17 14:25:51,434 INFO toNotifyTaskSize = 0

2026-05-17 14:25:51,434 INFO toClientNotifyTaskSize = 0

2026-05-17 14:26:01,233 INFO groupCount = 1, subscriberClientCount = 0, subscriberCount = 0

2026-05-17 14:26:01,250 INFO [long-pulling] client count 0

2026-05-17 14:26:01,448 INFO toNotifyTaskSize = 0

2026-05-17 14:26:01,448 INFO toClientNotifyTaskSize = 0

2026-05-17 14:26:11,248 INFO groupCount = 1, subscriberClientCount = 0, subscriberCount = 0

2026-05-17 14:26:11,264 INFO [long-pulling] client count 0

2026-05-17 14:26:11,460 INFO toNotifyTaskSize = 0

2026-05-17 14:26:11,460 INFO toClientNotifyTaskSize = 0

2026-05-17 14:26:21,256 INFO groupCount = 1, subscriberClientCount = 0, subscriberCount = 0

2026-05-17 14:26:21,271 INFO [long-pulling] client count 0

2026-05-17 14:26:21,468 INFO toNotifyTaskSize = 0

2026-05-17 14:26:21,468 INFO toClientNotifyTaskSize = 0

2026-05-17 14:26:31,257 INFO groupCount = 1, subscriberClientCount = 0, subscriberCount = 0

2026-05-17 14:26:31,272 INFO [long-pulling] client count 0

2026-05-17 14:26:31,481 INFO toNotifyTaskSize = 0

2026-05-17 14:26:31,481 INFO toClientNotifyTaskSize = 0

2026-05-17 14:26:41,271 INFO groupCount = 1, subscriberClientCount = 0, subscriberCount = 0

2026-05-17 14:26:41,287 INFO [long-pulling] client count 0

2026-05-17 14:26:41,492 INFO toNotifyTaskSize = 0

2026-05-17 14:26:41,492 INFO toClientNotifyTaskSize = 0

2026-05-17 14:26:51,283 INFO groupCount = 1, subscriberClientCount = 0, subscriberCount = 0

2026-05-17 14:26:51,300 INFO [long-pulling] client count 0

2026-05-17 14:26:51,497 INFO toNotifyTaskSize = 0

2026-05-17 14:26:51,497 INFO toClientNotifyTaskSize = 0

2026-05-17 14:27:01,298 INFO groupCount = 1, subscriberClientCount = 0, subscriberCount = 0

2026-05-17 14:27:01,314 INFO [long-pulling] client count 0

2026-05-17 14:27:01,509 INFO toNotifyTaskSize = 0

2026-05-17 14:27:01,509 INFO toClientNotifyTaskSize = 0

2026-05-17 14:27:11,307 INFO groupCount = 1, subscriberClientCount = 0, subscriberCount = 0

2026-05-17 14:27:11,323 INFO [long-pulling] client count 0

2026-05-17 14:27:11,520 INFO toNotifyTaskSize = 0

2026-05-17 14:27:11,520 INFO toClientNotifyTaskSize = 0

2026-05-17 14:27:21,320 INFO groupCount = 1, subscriberClientCount = 0, subscriberCount = 0

2026-05-17 14:27:21,336 INFO [long-pulling] client count 0

2026-05-17 14:27:21,530 INFO toNotifyTaskSize = 0

2026-05-17 14:27:21,530 INFO toClientNotifyTaskSize = 0

2026-05-17 14:27:31,324 INFO groupCount = 1, subscriberClientCount = 0, subscriberCount = 0

2026-05-17 14:27:31,340 INFO [long-pulling] client count 0

2026-05-17 14:27:31,534 INFO toNotifyTaskSize = 0

2026-05-17 14:27:31,534 INFO toClientNotifyTaskSize = 0

2026-05-17 14:27:41,331 INFO groupCount = 1, subscriberClientCount = 0, subscriberCount = 0

2026-05-17 14:27:41,346 INFO [long-pulling] client count 0

2026-05-17 14:27:41,542 INFO toNotifyTaskSize = 0

2026-05-17 14:27:41,542 INFO toClientNotifyTaskSize = 0

2026-05-17 14:27:51,337 INFO groupCount = 1, subscriberClientCount = 0, subscriberCount = 0

2026-05-17 14:27:51,354 INFO [long-pulling] client count 0

2026-05-17 14:27:51,545 INFO toNotifyTaskSize = 0

2026-05-17 14:27:51,545 INFO toClientNotifyTaskSize = 0

2026-05-17 14:28:01,352 INFO groupCount = 1, subscriberClientCount = 0, subscriberCount = 0

2026-05-17 14:28:01,368 INFO [long-pulling] client count 0

2026-05-17 14:28:01,547 INFO toNotifyTaskSize = 0

2026-05-17 14:28:01,547 INFO toClientNotifyTaskSize = 0

2026-05-17 14:28:11,353 INFO groupCount = 1, subscriberClientCount = 0, subscriberCount = 0

2026-05-17 14:28:11,384 INFO [long-pulling] client count 0

2026-05-17 14:28:11,548 INFO toNotifyTaskSize = 0

2026-05-17 14:28:11,548 INFO toClientNotifyTaskSize = 0

2026-05-17 14:28:21,364 INFO groupCount = 1, subscriberClientCount = 0, subscriberCount = 0

2026-05-17 14:28:21,396 INFO [long-pulling] client count 0

2026-05-17 14:28:21,560 INFO toNotifyTaskSize = 0

2026-05-17 14:28:21,560 INFO toClientNotifyTaskSize = 0

2026-05-17 14:28:31,369 INFO groupCount = 1, subscriberClientCount = 0, subscriberCount = 0

2026-05-17 14:28:31,402 INFO [long-pulling] client count 0

2026-05-17 14:28:31,566 INFO toNotifyTaskSize = 0

2026-05-17 14:28:31,566 INFO toClientNotifyTaskSize = 0

2026-05-17 14:28:41,377 INFO groupCount = 1, subscriberClientCount = 0, subscriberCount = 0

2026-05-17 14:28:41,408 INFO [long-pulling] client count 0

2026-05-17 14:28:41,569 INFO toNotifyTaskSize = 0

2026-05-17 14:28:41,569 INFO toClientNotifyTaskSize = 0

2026-05-17 14:28:51,389 INFO groupCount = 1, subscriberClientCount = 0, subscriberCount = 0

2026-05-17 14:28:51,422 INFO [long-pulling] client count 0

2026-05-17 14:28:51,570 INFO toNotifyTaskSize = 0

2026-05-17 14:28:51,570 INFO toClientNotifyTaskSize = 0

2026-05-17 14:29:01,404 INFO groupCount = 1, subscriberClientCount = 0, subscriberCount = 0

2026-05-17 14:29:01,436 INFO [long-pulling] client count 0

2026-05-17 14:29:01,581 INFO toNotifyTaskSize = 0

2026-05-17 14:29:01,581 INFO toClientNotifyTaskSize = 0

2026-05-17 14:29:11,421 INFO groupCount = 1, subscriberClientCount = 0, subscriberCount = 0

2026-05-17 14:29:11,437 INFO [long-pulling] client count 0

2026-05-17 14:29:11,582 INFO toNotifyTaskSize = 0

2026-05-17 14:29:11,582 INFO toClientNotifyTaskSize = 0

2026-05-17 14:29:21,429 INFO groupCount = 1, subscriberClientCount = 0, subscriberCount = 0

2026-05-17 14:29:21,445 INFO [long-pulling] client count 0

2026-05-17 14:29:21,592 INFO toNotifyTaskSize = 0

2026-05-17 14:29:21,592 INFO toClientNotifyTaskSize = 0

2026-05-17 14:29:31,431 INFO groupCount = 1, subscriberClientCount = 0, subscriberCount = 0

2026-05-17 14:29:31,447 INFO [long-pulling] client count 0

2026-05-17 14:29:31,593 INFO toNotifyTaskSize = 0

2026-05-17 14:29:31,593 INFO toClientNotifyTaskSize = 0

2026-05-17 14:29:41,436 INFO groupCount = 1, subscriberClientCount = 0, subscriberCount = 0

2026-05-17 14:29:41,453 INFO [long-pulling] client count 0

2026-05-17 14:29:41,599 INFO toNotifyTaskSize = 0

2026-05-17 14:29:41,599 INFO toClientNotifyTaskSize = 0

2026-05-17 14:29:51,451 INFO groupCount = 1, subscriberClientCount = 0, subscriberCount = 0

2026-05-17 14:29:51,467 INFO [long-pulling] client count 0

2026-05-17 14:29:51,600 INFO toNotifyTaskSize = 0

2026-05-17 14:29:51,600 INFO toClientNotifyTaskSize = 0

2026-05-17 14:30:01,464 INFO groupCount = 1, subscriberClientCount = 0, subscriberCount = 0

2026-05-17 14:30:01,480 INFO [long-pulling] client count 0

2026-05-17 14:30:01,612 INFO toNotifyTaskSize = 0

2026-05-17 14:30:01,612 INFO toClientNotifyTaskSize = 0

2026-05-17 14:30:11,476 INFO groupCount = 1, subscriberClientCount = 0, subscriberCount = 0

2026-05-17 14:30:11,493 INFO [long-pulling] client count 0

2026-05-17 14:30:11,624 INFO toNotifyTaskSize = 0

2026-05-17 14:30:11,624 INFO toClientNotifyTaskSize = 0

2026-05-17 14:30:21,486 INFO groupCount = 1, subscriberClientCount = 0, subscriberCount = 0

2026-05-17 14:30:21,502 INFO [long-pulling] client count 0

2026-05-17 14:30:21,632 INFO toNotifyTaskSize = 0

2026-05-17 14:30:21,632 INFO toClientNotifyTaskSize = 0

2026-05-17 14:30:31,491 INFO groupCount = 1, subscriberClientCount = 0, subscriberCount = 0

2026-05-17 14:30:31,507 INFO [long-pulling] client count 0

2026-05-17 14:30:31,635 INFO toNotifyTaskSize = 0

2026-05-17 14:30:31,635 INFO toClientNotifyTaskSize = 0

2026-05-17 14:30:41,504 INFO groupCount = 1, subscriberClientCount = 0, subscriberCount = 0

2026-05-17 14:30:41,520 INFO [long-pulling] client count 0

2026-05-17 14:30:41,636 INFO toNotifyTaskSize = 0

2026-05-17 14:30:41,636 INFO toClientNotifyTaskSize = 0

2026-05-17 14:30:51,518 INFO groupCount = 1, subscriberClientCount = 0, subscriberCount = 0

2026-05-17 14:30:51,534 INFO [long-pulling] client count 0

2026-05-17 14:30:51,648 INFO toNotifyTaskSize = 0

2026-05-17 14:30:51,648 INFO toClientNotifyTaskSize = 0

2026-05-17 14:31:01,532 INFO groupCount = 1, subscriberClientCount = 0, subscriberCount = 0

2026-05-17 14:31:01,548 INFO [long-pulling] client count 0

2026-05-17 14:31:01,660 INFO toNotifyTaskSize = 0

2026-05-17 14:31:01,660 INFO toClientNotifyTaskSize = 0

2026-05-17 14:31:11,532 INFO groupCount = 1, subscriberClientCount = 0, subscriberCount = 0

2026-05-17 14:31:11,549 INFO [long-pulling] client count 0

2026-05-17 14:31:11,663 INFO toNotifyTaskSize = 0

2026-05-17 14:31:11,663 INFO toClientNotifyTaskSize = 0

2026-05-17 14:31:21,538 INFO groupCount = 1, subscriberClientCount = 0, subscriberCount = 0

2026-05-17 14:31:21,555 INFO [long-pulling] client count 0

2026-05-17 14:31:21,670 INFO toNotifyTaskSize = 0

2026-05-17 14:31:21,670 INFO toClientNotifyTaskSize = 0

2026-05-17 14:31:31,545 INFO groupCount = 1, subscriberClientCount = 0, subscriberCount = 0

2026-05-17 14:31:31,561 INFO [long-pulling] client count 0

2026-05-17 14:31:31,674 INFO toNotifyTaskSize = 0

2026-05-17 14:31:31,674 INFO toClientNotifyTaskSize = 0

2026-05-17 14:31:41,553 INFO groupCount = 1, subscriberClientCount = 0, subscriberCount = 0

2026-05-17 14:31:41,570 INFO [long-pulling] client count 0

2026-05-17 14:31:41,685 INFO toNotifyTaskSize = 0

2026-05-17 14:31:41,685 INFO toClientNotifyTaskSize = 0

2026-05-17 14:31:51,569 INFO groupCount = 1, subscriberClientCount = 0, subscriberCount = 0

2026-05-17 14:31:51,585 INFO [long-pulling] client count 0

2026-05-17 14:31:51,699 INFO toNotifyTaskSize = 0

2026-05-17 14:31:51,699 INFO toClientNotifyTaskSize = 0

2026-05-17 14:32:01,577 INFO groupCount = 1, subscriberClientCount = 0, subscriberCount = 0

2026-05-17 14:32:01,593 INFO [long-pulling] client count 0

2026-05-17 14:32:01,708 INFO toNotifyTaskSize = 0

2026-05-17 14:32:01,708 INFO toClientNotifyTaskSize = 0

2026-05-17 14:32:11,580 INFO groupCount = 1, subscriberClientCount = 0, subscriberCount = 0

2026-05-17 14:32:11,596 INFO [long-pulling] client count 0

2026-05-17 14:32:11,711 INFO toNotifyTaskSize = 0

2026-05-17 14:32:11,711 INFO toClientNotifyTaskSize = 0

2026-05-17 14:32:21,583 INFO groupCount = 1, subscriberClientCount = 0, subscriberCount = 0

2026-05-17 14:32:21,599 INFO [long-pulling] client count 0

2026-05-17 14:32:21,712 INFO toNotifyTaskSize = 0

2026-05-17 14:32:21,712 INFO toClientNotifyTaskSize = 0

2026-05-17 14:32:31,593 INFO groupCount = 1, subscriberClientCount = 0, subscriberCount = 0

2026-05-17 14:32:31,609 INFO [long-pulling] client count 0

2026-05-17 14:32:31,724 INFO toNotifyTaskSize = 0

2026-05-17 14:32:31,724 INFO toClientNotifyTaskSize = 0

2026-05-17 14:32:41,603 INFO groupCount = 1, subscriberClientCount = 0, subscriberCount = 0

2026-05-17 14:32:41,619 INFO [long-pulling] client count 0

2026-05-17 14:32:41,732 INFO toNotifyTaskSize = 0

2026-05-17 14:32:41,732 INFO toClientNotifyTaskSize = 0

2026-05-17 14:32:51,611 INFO groupCount = 1, subscriberClientCount = 0, subscriberCount = 0

2026-05-17 14:32:51,627 INFO [long-pulling] client count 0

2026-05-17 14:32:51,741 INFO toNotifyTaskSize = 0

2026-05-17 14:32:51,741 INFO toClientNotifyTaskSize = 0

2026-05-17 14:33:01,617 INFO groupCount = 1, subscriberClientCount = 0, subscriberCount = 0

2026-05-17 14:33:01,633 INFO [long-pulling] client count 0

2026-05-17 14:33:01,747 INFO toNotifyTaskSize = 0

2026-05-17 14:33:01,747 INFO toClientNotifyTaskSize = 0

2026-05-17 14:33:11,619 INFO groupCount = 1, subscriberClientCount = 0, subscriberCount = 0

2026-05-17 14:33:11,635 INFO [long-pulling] client count 0

2026-05-17 14:33:11,749 INFO toNotifyTaskSize = 0

2026-05-17 14:33:11,749 INFO toClientNotifyTaskSize = 0

2026-05-17 14:33:21,626 INFO groupCount = 1, subscriberClientCount = 0, subscriberCount = 0

2026-05-17 14:33:21,642 INFO [long-pulling] client count 0

2026-05-17 14:33:21,757 INFO toNotifyTaskSize = 0

2026-05-17 14:33:21,757 INFO toClientNotifyTaskSize = 0

2026-05-17 14:33:31,628 INFO groupCount = 1, subscriberClientCount = 0, subscriberCount = 0

2026-05-17 14:33:31,644 INFO [long-pulling] client count 0

2026-05-17 14:33:31,758 INFO toNotifyTaskSize = 0

2026-05-17 14:33:31,758 INFO toClientNotifyTaskSize = 0

2026-05-17 14:33:41,631 INFO groupCount = 1, subscriberClientCount = 0, subscriberCount = 0

2026-05-17 14:33:41,646 INFO [long-pulling] client count 0

2026-05-17 14:33:41,759 INFO toNotifyTaskSize = 0

2026-05-17 14:33:41,759 INFO toClientNotifyTaskSize = 0

2026-05-17 14:33:51,632 INFO groupCount = 1, subscriberClientCount = 0, subscriberCount = 0

2026-05-17 14:33:51,648 INFO [long-pulling] client count 0

2026-05-17 14:33:51,762 INFO toNotifyTaskSize = 0

2026-05-17 14:33:51,762 INFO toClientNotifyTaskSize = 0

2026-05-17 14:34:01,647 INFO groupCount = 1, subscriberClientCount = 0, subscriberCount = 0

2026-05-17 14:34:01,663 INFO [long-pulling] client count 0

2026-05-17 14:34:01,774 INFO toNotifyTaskSize = 0

2026-05-17 14:34:01,774 INFO toClientNotifyTaskSize = 0

2026-05-17 14:34:11,659 INFO groupCount = 1, subscriberClientCount = 0, subscriberCount = 0

2026-05-17 14:34:11,675 INFO [long-pulling] client count 0

2026-05-17 14:34:11,787 INFO toNotifyTaskSize = 0

2026-05-17 14:34:11,787 INFO toClientNotifyTaskSize = 0

2026-05-17 14:34:21,660 INFO groupCount = 1, subscriberClientCount = 0, subscriberCount = 0

2026-05-17 14:34:21,676 INFO [long-pulling] client count 0

2026-05-17 14:34:21,790 INFO toNotifyTaskSize = 0

2026-05-17 14:34:21,790 INFO toClientNotifyTaskSize = 0

2026-05-17 14:34:31,672 INFO groupCount = 1, subscriberClientCount = 0, subscriberCount = 0

2026-05-17 14:34:31,687 INFO [long-pulling] client count 0

2026-05-17 14:34:31,798 INFO toNotifyTaskSize = 0

2026-05-17 14:34:31,798 INFO toClientNotifyTaskSize = 0

2026-05-17 14:34:41,686 INFO groupCount = 1, subscriberClientCount = 0, subscriberCount = 0

2026-05-17 14:34:41,702 INFO [long-pulling] client count 0

2026-05-17 14:34:41,800 INFO toNotifyTaskSize = 0

2026-05-17 14:34:41,800 INFO toClientNotifyTaskSize = 0

2026-05-17 14:34:51,690 INFO groupCount = 1, subscriberClientCount = 0, subscriberCount = 0

2026-05-17 14:34:51,707 INFO [long-pulling] client count 0

2026-05-17 14:34:51,805 INFO toNotifyTaskSize = 0

2026-05-17 14:34:51,805 INFO toClientNotifyTaskSize = 0

2026-05-17 14:35:01,703 INFO groupCount = 1, subscriberClientCount = 0, subscriberCount = 0

2026-05-17 14:35:01,719 INFO [long-pulling] client count 0

2026-05-17 14:35:01,814 INFO toNotifyTaskSize = 0

2026-05-17 14:35:01,814 INFO toClientNotifyTaskSize = 0

2026-05-17 14:35:11,718 INFO groupCount = 1, subscriberClientCount = 0, subscriberCount = 0

2026-05-17 14:35:11,734 INFO [long-pulling] client count 0

2026-05-17 14:35:11,816 INFO toNotifyTaskSize = 0

2026-05-17 14:35:11,816 INFO toClientNotifyTaskSize = 0

2026-05-17 14:35:21,723 INFO groupCount = 1, subscriberClientCount = 0, subscriberCount = 0

2026-05-17 14:35:21,739 INFO [long-pulling] client count 0

2026-05-17 14:35:21,821 INFO toNotifyTaskSize = 0

2026-05-17 14:35:21,821 INFO toClientNotifyTaskSize = 0

2026-05-17 14:35:31,732 INFO groupCount = 1, subscriberClientCount = 0, subscriberCount = 0

2026-05-17 14:35:31,748 INFO [long-pulling] client count 0

2026-05-17 14:35:31,827 INFO toNotifyTaskSize = 0

2026-05-17 14:35:31,827 INFO toClientNotifyTaskSize = 0

2026-05-17 14:35:41,734 INFO groupCount = 1, subscriberClientCount = 0, subscriberCount = 0

2026-05-17 14:35:41,750 INFO [long-pulling] client count 0

2026-05-17 14:35:41,833 INFO toNotifyTaskSize = 0

2026-05-17 14:35:41,833 INFO toClientNotifyTaskSize = 0

2026-05-17 14:35:51,749 INFO groupCount = 1, subscriberClientCount = 0, subscriberCount = 0

2026-05-17 14:35:51,765 INFO [long-pulling] client count 0

2026-05-17 14:35:51,847 INFO toNotifyTaskSize = 0

2026-05-17 14:35:51,847 INFO toClientNotifyTaskSize = 0

2026-05-17 14:36:01,763 INFO groupCount = 1, subscriberClientCount = 0, subscriberCount = 0

2026-05-17 14:36:01,780 INFO [long-pulling] client count 0

2026-05-17 14:36:01,861 INFO toNotifyTaskSize = 0

2026-05-17 14:36:01,861 INFO toClientNotifyTaskSize = 0

2026-05-17 14:36:11,766 INFO groupCount = 1, subscriberClientCount = 0, subscriberCount = 0

2026-05-17 14:36:11,782 INFO [long-pulling] client count 0

2026-05-17 14:36:11,864 INFO toNotifyTaskSize = 0

2026-05-17 14:36:11,864 INFO toClientNotifyTaskSize = 0

2026-05-17 14:36:21,773 INFO groupCount = 1, subscriberClientCount = 0, subscriberCount = 0

2026-05-17 14:36:21,805 INFO [long-pulling] client count 0

2026-05-17 14:36:21,868 INFO toNotifyTaskSize = 0

2026-05-17 14:36:21,868 INFO toClientNotifyTaskSize = 0

2026-05-17 14:36:31,785 INFO groupCount = 1, subscriberClientCount = 0, subscriberCount = 0

2026-05-17 14:36:31,819 INFO [long-pulling] client count 0

2026-05-17 14:36:31,883 INFO toNotifyTaskSize = 0

2026-05-17 14:36:31,883 INFO toClientNotifyTaskSize = 0

2026-05-17 14:36:41,798 INFO groupCount = 1, subscriberClientCount = 0, subscriberCount = 0

2026-05-17 14:36:41,830 INFO [long-pulling] client count 0

2026-05-17 14:36:41,895 INFO toNotifyTaskSize = 0

2026-05-17 14:36:41,895 INFO toClientNotifyTaskSize = 0

2026-05-17 14:36:51,808 INFO groupCount = 1, subscriberClientCount = 0, subscriberCount = 0

2026-05-17 14:36:51,840 INFO [long-pulling] client count 0

2026-05-17 14:36:51,905 INFO toNotifyTaskSize = 0

2026-05-17 14:36:51,905 INFO toClientNotifyTaskSize = 0

2026-05-17 14:37:01,822 INFO groupCount = 1, subscriberClientCount = 0, subscriberCount = 0

2026-05-17 14:37:01,855 INFO [long-pulling] client count 0

2026-05-17 14:37:01,919 INFO toNotifyTaskSize = 0

2026-05-17 14:37:01,919 INFO toClientNotifyTaskSize = 0

2026-05-17 14:37:11,835 INFO groupCount = 1, subscriberClientCount = 0, subscriberCount = 0

2026-05-17 14:37:11,866 INFO [long-pulling] client count 0

2026-05-17 14:37:11,929 INFO toNotifyTaskSize = 0

2026-05-17 14:37:11,929 INFO toClientNotifyTaskSize = 0

2026-05-17 14:37:21,846 INFO groupCount = 1, subscriberClientCount = 0, subscriberCount = 0

2026-05-17 14:37:21,877 INFO [long-pulling] client count 0

2026-05-17 14:37:21,942 INFO toNotifyTaskSize = 0

2026-05-17 14:37:21,942 INFO toClientNotifyTaskSize = 0

2026-05-17 14:37:31,857 INFO groupCount = 1, subscriberClientCount = 0, subscriberCount = 0

2026-05-17 14:37:31,890 INFO [long-pulling] client count 0

2026-05-17 14:37:31,955 INFO toNotifyTaskSize = 0

2026-05-17 14:37:31,955 INFO toClientNotifyTaskSize = 0

2026-05-17 14:37:41,868 INFO groupCount = 1, subscriberClientCount = 0, subscriberCount = 0

2026-05-17 14:37:41,900 INFO [long-pulling] client count 0

2026-05-17 14:37:41,964 INFO toNotifyTaskSize = 0

2026-05-17 14:37:41,964 INFO toClientNotifyTaskSize = 0

2026-05-17 14:37:51,884 INFO groupCount = 1, subscriberClientCount = 0, subscriberCount = 0

2026-05-17 14:37:51,900 INFO [long-pulling] client count 0

2026-05-17 14:37:51,966 INFO toNotifyTaskSize = 0

2026-05-17 14:37:51,966 INFO toClientNotifyTaskSize = 0

2026-05-17 14:38:01,889 INFO groupCount = 1, subscriberClientCount = 0, subscriberCount = 0

2026-05-17 14:38:01,910 INFO [long-pulling] client count 0

2026-05-17 14:38:01,971 INFO toNotifyTaskSize = 0

2026-05-17 14:38:01,971 INFO toClientNotifyTaskSize = 0

2026-05-17 14:38:11,899 INFO groupCount = 1, subscriberClientCount = 0, subscriberCount = 0

2026-05-17 14:38:11,911 INFO [long-pulling] client count 0

2026-05-17 14:38:11,975 INFO toNotifyTaskSize = 0

2026-05-17 14:38:11,975 INFO toClientNotifyTaskSize = 0

2026-05-17 14:38:21,900 INFO groupCount = 1, subscriberClientCount = 0, subscriberCount = 0

2026-05-17 14:38:21,916 INFO [long-pulling] client count 0

2026-05-17 14:38:21,989 INFO toNotifyTaskSize = 0

2026-05-17 14:38:21,989 INFO toClientNotifyTaskSize = 0

2026-05-17 14:38:31,903 INFO groupCount = 1, subscriberClientCount = 0, subscriberCount = 0

2026-05-17 14:38:31,919 INFO [long-pulling] client count 0

2026-05-17 14:38:32,001 INFO toNotifyTaskSize = 0

2026-05-17 14:38:32,001 INFO toClientNotifyTaskSize = 0

2026-05-17 14:38:41,916 INFO groupCount = 1, subscriberClientCount = 0, subscriberCount = 0

2026-05-17 14:38:41,933 INFO [long-pulling] client count 0

2026-05-17 14:38:42,014 INFO toNotifyTaskSize = 0

2026-05-17 14:38:42,014 INFO toClientNotifyTaskSize = 0

2026-05-17 14:38:51,924 INFO groupCount = 1, subscriberClientCount = 0, subscriberCount = 0

2026-05-17 14:38:51,941 INFO [long-pulling] client count 0

2026-05-17 14:38:52,022 INFO toNotifyTaskSize = 0

2026-05-17 14:38:52,022 INFO toClientNotifyTaskSize = 0

2026-05-17 14:39:01,927 INFO groupCount = 1, subscriberClientCount = 0, subscriberCount = 0

2026-05-17 14:39:01,943 INFO [long-pulling] client count 0

2026-05-17 14:39:02,027 INFO toNotifyTaskSize = 0

2026-05-17 14:39:02,027 INFO toClientNotifyTaskSize = 0

2026-05-17 14:39:11,932 INFO groupCount = 1, subscriberClientCount = 0, subscriberCount = 0

2026-05-17 14:39:11,949 INFO [long-pulling] client count 0

2026-05-17 14:39:12,029 INFO toNotifyTaskSize = 0

2026-05-17 14:39:12,029 INFO toClientNotifyTaskSize = 0

2026-05-17 14:39:21,933 INFO groupCount = 1, subscriberClientCount = 0, subscriberCount = 0

2026-05-17 14:39:21,965 INFO [long-pulling] client count 0

2026-05-17 14:39:22,044 INFO toNotifyTaskSize = 0

2026-05-17 14:39:22,044 INFO toClientNotifyTaskSize = 0

2026-05-17 14:39:31,935 INFO groupCount = 1, subscriberClientCount = 0, subscriberCount = 0

2026-05-17 14:39:31,968 INFO [long-pulling] client count 0

2026-05-17 14:39:32,050 INFO toNotifyTaskSize = 0

2026-05-17 14:39:32,050 INFO toClientNotifyTaskSize = 0

2026-05-17 14:39:41,944 INFO groupCount = 1, subscriberClientCount = 0, subscriberCount = 0

2026-05-17 14:39:41,975 INFO [long-pulling] client count 0

2026-05-17 14:39:42,056 INFO toNotifyTaskSize = 0

2026-05-17 14:39:42,056 INFO toClientNotifyTaskSize = 0

2026-05-17 14:39:51,957 INFO groupCount = 1, subscriberClientCount = 0, subscriberCount = 0

2026-05-17 14:39:51,988 INFO [long-pulling] client count 0

2026-05-17 14:39:52,068 INFO toNotifyTaskSize = 0

2026-05-17 14:39:52,068 INFO toClientNotifyTaskSize = 0

2026-05-17 14:40:01,961 INFO groupCount = 1, subscriberClientCount = 0, subscriberCount = 0

2026-05-17 14:40:01,993 INFO [long-pulling] client count 0

2026-05-17 14:40:02,070 INFO toNotifyTaskSize = 0

2026-05-17 14:40:02,070 INFO toClientNotifyTaskSize = 0

2026-05-17 14:40:11,971 INFO groupCount = 1, subscriberClientCount = 0, subscriberCount = 0

2026-05-17 14:40:12,003 INFO [long-pulling] client count 0

2026-05-17 14:40:12,085 INFO toNotifyTaskSize = 0

2026-05-17 14:40:12,085 INFO toClientNotifyTaskSize = 0

2026-05-17 14:40:21,984 INFO groupCount = 1, subscriberClientCount = 0, subscriberCount = 0

2026-05-17 14:40:22,017 INFO [long-pulling] client count 0

2026-05-17 14:40:22,098 INFO toNotifyTaskSize = 0

2026-05-17 14:40:22,098 INFO toClientNotifyTaskSize = 0

2026-05-17 14:40:31,987 INFO groupCount = 1, subscriberClientCount = 0, subscriberCount = 0

2026-05-17 14:40:32,020 INFO [long-pulling] client count 0

2026-05-17 14:40:32,101 INFO toNotifyTaskSize = 0

2026-05-17 14:40:32,101 INFO toClientNotifyTaskSize = 0

2026-05-17 14:40:41,998 INFO groupCount = 1, subscriberClientCount = 0, subscriberCount = 0

2026-05-17 14:40:42,030 INFO [long-pulling] client count 0

2026-05-17 14:40:42,109 INFO toNotifyTaskSize = 0

2026-05-17 14:40:42,109 INFO toClientNotifyTaskSize = 0

2026-05-17 14:40:52,008 INFO groupCount = 1, subscriberClientCount = 0, subscriberCount = 0

2026-05-17 14:40:52,040 INFO [long-pulling] client count 0

2026-05-17 14:40:52,121 INFO toNotifyTaskSize = 0

2026-05-17 14:40:52,121 INFO toClientNotifyTaskSize = 0

2026-05-17 14:41:02,023 INFO groupCount = 1, subscriberClientCount = 0, subscriberCount = 0

2026-05-17 14:41:02,054 INFO [long-pulling] client count 0

2026-05-17 14:41:02,133 INFO toNotifyTaskSize = 0

2026-05-17 14:41:02,144 INFO toClientNotifyTaskSize = 0

2026-05-17 14:41:12,030 INFO groupCount = 1, subscriberClientCount = 0, subscriberCount = 0

2026-05-17 14:41:12,062 INFO [long-pulling] client count 0

2026-05-17 14:41:12,160 INFO toNotifyTaskSize = 0

2026-05-17 14:41:12,160 INFO toClientNotifyTaskSize = 0

2026-05-17 14:41:22,045 INFO groupCount = 1, subscriberClientCount = 0, subscriberCount = 0

2026-05-17 14:41:22,078 INFO [long-pulling] client count 0

2026-05-17 14:41:22,174 INFO toNotifyTaskSize = 0

2026-05-17 14:41:22,174 INFO toClientNotifyTaskSize = 0

2026-05-17 14:41:32,047 INFO groupCount = 1, subscriberClientCount = 0, subscriberCount = 0

2026-05-17 14:41:32,080 INFO [long-pulling] client count 0

2026-05-17 14:41:32,179 INFO toNotifyTaskSize = 0

2026-05-17 14:41:32,179 INFO toClientNotifyTaskSize = 0

2026-05-17 14:41:42,058 INFO groupCount = 1, subscriberClientCount = 0, subscriberCount = 0

2026-05-17 14:41:42,091 INFO [long-pulling] client count 0

2026-05-17 14:41:42,187 INFO toNotifyTaskSize = 0

2026-05-17 14:41:42,187 INFO toClientNotifyTaskSize = 0

2026-05-17 14:41:52,065 INFO groupCount = 1, subscriberClientCount = 0, subscriberCount = 0

2026-05-17 14:41:52,097 INFO [long-pulling] client count 0

2026-05-17 14:41:52,193 INFO toNotifyTaskSize = 0

2026-05-17 14:41:52,193 INFO toClientNotifyTaskSize = 0

2026-05-17 14:42:02,071 INFO groupCount = 1, subscriberClientCount = 0, subscriberCount = 0

2026-05-17 14:42:02,104 INFO [long-pulling] client count 0

2026-05-17 14:42:02,202 INFO toNotifyTaskSize = 0

2026-05-17 14:42:02,202 INFO toClientNotifyTaskSize = 0

2026-05-17 14:42:12,083 INFO groupCount = 1, subscriberClientCount = 0, subscriberCount = 0

2026-05-17 14:42:12,116 INFO [long-pulling] client count 0

2026-05-17 14:42:12,215 INFO toNotifyTaskSize = 0

2026-05-17 14:42:12,215 INFO toClientNotifyTaskSize = 0

2026-05-17 14:42:22,090 INFO groupCount = 1, subscriberClientCount = 0, subscriberCount = 0

2026-05-17 14:42:22,122 INFO [long-pulling] client count 0

2026-05-17 14:42:22,218 INFO toNotifyTaskSize = 0

2026-05-17 14:42:22,218 INFO toClientNotifyTaskSize = 0

2026-05-17 14:42:32,092 INFO groupCount = 1, subscriberClientCount = 0, subscriberCount = 0

2026-05-17 14:42:32,125 INFO [long-pulling] client count 0

2026-05-17 14:42:32,222 INFO toNotifyTaskSize = 0

2026-05-17 14:42:32,222 INFO toClientNotifyTaskSize = 0

2026-05-17 14:42:42,107 INFO groupCount = 1, subscriberClientCount = 0, subscriberCount = 0

2026-05-17 14:42:42,139 INFO [long-pulling] client count 0

2026-05-17 14:42:42,234 INFO toNotifyTaskSize = 0

2026-05-17 14:42:42,234 INFO toClientNotifyTaskSize = 0

2026-05-17 14:42:52,124 INFO groupCount = 1, subscriberClientCount = 0, subscriberCount = 0

2026-05-17 14:42:52,140 INFO [long-pulling] client count 0

2026-05-17 14:42:52,239 INFO toNotifyTaskSize = 0

2026-05-17 14:42:52,239 INFO toClientNotifyTaskSize = 0

2026-05-17 14:43:02,139 INFO groupCount = 1, subscriberClientCount = 0, subscriberCount = 0

2026-05-17 14:43:02,156 INFO [long-pulling] client count 0

2026-05-17 14:43:02,253 INFO toNotifyTaskSize = 0

2026-05-17 14:43:02,253 INFO toClientNotifyTaskSize = 0

2026-05-17 14:43:12,155 INFO groupCount = 1, subscriberClientCount = 0, subscriberCount = 0

2026-05-17 14:43:12,172 INFO [long-pulling] client count 0

2026-05-17 14:43:12,270 INFO toNotifyTaskSize = 0

2026-05-17 14:43:12,270 INFO toClientNotifyTaskSize = 0

2026-05-17 14:43:22,164 INFO groupCount = 1, subscriberClientCount = 0, subscriberCount = 0

2026-05-17 14:43:22,181 INFO [long-pulling] client count 0

2026-05-17 14:43:22,279 INFO toNotifyTaskSize = 0

2026-05-17 14:43:22,279 INFO toClientNotifyTaskSize = 0

2026-05-17 14:43:32,181 INFO [long-pulling] client count 0

2026-05-17 14:43:32,181 INFO groupCount = 1, subscriberClientCount = 0, subscriberCount = 0

2026-05-17 14:43:32,279 INFO toNotifyTaskSize = 0

2026-05-17 14:43:32,279 INFO toClientNotifyTaskSize = 0

2026-05-17 14:43:42,199 INFO [long-pulling] client count 0

2026-05-17 14:43:42,199 INFO groupCount = 1, subscriberClientCount = 0, subscriberCount = 0

2026-05-17 14:43:42,281 INFO toNotifyTaskSize = 0

2026-05-17 14:43:42,281 INFO toClientNotifyTaskSize = 0

2026-05-17 14:43:52,208 INFO [long-pulling] client count 0

2026-05-17 14:43:52,208 INFO groupCount = 1, subscriberClientCount = 0, subscriberCount = 0

2026-05-17 14:43:52,290 INFO toNotifyTaskSize = 0

2026-05-17 14:43:52,290 INFO toClientNotifyTaskSize = 0

2026-05-17 14:44:02,219 INFO [long-pulling] client count 0

2026-05-17 14:44:02,219 INFO groupCount = 1, subscriberClientCount = 0, subscriberCount = 0

2026-05-17 14:44:02,299 INFO toNotifyTaskSize = 0

2026-05-17 14:44:02,299 INFO toClientNotifyTaskSize = 0

2026-05-17 14:44:12,231 INFO [long-pulling] client count 0

2026-05-17 14:44:12,231 INFO groupCount = 1, subscriberClientCount = 0, subscriberCount = 0

2026-05-17 14:44:12,313 INFO toNotifyTaskSize = 0

2026-05-17 14:44:12,313 INFO toClientNotifyTaskSize = 0

2026-05-17 14:44:22,245 INFO groupCount = 1, subscriberClientCount = 0, subscriberCount = 0

2026-05-17 14:44:22,245 INFO [long-pulling] client count 0

2026-05-17 14:44:22,324 INFO toNotifyTaskSize = 0

2026-05-17 14:44:22,324 INFO toClientNotifyTaskSize = 0

2026-05-17 14:44:32,252 INFO [long-pulling] client count 0

2026-05-17 14:44:32,252 INFO groupCount = 1, subscriberClientCount = 0, subscriberCount = 0

2026-05-17 14:44:32,334 INFO toNotifyTaskSize = 0

2026-05-17 14:44:32,334 INFO toClientNotifyTaskSize = 0

2026-05-17 14:44:42,257 INFO groupCount = 1, subscriberClientCount = 0, subscriberCount = 0

2026-05-17 14:44:42,257 INFO [long-pulling] client count 0

2026-05-17 14:44:42,339 INFO toNotifyTaskSize = 0

2026-05-17 14:44:42,339 INFO toClientNotifyTaskSize = 0

2026-05-17 14:44:52,266 INFO [long-pulling] client count 0

2026-05-17 14:44:52,266 INFO groupCount = 1, subscriberClientCount = 0, subscriberCount = 0

2026-05-17 14:44:52,343 INFO toNotifyTaskSize = 0

2026-05-17 14:44:52,343 INFO toClientNotifyTaskSize = 0

2026-05-17 14:45:02,271 INFO groupCount = 1, subscriberClientCount = 0, subscriberCount = 0

2026-05-17 14:45:02,271 INFO [long-pulling] client count 0

2026-05-17 14:45:02,343 INFO toNotifyTaskSize = 0

2026-05-17 14:45:02,343 INFO toClientNotifyTaskSize = 0

2026-05-17 14:45:12,274 INFO [long-pulling] client count 0

2026-05-17 14:45:12,274 INFO groupCount = 1, subscriberClientCount = 0, subscriberCount = 0

2026-05-17 14:45:12,353 INFO toNotifyTaskSize = 0

2026-05-17 14:45:12,353 INFO toClientNotifyTaskSize = 0

2026-05-17 14:45:22,281 INFO [long-pulling] client count 0

2026-05-17 14:45:22,281 INFO groupCount = 1, subscriberClientCount = 0, subscriberCount = 0

2026-05-17 14:45:22,362 INFO toNotifyTaskSize = 0

2026-05-17 14:45:22,362 INFO toClientNotifyTaskSize = 0

2026-05-17 14:45:32,283 INFO [long-pulling] client count 0

2026-05-17 14:45:32,283 INFO groupCount = 1, subscriberClientCount = 0, subscriberCount = 0

2026-05-17 14:45:32,365 INFO toNotifyTaskSize = 0

2026-05-17 14:45:32,365 INFO toClientNotifyTaskSize = 0

2026-05-17 14:45:42,289 INFO [long-pulling] client count 0

2026-05-17 14:45:42,289 INFO groupCount = 1, subscriberClientCount = 0, subscriberCount = 0

2026-05-17 14:45:42,378 INFO toNotifyTaskSize = 0

2026-05-17 14:45:42,378 INFO toClientNotifyTaskSize = 0

2026-05-17 14:45:52,295 INFO [long-pulling] client count 0

2026-05-17 14:45:52,295 INFO groupCount = 1, subscriberClientCount = 0, subscriberCount = 0

2026-05-17 14:45:52,388 INFO toNotifyTaskSize = 0

2026-05-17 14:45:52,388 INFO toClientNotifyTaskSize = 0

2026-05-17 14:46:02,310 INFO [long-pulling] client count 0

2026-05-17 14:46:02,310 INFO groupCount = 1, subscriberClientCount = 0, subscriberCount = 0

2026-05-17 14:46:02,402 INFO toNotifyTaskSize = 0

2026-05-17 14:46:02,402 INFO toClientNotifyTaskSize = 0

2026-05-17 14:46:12,322 INFO [long-pulling] client count 0

2026-05-17 14:46:12,322 INFO groupCount = 1, subscriberClientCount = 0, subscriberCount = 0

2026-05-17 14:46:12,403 INFO toNotifyTaskSize = 0

2026-05-17 14:46:12,403 INFO toClientNotifyTaskSize = 0

2026-05-17 14:46:22,326 INFO [long-pulling] client count 0

2026-05-17 14:46:22,326 INFO groupCount = 1, subscriberClientCount = 0, subscriberCount = 0

2026-05-17 14:46:22,420 INFO toNotifyTaskSize = 0

2026-05-17 14:46:22,420 INFO toClientNotifyTaskSize = 0

2026-05-17 14:46:32,335 INFO groupCount = 1, subscriberClientCount = 0, subscriberCount = 0

2026-05-17 14:46:32,335 INFO [long-pulling] client count 0

2026-05-17 14:46:32,430 INFO toNotifyTaskSize = 0

2026-05-17 14:46:32,430 INFO toClientNotifyTaskSize = 0

2026-05-17 14:46:42,343 INFO groupCount = 1, subscriberClientCount = 0, subscriberCount = 0

2026-05-17 14:46:42,343 INFO [long-pulling] client count 0

2026-05-17 14:46:42,440 INFO toNotifyTaskSize = 0

2026-05-17 14:46:42,440 INFO toClientNotifyTaskSize = 0

2026-05-17 14:46:52,351 INFO groupCount = 1, subscriberClientCount = 0, subscriberCount = 0

2026-05-17 14:46:52,351 INFO [long-pulling] client count 0

2026-05-17 14:46:52,446 INFO toNotifyTaskSize = 0

2026-05-17 14:46:52,446 INFO toClientNotifyTaskSize = 0

2026-05-17 14:47:02,364 INFO [long-pulling] client count 0

2026-05-17 14:47:02,364 INFO groupCount = 1, subscriberClientCount = 0, subscriberCount = 0

2026-05-17 14:47:02,459 INFO toNotifyTaskSize = 0

2026-05-17 14:47:02,459 INFO toClientNotifyTaskSize = 0

2026-05-17 14:47:12,371 INFO groupCount = 1, subscriberClientCount = 0, subscriberCount = 0

2026-05-17 14:47:12,371 INFO [long-pulling] client count 0

2026-05-17 14:47:12,467 INFO toNotifyTaskSize = 0

2026-05-17 14:47:12,467 INFO toClientNotifyTaskSize = 0

2026-05-17 14:47:22,378 INFO [long-pulling] client count 0

2026-05-17 14:47:22,378 INFO groupCount = 1, subscriberClientCount = 0, subscriberCount = 0

2026-05-17 14:47:22,475 INFO toNotifyTaskSize = 0

2026-05-17 14:47:22,475 INFO toClientNotifyTaskSize = 0

2026-05-17 14:47:32,385 INFO [long-pulling] client count 0

2026-05-17 14:47:32,385 INFO groupCount = 1, subscriberClientCount = 0, subscriberCount = 0

2026-05-17 14:47:32,480 INFO toNotifyTaskSize = 0

2026-05-17 14:47:32,480 INFO toClientNotifyTaskSize = 0

2026-05-17 14:47:42,390 INFO [long-pulling] client count 0

2026-05-17 14:47:42,390 INFO groupCount = 1, subscriberClientCount = 0, subscriberCount = 0

2026-05-17 14:47:42,488 INFO toNotifyTaskSize = 0

2026-05-17 14:47:42,488 INFO toClientNotifyTaskSize = 0

2026-05-17 14:47:52,399 INFO groupCount = 1, subscriberClientCount = 0, subscriberCount = 0

2026-05-17 14:47:52,399 INFO [long-pulling] client count 0

2026-05-17 14:47:52,495 INFO toNotifyTaskSize = 0

2026-05-17 14:47:52,495 INFO toClientNotifyTaskSize = 0

2026-05-17 14:48:02,407 INFO groupCount = 1, subscriberClientCount = 0, subscriberCount = 0

2026-05-17 14:48:02,407 INFO [long-pulling] client count 0

2026-05-17 14:48:02,506 INFO toNotifyTaskSize = 0

2026-05-17 14:48:02,506 INFO toClientNotifyTaskSize = 0

2026-05-17 14:48:12,408 INFO groupCount = 1, subscriberClientCount = 0, subscriberCount = 0

2026-05-17 14:48:12,425 INFO [long-pulling] client count 0

2026-05-17 14:48:12,519 INFO toNotifyTaskSize = 0

2026-05-17 14:48:12,519 INFO toClientNotifyTaskSize = 0

2026-05-17 14:48:22,409 INFO groupCount = 1, subscriberClientCount = 0, subscriberCount = 0

2026-05-17 14:48:22,442 INFO [long-pulling] client count 0

2026-05-17 14:48:22,523 INFO toNotifyTaskSize = 0

2026-05-17 14:48:22,523 INFO toClientNotifyTaskSize = 0

2026-05-17 14:48:32,413 INFO groupCount = 1, subscriberClientCount = 0, subscriberCount = 0

2026-05-17 14:48:32,446 INFO [long-pulling] client count 0

2026-05-17 14:48:32,526 INFO toNotifyTaskSize = 0

2026-05-17 14:48:32,526 INFO toClientNotifyTaskSize = 0

2026-05-17 14:48:42,416 INFO groupCount = 1, subscriberClientCount = 0, subscriberCount = 0

2026-05-17 14:48:42,449 INFO [long-pulling] client count 0

2026-05-17 14:48:42,527 INFO toNotifyTaskSize = 0

2026-05-17 14:48:42,527 INFO toClientNotifyTaskSize = 0

2026-05-17 14:48:52,426 INFO groupCount = 1, subscriberClientCount = 0, subscriberCount = 0

2026-05-17 14:48:52,459 INFO [long-pulling] client count 0

2026-05-17 14:48:52,538 INFO toNotifyTaskSize = 0

2026-05-17 14:48:52,538 INFO toClientNotifyTaskSize = 0

2026-05-17 14:49:02,431 INFO groupCount = 1, subscriberClientCount = 0, subscriberCount = 0

2026-05-17 14:49:02,464 INFO [long-pulling] client count 0

2026-05-17 14:49:02,546 INFO toNotifyTaskSize = 0

2026-05-17 14:49:02,546 INFO toClientNotifyTaskSize = 0

2026-05-17 14:49:12,446 INFO groupCount = 1, subscriberClientCount = 0, subscriberCount = 0

2026-05-17 14:49:12,479 INFO [long-pulling] client count 0

2026-05-17 14:49:12,560 INFO toNotifyTaskSize = 0

2026-05-17 14:49:12,560 INFO toClientNotifyTaskSize = 0

2026-05-17 14:49:22,453 INFO groupCount = 1, subscriberClientCount = 0, subscriberCount = 0

2026-05-17 14:49:22,486 INFO [long-pulling] client count 0

2026-05-17 14:49:22,569 INFO toNotifyTaskSize = 0

2026-05-17 14:49:22,569 INFO toClientNotifyTaskSize = 0

2026-05-17 14:49:32,461 INFO groupCount = 1, subscriberClientCount = 0, subscriberCount = 0

2026-05-17 14:49:32,493 INFO [long-pulling] client count 0

2026-05-17 14:49:32,572 INFO toNotifyTaskSize = 0

2026-05-17 14:49:32,572 INFO toClientNotifyTaskSize = 0

2026-05-17 14:49:42,470 INFO groupCount = 1, subscriberClientCount = 0, subscriberCount = 0

2026-05-17 14:49:42,503 INFO [long-pulling] client count 0

2026-05-17 14:49:42,586 INFO toNotifyTaskSize = 0

2026-05-17 14:49:42,586 INFO toClientNotifyTaskSize = 0

2026-05-17 14:49:52,478 INFO groupCount = 1, subscriberClientCount = 0, subscriberCount = 0

2026-05-17 14:49:52,511 INFO [long-pulling] client count 0

2026-05-17 14:49:52,593 INFO toNotifyTaskSize = 0

2026-05-17 14:49:52,593 INFO toClientNotifyTaskSize = 0

2026-05-17 14:50:02,492 INFO groupCount = 1, subscriberClientCount = 0, subscriberCount = 0

2026-05-17 14:50:02,525 INFO [long-pulling] client count 0

2026-05-17 14:50:02,607 INFO toNotifyTaskSize = 0

2026-05-17 14:50:02,607 INFO toClientNotifyTaskSize = 0

2026-05-17 14:50:12,493 INFO groupCount = 1, subscriberClientCount = 0, subscriberCount = 0

2026-05-17 14:50:12,542 INFO [long-pulling] client count 0

2026-05-17 14:50:12,623 INFO toNotifyTaskSize = 0

2026-05-17 14:50:12,623 INFO toClientNotifyTaskSize = 0

2026-05-17 14:50:22,497 INFO groupCount = 1, subscriberClientCount = 0, subscriberCount = 0

2026-05-17 14:50:22,545 INFO [long-pulling] client count 0

2026-05-17 14:50:22,624 INFO toNotifyTaskSize = 0

2026-05-17 14:50:22,624 INFO toClientNotifyTaskSize = 0

2026-05-17 14:50:32,502 INFO groupCount = 1, subscriberClientCount = 0, subscriberCount = 0

2026-05-17 14:50:32,552 INFO [long-pulling] client count 0

2026-05-17 14:50:32,633 INFO toNotifyTaskSize = 0

2026-05-17 14:50:32,633 INFO toClientNotifyTaskSize = 0

2026-05-17 14:50:42,505 INFO groupCount = 1, subscriberClientCount = 0, subscriberCount = 0

2026-05-17 14:50:42,554 INFO [long-pulling] client count 0

2026-05-17 14:50:42,636 INFO toNotifyTaskSize = 0

2026-05-17 14:50:42,636 INFO toClientNotifyTaskSize = 0

2026-05-17 14:50:52,507 INFO groupCount = 1, subscriberClientCount = 0, subscriberCount = 0

2026-05-17 14:50:52,556 INFO [long-pulling] client count 0

2026-05-17 14:50:52,638 INFO toNotifyTaskSize = 0

2026-05-17 14:50:52,638 INFO toClientNotifyTaskSize = 0

2026-05-17 14:51:02,520 INFO groupCount = 1, subscriberClientCount = 0, subscriberCount = 0

2026-05-17 14:51:02,569 INFO [long-pulling] client count 0

2026-05-17 14:51:02,652 INFO toNotifyTaskSize = 0

2026-05-17 14:51:02,652 INFO toClientNotifyTaskSize = 0

2026-05-17 14:51:12,521 INFO groupCount = 1, subscriberClientCount = 0, subscriberCount = 0

2026-05-17 14:51:12,585 INFO [long-pulling] client count 0

2026-05-17 14:51:12,665 INFO toNotifyTaskSize = 0

2026-05-17 14:51:12,665 INFO toClientNotifyTaskSize = 0

2026-05-17 14:51:22,523 INFO groupCount = 1, subscriberClientCount = 0, subscriberCount = 0

2026-05-17 14:51:22,589 INFO [long-pulling] client count 0

2026-05-17 14:51:22,666 INFO toNotifyTaskSize = 0

2026-05-17 14:51:22,666 INFO toClientNotifyTaskSize = 0

2026-05-17 14:51:32,526 INFO groupCount = 1, subscriberClientCount = 0, subscriberCount = 0

2026-05-17 14:51:32,603 INFO [long-pulling] client count 0

2026-05-17 14:51:32,678 INFO toNotifyTaskSize = 0

2026-05-17 14:51:32,678 INFO toClientNotifyTaskSize = 0

2026-05-17 14:51:42,528 INFO groupCount = 1, subscriberClientCount = 0, subscriberCount = 0

2026-05-17 14:51:42,609 INFO [long-pulling] client count 0

2026-05-17 14:51:42,690 INFO toNotifyTaskSize = 0

2026-05-17 14:51:42,690 INFO toClientNotifyTaskSize = 0

2026-05-17 14:51:52,536 INFO groupCount = 1, subscriberClientCount = 0, subscriberCount = 0

2026-05-17 14:51:52,618 INFO [long-pulling] client count 0

2026-05-17 14:51:52,701 INFO toNotifyTaskSize = 0

2026-05-17 14:51:52,701 INFO toClientNotifyTaskSize = 0

2026-05-17 14:52:02,551 INFO groupCount = 1, subscriberClientCount = 0, subscriberCount = 0

2026-05-17 14:52:02,633 INFO [long-pulling] client count 0

2026-05-17 14:52:02,715 INFO toNotifyTaskSize = 0

2026-05-17 14:52:02,715 INFO toClientNotifyTaskSize = 0

2026-05-17 14:52:12,560 INFO groupCount = 1, subscriberClientCount = 0, subscriberCount = 0

2026-05-17 14:52:12,642 INFO [long-pulling] client count 0

2026-05-17 14:52:12,725 INFO toNotifyTaskSize = 0

2026-05-17 14:52:12,725 INFO toClientNotifyTaskSize = 0

2026-05-17 14:52:22,562 INFO groupCount = 1, subscriberClientCount = 0, subscriberCount = 0

2026-05-17 14:52:22,658 INFO [long-pulling] client count 0

2026-05-17 14:52:22,737 INFO toNotifyTaskSize = 0

2026-05-17 14:52:22,737 INFO toClientNotifyTaskSize = 0

2026-05-17 14:52:32,573 INFO groupCount = 1, subscriberClientCount = 0, subscriberCount = 0

2026-05-17 14:52:32,672 INFO [long-pulling] client count 0

2026-05-17 14:52:32,739 INFO toNotifyTaskSize = 0

2026-05-17 14:52:32,739 INFO toClientNotifyTaskSize = 0

2026-05-17 14:52:42,589 INFO groupCount = 1, subscriberClientCount = 0, subscriberCount = 0

2026-05-17 14:52:42,688 INFO [long-pulling] client count 0

2026-05-17 14:52:42,752 INFO toNotifyTaskSize = 0

2026-05-17 14:52:42,752 INFO toClientNotifyTaskSize = 0

2026-05-17 14:52:52,597 INFO groupCount = 1, subscriberClientCount = 0, subscriberCount = 0

2026-05-17 14:52:52,695 INFO [long-pulling] client count 0

2026-05-17 14:52:52,759 INFO toNotifyTaskSize = 0

2026-05-17 14:52:52,759 INFO toClientNotifyTaskSize = 0

2026-05-17 14:53:02,598 INFO groupCount = 1, subscriberClientCount = 0, subscriberCount = 0

2026-05-17 14:53:02,696 INFO [long-pulling] client count 0

2026-05-17 14:53:02,761 INFO toNotifyTaskSize = 0

2026-05-17 14:53:02,762 INFO toClientNotifyTaskSize = 0

2026-05-17 14:53:12,607 INFO groupCount = 1, subscriberClientCount = 0, subscriberCount = 0

2026-05-17 14:53:12,702 INFO [long-pulling] client count 0

2026-05-17 14:53:12,768 INFO toNotifyTaskSize = 0

2026-05-17 14:53:12,774 INFO toClientNotifyTaskSize = 0

2026-05-17 14:53:22,610 INFO groupCount = 1, subscriberClientCount = 0, subscriberCount = 0

2026-05-17 14:53:22,708 INFO [long-pulling] client count 0

2026-05-17 14:53:22,790 INFO toNotifyTaskSize = 0

2026-05-17 14:53:22,790 INFO toClientNotifyTaskSize = 0

2026-05-17 14:53:32,624 INFO groupCount = 1, subscriberClientCount = 0, subscriberCount = 0

2026-05-17 14:53:32,722 INFO [long-pulling] client count 0

2026-05-17 14:53:32,803 INFO toNotifyTaskSize = 0

2026-05-17 14:53:32,803 INFO toClientNotifyTaskSize = 0

2026-05-17 14:53:42,630 INFO groupCount = 1, subscriberClientCount = 0, subscriberCount = 0

2026-05-17 14:53:42,728 INFO [long-pulling] client count 0

2026-05-17 14:53:42,807 INFO toNotifyTaskSize = 0

2026-05-17 14:53:42,807 INFO toClientNotifyTaskSize = 0

2026-05-17 14:53:52,643 INFO groupCount = 1, subscriberClientCount = 0, subscriberCount = 0

2026-05-17 14:53:52,739 INFO [long-pulling] client count 0

2026-05-17 14:53:52,819 INFO toNotifyTaskSize = 0

2026-05-17 14:53:52,819 INFO toClientNotifyTaskSize = 0

2026-05-17 14:54:02,647 INFO groupCount = 1, subscriberClientCount = 0, subscriberCount = 0

2026-05-17 14:54:02,743 INFO [long-pulling] client count 0

2026-05-17 14:54:02,825 INFO toNotifyTaskSize = 0

2026-05-17 14:54:02,825 INFO toClientNotifyTaskSize = 0

2026-05-17 14:54:12,656 INFO groupCount = 1, subscriberClientCount = 0, subscriberCount = 0

2026-05-17 14:54:12,754 INFO [long-pulling] client count 0

2026-05-17 14:54:12,834 INFO toNotifyTaskSize = 0

2026-05-17 14:54:12,834 INFO toClientNotifyTaskSize = 0

2026-05-17 14:54:22,672 INFO groupCount = 1, subscriberClientCount = 0, subscriberCount = 0

2026-05-17 14:54:22,770 INFO [long-pulling] client count 0

2026-05-17 14:54:22,835 INFO toNotifyTaskSize = 0

2026-05-17 14:54:22,835 INFO toClientNotifyTaskSize = 0

2026-05-17 14:54:32,683 INFO groupCount = 1, subscriberClientCount = 0, subscriberCount = 0

2026-05-17 14:54:32,780 INFO [long-pulling] client count 0

2026-05-17 14:54:32,844 INFO toNotifyTaskSize = 0

2026-05-17 14:54:32,844 INFO toClientNotifyTaskSize = 0

2026-05-17 14:54:42,691 INFO groupCount = 1, subscriberClientCount = 0, subscriberCount = 0

2026-05-17 14:54:42,789 INFO [long-pulling] client count 0

2026-05-17 14:54:42,855 INFO toNotifyTaskSize = 0

2026-05-17 14:54:42,855 INFO toClientNotifyTaskSize = 0

2026-05-17 14:54:52,703 INFO groupCount = 1, subscriberClientCount = 0, subscriberCount = 0

2026-05-17 14:54:52,800 INFO [long-pulling] client count 0

2026-05-17 14:54:52,865 INFO toNotifyTaskSize = 0

2026-05-17 14:54:52,865 INFO toClientNotifyTaskSize = 0

2026-05-17 14:55:02,716 INFO groupCount = 1, subscriberClientCount = 0, subscriberCount = 0

2026-05-17 14:55:02,814 INFO [long-pulling] client count 0

2026-05-17 14:55:02,880 INFO toNotifyTaskSize = 0

2026-05-17 14:55:02,880 INFO toClientNotifyTaskSize = 0

2026-05-17 14:55:12,730 INFO groupCount = 1, subscriberClientCount = 0, subscriberCount = 0

2026-05-17 14:55:12,828 INFO [long-pulling] client count 0

2026-05-17 14:55:12,893 INFO toNotifyTaskSize = 0

2026-05-17 14:55:12,893 INFO toClientNotifyTaskSize = 0

2026-05-17 14:55:22,738 INFO groupCount = 1, subscriberClientCount = 0, subscriberCount = 0

2026-05-17 14:55:22,833 INFO [long-pulling] client count 0

2026-05-17 14:55:22,897 INFO toNotifyTaskSize = 0

2026-05-17 14:55:22,897 INFO toClientNotifyTaskSize = 0

2026-05-17 14:55:32,739 INFO groupCount = 1, subscriberClientCount = 0, subscriberCount = 0

2026-05-17 14:55:32,838 INFO [long-pulling] client count 0

2026-05-17 14:55:32,902 INFO toNotifyTaskSize = 0

2026-05-17 14:55:32,902 INFO toClientNotifyTaskSize = 0

2026-05-17 14:55:42,754 INFO groupCount = 1, subscriberClientCount = 0, subscriberCount = 0

2026-05-17 14:55:42,851 INFO [long-pulling] client count 0

2026-05-17 14:55:42,915 INFO toNotifyTaskSize = 0

2026-05-17 14:55:42,915 INFO toClientNotifyTaskSize = 0

2026-05-17 14:55:52,758 INFO groupCount = 1, subscriberClientCount = 0, subscriberCount = 0

2026-05-17 14:55:52,857 INFO [long-pulling] client count 0

2026-05-17 14:55:52,923 INFO toNotifyTaskSize = 0

2026-05-17 14:55:52,923 INFO toClientNotifyTaskSize = 0

2026-05-17 14:56:02,769 INFO groupCount = 1, subscriberClientCount = 0, subscriberCount = 0

2026-05-17 14:56:02,868 INFO [long-pulling] client count 0

2026-05-17 14:56:02,933 INFO toNotifyTaskSize = 0

2026-05-17 14:56:02,933 INFO toClientNotifyTaskSize = 0

2026-05-17 14:56:12,779 INFO groupCount = 1, subscriberClientCount = 0, subscriberCount = 0

2026-05-17 14:56:12,875 INFO [long-pulling] client count 0

2026-05-17 14:56:12,938 INFO toNotifyTaskSize = 0

2026-05-17 14:56:12,938 INFO toClientNotifyTaskSize = 0

2026-05-17 14:56:22,782 INFO groupCount = 1, subscriberClientCount = 0, subscriberCount = 0

2026-05-17 14:56:22,880 INFO [long-pulling] client count 0

2026-05-17 14:56:22,945 INFO toNotifyTaskSize = 0

2026-05-17 14:56:22,945 INFO toClientNotifyTaskSize = 0

2026-05-17 14:56:32,797 INFO groupCount = 1, subscriberClientCount = 0, subscriberCount = 0

2026-05-17 14:56:32,892 INFO [long-pulling] client count 0

2026-05-17 14:56:32,955 INFO toNotifyTaskSize = 0

2026-05-17 14:56:32,955 INFO toClientNotifyTaskSize = 0

2026-05-17 14:56:42,809 INFO groupCount = 1, subscriberClientCount = 0, subscriberCount = 0

2026-05-17 14:56:42,908 INFO [long-pulling] client count 0

2026-05-17 14:56:42,958 INFO toNotifyTaskSize = 0

2026-05-17 14:56:42,958 INFO toClientNotifyTaskSize = 0

2026-05-17 14:56:52,813 INFO groupCount = 1, subscriberClientCount = 0, subscriberCount = 0

2026-05-17 14:56:52,912 INFO [long-pulling] client count 0

2026-05-17 14:56:52,961 INFO toNotifyTaskSize = 0

2026-05-17 14:56:52,961 INFO toClientNotifyTaskSize = 0

2026-05-17 14:57:02,821 INFO groupCount = 1, subscriberClientCount = 0, subscriberCount = 0

2026-05-17 14:57:02,921 INFO [long-pulling] client count 0

2026-05-17 14:57:02,970 INFO toNotifyTaskSize = 0

2026-05-17 14:57:02,970 INFO toClientNotifyTaskSize = 0

2026-05-17 14:57:12,834 INFO groupCount = 1, subscriberClientCount = 0, subscriberCount = 0

2026-05-17 14:57:12,933 INFO [long-pulling] client count 0

2026-05-17 14:57:12,982 INFO toNotifyTaskSize = 0

2026-05-17 14:57:12,982 INFO toClientNotifyTaskSize = 0

2026-05-17 14:57:22,835 INFO groupCount = 1, subscriberClientCount = 0, subscriberCount = 0

2026-05-17 14:57:22,949 INFO [long-pulling] client count 0

2026-05-17 14:57:22,998 INFO toNotifyTaskSize = 0

2026-05-17 14:57:22,998 INFO toClientNotifyTaskSize = 0

2026-05-17 14:57:32,846 INFO groupCount = 1, subscriberClientCount = 0, subscriberCount = 0

2026-05-17 14:57:32,960 INFO [long-pulling] client count 0

2026-05-17 14:57:33,010 INFO toNotifyTaskSize = 0

2026-05-17 14:57:33,010 INFO toClientNotifyTaskSize = 0

2026-05-17 14:57:42,862 INFO groupCount = 1, subscriberClientCount = 0, subscriberCount = 0

2026-05-17 14:57:42,973 INFO [long-pulling] client count 0

2026-05-17 14:57:43,021 INFO toNotifyTaskSize = 0

2026-05-17 14:57:43,021 INFO toClientNotifyTaskSize = 0

2026-05-17 14:57:52,878 INFO groupCount = 1, subscriberClientCount = 0, subscriberCount = 0

2026-05-17 14:57:52,977 INFO [long-pulling] client count 0

2026-05-17 14:57:53,025 INFO toNotifyTaskSize = 0

2026-05-17 14:57:53,025 INFO toClientNotifyTaskSize = 0

2026-05-17 14:58:02,882 INFO groupCount = 1, subscriberClientCount = 0, subscriberCount = 0

2026-05-17 14:58:02,980 INFO [long-pulling] client count 0

2026-05-17 14:58:03,029 INFO toNotifyTaskSize = 0

2026-05-17 14:58:03,029 INFO toClientNotifyTaskSize = 0

2026-05-17 14:58:12,889 INFO groupCount = 1, subscriberClientCount = 0, subscriberCount = 0

2026-05-17 14:58:12,987 INFO [long-pulling] client count 0

2026-05-17 14:58:13,037 INFO toNotifyTaskSize = 0

2026-05-17 14:58:13,037 INFO toClientNotifyTaskSize = 0

2026-05-17 14:58:22,890 INFO groupCount = 1, subscriberClientCount = 0, subscriberCount = 0

2026-05-17 14:58:22,989 INFO [long-pulling] client count 0

2026-05-17 14:58:23,038 INFO toNotifyTaskSize = 0

2026-05-17 14:58:23,038 INFO toClientNotifyTaskSize = 0

2026-05-17 14:58:32,891 INFO groupCount = 1, subscriberClientCount = 0, subscriberCount = 0

2026-05-17 14:58:32,990 INFO [long-pulling] client count 0

2026-05-17 14:58:33,053 INFO toNotifyTaskSize = 0

2026-05-17 14:58:33,053 INFO toClientNotifyTaskSize = 0

2026-05-17 14:58:42,908 INFO groupCount = 1, subscriberClientCount = 0, subscriberCount = 0

2026-05-17 14:58:43,005 INFO [long-pulling] client count 0

2026-05-17 14:58:43,053 INFO toNotifyTaskSize = 0

2026-05-17 14:58:43,053 INFO toClientNotifyTaskSize = 0

2026-05-17 14:58:52,911 INFO groupCount = 1, subscriberClientCount = 0, subscriberCount = 0

2026-05-17 14:58:53,008 INFO [long-pulling] client count 0

2026-05-17 14:58:53,058 INFO toNotifyTaskSize = 0

2026-05-17 14:58:53,058 INFO toClientNotifyTaskSize = 0

2026-05-17 14:59:02,912 INFO groupCount = 1, subscriberClientCount = 0, subscriberCount = 0

2026-05-17 14:59:03,010 INFO [long-pulling] client count 0

2026-05-17 14:59:03,059 INFO toNotifyTaskSize = 0

2026-05-17 14:59:03,059 INFO toClientNotifyTaskSize = 0

2026-05-17 14:59:12,912 INFO groupCount = 1, subscriberClientCount = 0, subscriberCount = 0

2026-05-17 14:59:13,025 INFO [long-pulling] client count 0

2026-05-17 14:59:13,074 INFO toNotifyTaskSize = 0

2026-05-17 14:59:13,074 INFO toClientNotifyTaskSize = 0

2026-05-17 14:59:22,927 INFO groupCount = 1, subscriberClientCount = 0, subscriberCount = 0

2026-05-17 14:59:23,039 INFO [long-pulling] client count 0

2026-05-17 14:59:23,087 INFO toNotifyTaskSize = 0

2026-05-17 14:59:23,087 INFO toClientNotifyTaskSize = 0

2026-05-17 14:59:32,935 INFO groupCount = 1, subscriberClientCount = 0, subscriberCount = 0

2026-05-17 14:59:33,050 INFO [long-pulling] client count 0

2026-05-17 14:59:33,098 INFO toNotifyTaskSize = 0

2026-05-17 14:59:33,104 INFO toClientNotifyTaskSize = 0

2026-05-17 14:59:42,941 INFO groupCount = 1, subscriberClientCount = 0, subscriberCount = 0

2026-05-17 14:59:43,053 INFO [long-pulling] client count 0

2026-05-17 14:59:43,116 INFO toNotifyTaskSize = 0

2026-05-17 14:59:43,117 INFO toClientNotifyTaskSize = 0

2026-05-17 14:59:52,954 INFO groupCount = 1, subscriberClientCount = 0, subscriberCount = 0

2026-05-17 14:59:53,069 INFO [long-pulling] client count 0

2026-05-17 14:59:53,118 INFO toNotifyTaskSize = 0

2026-05-17 14:59:53,118 INFO toClientNotifyTaskSize = 0

2026-05-17 15:00:02,959 INFO groupCount = 1, subscriberClientCount = 0, subscriberCount = 0

2026-05-17 15:00:03,072 INFO [long-pulling] client count 0

2026-05-17 15:00:03,121 INFO toNotifyTaskSize = 0

2026-05-17 15:00:03,122 INFO toClientNotifyTaskSize = 0

2026-05-17 15:00:12,969 INFO groupCount = 1, subscriberClientCount = 0, subscriberCount = 0

2026-05-17 15:00:13,083 INFO [long-pulling] client count 0

2026-05-17 15:00:13,131 INFO toNotifyTaskSize = 0

2026-05-17 15:00:13,131 INFO toClientNotifyTaskSize = 0

2026-05-17 15:00:22,985 INFO groupCount = 1, subscriberClientCount = 0, subscriberCount = 0

2026-05-17 15:00:23,098 INFO [long-pulling] client count 0

2026-05-17 15:00:23,147 INFO toNotifyTaskSize = 0

2026-05-17 15:00:23,147 INFO toClientNotifyTaskSize = 0

2026-05-17 15:00:32,986 INFO groupCount = 1, subscriberClientCount = 0, subscriberCount = 0

2026-05-17 15:00:33,099 INFO [long-pulling] client count 0

2026-05-17 15:00:33,148 INFO toNotifyTaskSize = 0

2026-05-17 15:00:33,148 INFO toClientNotifyTaskSize = 0

2026-05-17 15:00:42,999 INFO groupCount = 1, subscriberClientCount = 0, subscriberCount = 0

2026-05-17 15:00:43,113 INFO [long-pulling] client count 0

2026-05-17 15:00:43,162 INFO toNotifyTaskSize = 0

2026-05-17 15:00:43,162 INFO toClientNotifyTaskSize = 0

2026-05-17 15:00:53,004 INFO groupCount = 1, subscriberClientCount = 0, subscriberCount = 0

2026-05-17 15:00:53,117 INFO [long-pulling] client count 0

2026-05-17 15:00:53,166 INFO toNotifyTaskSize = 0

2026-05-17 15:00:53,166 INFO toClientNotifyTaskSize = 0

2026-05-17 15:01:03,016 INFO groupCount = 1, subscriberClientCount = 0, subscriberCount = 0

2026-05-17 15:01:03,130 INFO [long-pulling] client count 0

2026-05-17 15:01:03,177 INFO toNotifyTaskSize = 0

2026-05-17 15:01:03,177 INFO toClientNotifyTaskSize = 0

2026-05-17 15:01:13,029 INFO groupCount = 1, subscriberClientCount = 0, subscriberCount = 0

2026-05-17 15:01:13,139 INFO [long-pulling] client count 0

2026-05-17 15:01:13,187 INFO toNotifyTaskSize = 0

2026-05-17 15:01:13,187 INFO toClientNotifyTaskSize = 0

2026-05-17 15:01:23,042 INFO groupCount = 1, subscriberClientCount = 0, subscriberCount = 0

2026-05-17 15:01:23,153 INFO [long-pulling] client count 0

2026-05-17 15:01:23,202 INFO toNotifyTaskSize = 0

2026-05-17 15:01:23,202 INFO toClientNotifyTaskSize = 0

2026-05-17 15:01:33,055 INFO groupCount = 1, subscriberClientCount = 0, subscriberCount = 0

2026-05-17 15:01:33,155 INFO [long-pulling] client count 0

2026-05-17 15:01:33,204 INFO toNotifyTaskSize = 0

2026-05-17 15:01:33,204 INFO toClientNotifyTaskSize = 0

2026-05-17 15:01:43,072 INFO groupCount = 1, subscriberClientCount = 0, subscriberCount = 0

2026-05-17 15:01:43,169 INFO [long-pulling] client count 0

2026-05-17 15:01:43,219 INFO toNotifyTaskSize = 0

2026-05-17 15:01:43,219 INFO toClientNotifyTaskSize = 0

2026-05-17 15:01:53,083 INFO groupCount = 1, subscriberClientCount = 0, subscriberCount = 0

2026-05-17 15:01:53,180 INFO [long-pulling] client count 0

2026-05-17 15:01:53,227 INFO toNotifyTaskSize = 0

2026-05-17 15:01:53,227 INFO toClientNotifyTaskSize = 0

2026-05-17 15:02:03,093 INFO groupCount = 1, subscriberClientCount = 0, subscriberCount = 0

2026-05-17 15:02:03,189 INFO [long-pulling] client count 0

2026-05-17 15:02:03,237 INFO toNotifyTaskSize = 0

2026-05-17 15:02:03,237 INFO toClientNotifyTaskSize = 0

2026-05-17 15:02:13,095 INFO groupCount = 1, subscriberClientCount = 0, subscriberCount = 0

2026-05-17 15:02:13,194 INFO [long-pulling] client count 0

2026-05-17 15:02:13,243 INFO toNotifyTaskSize = 0

2026-05-17 15:02:13,243 INFO toClientNotifyTaskSize = 0

2026-05-17 15:02:23,098 INFO groupCount = 1, subscriberClientCount = 0, subscriberCount = 0

2026-05-17 15:02:23,209 INFO [long-pulling] client count 0

2026-05-17 15:02:23,257 INFO toNotifyTaskSize = 0

2026-05-17 15:02:23,257 INFO toClientNotifyTaskSize = 0

2026-05-17 15:02:33,107 INFO groupCount = 1, subscriberClientCount = 0, subscriberCount = 0

2026-05-17 15:02:33,218 INFO [long-pulling] client count 0

2026-05-17 15:02:33,265 INFO toNotifyTaskSize = 0

2026-05-17 15:02:33,265 INFO toClientNotifyTaskSize = 0

2026-05-17 15:02:43,116 INFO groupCount = 1, subscriberClientCount = 0, subscriberCount = 0

2026-05-17 15:02:43,227 INFO [long-pulling] client count 0

2026-05-17 15:02:43,275 INFO toNotifyTaskSize = 0

2026-05-17 15:02:43,275 INFO toClientNotifyTaskSize = 0

2026-05-17 15:02:53,120 INFO groupCount = 1, subscriberClientCount = 0, subscriberCount = 0

2026-05-17 15:02:53,228 INFO [long-pulling] client count 0

2026-05-17 15:02:53,290 INFO toNotifyTaskSize = 0

2026-05-17 15:02:53,290 INFO toClientNotifyTaskSize = 0

2026-05-17 15:03:03,121 INFO groupCount = 1, subscriberClientCount = 0, subscriberCount = 0

2026-05-17 15:03:03,230 INFO [long-pulling] client count 0

2026-05-17 15:03:03,291 INFO toNotifyTaskSize = 0

2026-05-17 15:03:03,291 INFO toClientNotifyTaskSize = 0

2026-05-17 15:03:13,131 INFO groupCount = 1, subscriberClientCount = 0, subscriberCount = 0

2026-05-17 15:03:13,239 INFO [long-pulling] client count 0

2026-05-17 15:03:13,302 INFO toNotifyTaskSize = 0

2026-05-17 15:03:13,302 INFO toClientNotifyTaskSize = 0

2026-05-17 15:03:23,140 INFO groupCount = 1, subscriberClientCount = 0, subscriberCount = 0

2026-05-17 15:03:23,250 INFO [long-pulling] client count 0

2026-05-17 15:03:23,313 INFO toNotifyTaskSize = 0

2026-05-17 15:03:23,313 INFO toClientNotifyTaskSize = 0

2026-05-17 15:03:33,148 INFO groupCount = 1, subscriberClientCount = 0, subscriberCount = 0

2026-05-17 15:03:33,255 INFO [long-pulling] client count 0

2026-05-17 15:03:33,317 INFO toNotifyTaskSize = 0

2026-05-17 15:03:33,317 INFO toClientNotifyTaskSize = 0

2026-05-17 15:03:43,159 INFO groupCount = 1, subscriberClientCount = 0, subscriberCount = 0

2026-05-17 15:03:43,266 INFO [long-pulling] client count 0

2026-05-17 15:03:43,329 INFO toNotifyTaskSize = 0

2026-05-17 15:03:43,329 INFO toClientNotifyTaskSize = 0

2026-05-17 15:03:53,162 INFO groupCount = 1, subscriberClientCount = 0, subscriberCount = 0

2026-05-17 15:03:53,272 INFO [long-pulling] client count 0

2026-05-17 15:03:53,334 INFO toNotifyTaskSize = 0

2026-05-17 15:03:53,335 INFO toClientNotifyTaskSize = 0

2026-05-17 15:04:03,178 INFO groupCount = 1, subscriberClientCount = 0, subscriberCount = 0

2026-05-17 15:04:03,286 INFO [long-pulling] client count 0

2026-05-17 15:04:03,348 INFO toNotifyTaskSize = 0

2026-05-17 15:04:03,349 INFO toClientNotifyTaskSize = 0

2026-05-17 15:04:13,187 INFO groupCount = 1, subscriberClientCount = 0, subscriberCount = 0

2026-05-17 15:04:13,295 INFO [long-pulling] client count 0

2026-05-17 15:04:13,357 INFO toNotifyTaskSize = 0

2026-05-17 15:04:13,357 INFO toClientNotifyTaskSize = 0

2026-05-17 15:04:23,204 INFO groupCount = 1, subscriberClientCount = 0, subscriberCount = 0

2026-05-17 15:04:23,299 INFO [long-pulling] client count 0

2026-05-17 15:04:23,361 INFO toNotifyTaskSize = 0

2026-05-17 15:04:23,361 INFO toClientNotifyTaskSize = 0

2026-05-17 15:04:33,208 INFO groupCount = 1, subscriberClientCount = 0, subscriberCount = 0

2026-05-17 15:04:33,302 INFO [long-pulling] client count 0

2026-05-17 15:04:33,365 INFO toNotifyTaskSize = 0

2026-05-17 15:04:33,365 INFO toClientNotifyTaskSize = 0

2026-05-17 15:04:43,218 INFO groupCount = 1, subscriberClientCount = 0, subscriberCount = 0

2026-05-17 15:04:43,312 INFO [long-pulling] client count 0

2026-05-17 15:04:43,373 INFO toNotifyTaskSize = 0

2026-05-17 15:04:43,373 INFO toClientNotifyTaskSize = 0

2026-05-17 15:04:53,227 INFO groupCount = 1, subscriberClientCount = 0, subscriberCount = 0

2026-05-17 15:04:53,320 INFO [long-pulling] client count 0

2026-05-17 15:04:53,382 INFO toNotifyTaskSize = 0

2026-05-17 15:04:53,382 INFO toClientNotifyTaskSize = 0

2026-05-17 15:05:03,243 INFO groupCount = 1, subscriberClientCount = 0, subscriberCount = 0

2026-05-17 15:05:03,336 INFO [long-pulling] client count 0

2026-05-17 15:05:03,397 INFO toNotifyTaskSize = 0

2026-05-17 15:05:03,397 INFO toClientNotifyTaskSize = 0

2026-05-17 15:05:13,245 INFO groupCount = 1, subscriberClientCount = 0, subscriberCount = 0

2026-05-17 15:05:13,352 INFO [long-pulling] client count 0

2026-05-17 15:05:13,399 INFO toNotifyTaskSize = 0

2026-05-17 15:05:13,399 INFO toClientNotifyTaskSize = 0

2026-05-17 15:05:23,259 INFO groupCount = 1, subscriberClientCount = 0, subscriberCount = 0

2026-05-17 15:05:23,368 INFO [long-pulling] client count 0

2026-05-17 15:05:23,415 INFO toNotifyTaskSize = 0

2026-05-17 15:05:23,415 INFO toClientNotifyTaskSize = 0

2026-05-17 15:05:33,261 INFO groupCount = 1, subscriberClientCount = 0, subscriberCount = 0

2026-05-17 15:05:33,370 INFO [long-pulling] client count 0

2026-05-17 15:05:33,417 INFO toNotifyTaskSize = 0

2026-05-17 15:05:33,418 INFO toClientNotifyTaskSize = 0

2026-05-17 15:05:43,262 INFO groupCount = 1, subscriberClientCount = 0, subscriberCount = 0

2026-05-17 15:05:43,373 INFO [long-pulling] client count 0

2026-05-17 15:05:43,421 INFO toNotifyTaskSize = 0

2026-05-17 15:05:43,421 INFO toClientNotifyTaskSize = 0

2026-05-17 15:05:53,271 INFO groupCount = 1, subscriberClientCount = 0, subscriberCount = 0

2026-05-17 15:05:53,380 INFO [long-pulling] client count 0

2026-05-17 15:05:53,426 INFO toNotifyTaskSize = 0

2026-05-17 15:05:53,426 INFO toClientNotifyTaskSize = 0

2026-05-17 15:06:03,276 INFO groupCount = 1, subscriberClientCount = 0, subscriberCount = 0

2026-05-17 15:06:03,385 INFO [long-pulling] client count 0

2026-05-17 15:06:03,431 INFO toNotifyTaskSize = 0

2026-05-17 15:06:03,431 INFO toClientNotifyTaskSize = 0

2026-05-17 15:06:13,282 INFO groupCount = 1, subscriberClientCount = 0, subscriberCount = 0

2026-05-17 15:06:13,390 INFO [long-pulling] client count 0

2026-05-17 15:06:13,438 INFO toNotifyTaskSize = 0

2026-05-17 15:06:13,438 INFO toClientNotifyTaskSize = 0

2026-05-17 15:06:23,285 INFO groupCount = 1, subscriberClientCount = 0, subscriberCount = 0

2026-05-17 15:06:23,395 INFO [long-pulling] client count 0

2026-05-17 15:06:23,442 INFO toNotifyTaskSize = 0

2026-05-17 15:06:23,442 INFO toClientNotifyTaskSize = 0

2026-05-17 15:06:33,293 INFO groupCount = 1, subscriberClientCount = 0, subscriberCount = 0

2026-05-17 15:06:33,402 INFO [long-pulling] client count 0

2026-05-17 15:06:33,449 INFO toNotifyTaskSize = 0

2026-05-17 15:06:33,450 INFO toClientNotifyTaskSize = 0

2026-05-17 15:06:43,297 INFO groupCount = 1, subscriberClientCount = 0, subscriberCount = 0

2026-05-17 15:06:43,404 INFO [long-pulling] client count 0

2026-05-17 15:06:43,465 INFO toNotifyTaskSize = 0

2026-05-17 15:06:43,465 INFO toClientNotifyTaskSize = 0

2026-05-17 15:06:53,304 INFO groupCount = 1, subscriberClientCount = 0, subscriberCount = 0

2026-05-17 15:06:53,413 INFO [long-pulling] client count 0

2026-05-17 15:06:53,475 INFO toNotifyTaskSize = 0

2026-05-17 15:06:53,475 INFO toClientNotifyTaskSize = 0

2026-05-17 15:07:03,305 INFO groupCount = 1, subscriberClientCount = 0, subscriberCount = 0

2026-05-17 15:07:03,414 INFO [long-pulling] client count 0

2026-05-17 15:07:03,476 INFO toNotifyTaskSize = 0

2026-05-17 15:07:03,476 INFO toClientNotifyTaskSize = 0

2026-05-17 15:07:13,310 INFO groupCount = 1, subscriberClientCount = 0, subscriberCount = 0

2026-05-17 15:07:13,420 INFO [long-pulling] client count 0

2026-05-17 15:07:13,482 INFO toNotifyTaskSize = 0

2026-05-17 15:07:13,482 INFO toClientNotifyTaskSize = 0

2026-05-17 15:07:23,316 INFO groupCount = 1, subscriberClientCount = 0, subscriberCount = 0

2026-05-17 15:07:23,424 INFO [long-pulling] client count 0

2026-05-17 15:07:23,485 INFO toNotifyTaskSize = 0

2026-05-17 15:07:23,485 INFO toClientNotifyTaskSize = 0

2026-05-17 15:07:33,329 INFO groupCount = 1, subscriberClientCount = 0, subscriberCount = 0

2026-05-17 15:07:33,439 INFO [long-pulling] client count 0

2026-05-17 15:07:33,501 INFO toNotifyTaskSize = 0

2026-05-17 15:07:33,501 INFO toClientNotifyTaskSize = 0

2026-05-17 15:07:43,343 INFO groupCount = 1, subscriberClientCount = 0, subscriberCount = 0

2026-05-17 15:07:43,451 INFO [long-pulling] client count 0

2026-05-17 15:07:43,514 INFO toNotifyTaskSize = 0

2026-05-17 15:07:43,514 INFO toClientNotifyTaskSize = 0

2026-05-17 15:07:53,354 INFO groupCount = 1, subscriberClientCount = 0, subscriberCount = 0

2026-05-17 15:07:53,463 INFO [long-pulling] client count 0

2026-05-17 15:07:53,526 INFO toNotifyTaskSize = 0

2026-05-17 15:07:53,527 INFO toClientNotifyTaskSize = 0

2026-05-17 15:08:03,361 INFO groupCount = 1, subscriberClientCount = 0, subscriberCount = 0

2026-05-17 15:08:03,469 INFO [long-pulling] client count 0

2026-05-17 15:08:03,532 INFO toNotifyTaskSize = 0

2026-05-17 15:08:03,532 INFO toClientNotifyTaskSize = 0

2026-05-17 15:08:13,366 INFO groupCount = 1, subscriberClientCount = 0, subscriberCount = 0

2026-05-17 15:08:13,476 INFO [long-pulling] client count 0

2026-05-17 15:08:13,537 INFO toNotifyTaskSize = 0

2026-05-17 15:08:13,537 INFO toClientNotifyTaskSize = 0

2026-05-17 15:08:23,368 INFO groupCount = 1, subscriberClientCount = 0, subscriberCount = 0

2026-05-17 15:08:23,477 INFO [long-pulling] client count 0

2026-05-17 15:08:23,539 INFO toNotifyTaskSize = 0

2026-05-17 15:08:23,539 INFO toClientNotifyTaskSize = 0

2026-05-17 15:08:33,372 INFO groupCount = 1, subscriberClientCount = 0, subscriberCount = 0

2026-05-17 15:08:33,482 INFO [long-pulling] client count 0

2026-05-17 15:08:33,544 INFO toNotifyTaskSize = 0

2026-05-17 15:08:33,544 INFO toClientNotifyTaskSize = 0

2026-05-17 15:08:43,387 INFO groupCount = 1, subscriberClientCount = 0, subscriberCount = 0

2026-05-17 15:08:43,494 INFO [long-pulling] client count 0

2026-05-17 15:08:43,559 INFO toNotifyTaskSize = 0

2026-05-17 15:08:43,559 INFO toClientNotifyTaskSize = 0

2026-05-17 15:08:53,393 INFO groupCount = 1, subscriberClientCount = 0, subscriberCount = 0

2026-05-17 15:08:53,503 INFO [long-pulling] client count 0

2026-05-17 15:08:53,565 INFO toNotifyTaskSize = 0

2026-05-17 15:08:53,566 INFO toClientNotifyTaskSize = 0

2026-05-17 15:09:03,407 INFO groupCount = 1, subscriberClientCount = 0, subscriberCount = 0

2026-05-17 15:09:03,516 INFO [long-pulling] client count 0

2026-05-17 15:09:03,578 INFO toNotifyTaskSize = 0

2026-05-17 15:09:03,578 INFO toClientNotifyTaskSize = 0

2026-05-17 15:09:13,421 INFO groupCount = 1, subscriberClientCount = 0, subscriberCount = 0

2026-05-17 15:09:13,529 INFO [long-pulling] client count 0

2026-05-17 15:09:13,592 INFO toNotifyTaskSize = 0

2026-05-17 15:09:13,593 INFO toClientNotifyTaskSize = 0

2026-05-17 15:09:23,424 INFO groupCount = 1, subscriberClientCount = 0, subscriberCount = 0

2026-05-17 15:09:23,531 INFO [long-pulling] client count 0

2026-05-17 15:09:23,593 INFO toNotifyTaskSize = 0

2026-05-17 15:09:23,593 INFO toClientNotifyTaskSize = 0

2026-05-17 15:09:33,437 INFO groupCount = 1, subscriberClientCount = 0, subscriberCount = 0

2026-05-17 15:09:33,546 INFO [long-pulling] client count 0

2026-05-17 15:09:33,609 INFO toNotifyTaskSize = 0

2026-05-17 15:09:33,609 INFO toClientNotifyTaskSize = 0

2026-05-17 15:09:43,450 INFO groupCount = 1, subscriberClientCount = 0, subscriberCount = 0

2026-05-17 15:09:43,558 INFO [long-pulling] client count 0

2026-05-17 15:09:43,619 INFO toNotifyTaskSize = 0

2026-05-17 15:09:43,619 INFO toClientNotifyTaskSize = 0

2026-05-17 15:09:53,460 INFO groupCount = 1, subscriberClientCount = 0, subscriberCount = 0

2026-05-17 15:09:53,570 INFO [long-pulling] client count 0

2026-05-17 15:09:53,631 INFO toNotifyTaskSize = 0

2026-05-17 15:09:53,631 INFO toClientNotifyTaskSize = 0

2026-05-17 15:10:03,469 INFO groupCount = 1, subscriberClientCount = 0, subscriberCount = 0

2026-05-17 15:10:03,578 INFO [long-pulling] client count 0

2026-05-17 15:10:03,640 INFO toNotifyTaskSize = 0

2026-05-17 15:10:03,640 INFO toClientNotifyTaskSize = 0

2026-05-17 15:10:13,476 INFO groupCount = 1, subscriberClientCount = 0, subscriberCount = 0

2026-05-17 15:10:13,585 INFO [long-pulling] client count 0

2026-05-17 15:10:13,646 INFO toNotifyTaskSize = 0

2026-05-17 15:10:13,646 INFO toClientNotifyTaskSize = 0

2026-05-17 15:10:23,488 INFO groupCount = 1, subscriberClientCount = 0, subscriberCount = 0

2026-05-17 15:10:23,598 INFO [long-pulling] client count 0

2026-05-17 15:10:23,662 INFO toNotifyTaskSize = 0

2026-05-17 15:10:23,662 INFO toClientNotifyTaskSize = 0

2026-05-17 15:10:33,498 INFO groupCount = 1, subscriberClientCount = 0, subscriberCount = 0

2026-05-17 15:10:33,607 INFO [long-pulling] client count 0

2026-05-17 15:10:33,670 INFO toNotifyTaskSize = 0

2026-05-17 15:10:33,670 INFO toClientNotifyTaskSize = 0

2026-05-17 15:10:43,511 INFO groupCount = 1, subscriberClientCount = 0, subscriberCount = 0

2026-05-17 15:10:43,621 INFO [long-pulling] client count 0

2026-05-17 15:10:43,684 INFO toNotifyTaskSize = 0

2026-05-17 15:10:43,684 INFO toClientNotifyTaskSize = 0

2026-05-17 15:10:53,523 INFO groupCount = 1, subscriberClientCount = 0, subscriberCount = 0

2026-05-17 15:10:53,631 INFO [long-pulling] client count 0

2026-05-17 15:10:53,692 INFO toNotifyTaskSize = 0

2026-05-17 15:10:53,693 INFO toClientNotifyTaskSize = 0

2026-05-17 15:11:03,532 INFO groupCount = 1, subscriberClientCount = 0, subscriberCount = 0

2026-05-17 15:11:03,641 INFO [long-pulling] client count 0

2026-05-17 15:11:03,702 INFO toNotifyTaskSize = 0

2026-05-17 15:11:03,702 INFO toClientNotifyTaskSize = 0

2026-05-17 15:11:13,543 INFO groupCount = 1, subscriberClientCount = 0, subscriberCount = 0

2026-05-17 15:11:13,653 INFO [long-pulling] client count 0

2026-05-17 15:11:13,715 INFO toNotifyTaskSize = 0

2026-05-17 15:11:13,715 INFO toClientNotifyTaskSize = 0

2026-05-17 15:11:23,546 INFO groupCount = 1, subscriberClientCount = 0, subscriberCount = 0

2026-05-17 15:11:23,655 INFO [long-pulling] client count 0

2026-05-17 15:11:23,719 INFO toNotifyTaskSize = 0

2026-05-17 15:11:23,719 INFO toClientNotifyTaskSize = 0

2026-05-17 15:11:33,548 INFO groupCount = 1, subscriberClientCount = 0, subscriberCount = 0

2026-05-17 15:11:33,658 INFO [long-pulling] client count 0

2026-05-17 15:11:33,721 INFO toNotifyTaskSize = 0

2026-05-17 15:11:33,721 INFO toClientNotifyTaskSize = 0

2026-05-17 15:11:43,560 INFO groupCount = 1, subscriberClientCount = 0, subscriberCount = 0

2026-05-17 15:11:43,669 INFO [long-pulling] client count 0

2026-05-17 15:11:43,731 INFO toNotifyTaskSize = 0

2026-05-17 15:11:43,731 INFO toClientNotifyTaskSize = 0

2026-05-17 15:11:53,571 INFO groupCount = 1, subscriberClientCount = 0, subscriberCount = 0

2026-05-17 15:11:53,680 INFO [long-pulling] client count 0

2026-05-17 15:11:53,741 INFO toNotifyTaskSize = 0

2026-05-17 15:11:53,741 INFO toClientNotifyTaskSize = 0

2026-05-17 15:12:03,585 INFO groupCount = 1, subscriberClientCount = 0, subscriberCount = 0

2026-05-17 15:12:03,695 INFO [long-pulling] client count 0

2026-05-17 15:12:03,758 INFO toNotifyTaskSize = 0

2026-05-17 15:12:03,758 INFO toClientNotifyTaskSize = 0

2026-05-17 15:12:13,595 INFO groupCount = 1, subscriberClientCount = 0, subscriberCount = 0

2026-05-17 15:12:13,703 INFO [long-pulling] client count 0

2026-05-17 15:12:13,765 INFO toNotifyTaskSize = 0

2026-05-17 15:12:13,765 INFO toClientNotifyTaskSize = 0

2026-05-17 15:12:23,599 INFO groupCount = 1, subscriberClientCount = 0, subscriberCount = 0

2026-05-17 15:12:23,708 INFO [long-pulling] client count 0

2026-05-17 15:12:23,770 INFO toNotifyTaskSize = 0

2026-05-17 15:12:23,771 INFO toClientNotifyTaskSize = 0

2026-05-17 15:12:33,602 INFO groupCount = 1, subscriberClientCount = 0, subscriberCount = 0

2026-05-17 15:12:33,711 INFO [long-pulling] client count 0

2026-05-17 15:12:33,772 INFO toNotifyTaskSize = 0

2026-05-17 15:12:33,772 INFO toClientNotifyTaskSize = 0

2026-05-17 15:12:43,609 INFO groupCount = 1, subscriberClientCount = 0, subscriberCount = 0

2026-05-17 15:12:43,717 INFO [long-pulling] client count 0

2026-05-17 15:12:43,779 INFO toNotifyTaskSize = 0

2026-05-17 15:12:43,779 INFO toClientNotifyTaskSize = 0

2026-05-17 15:12:53,617 INFO groupCount = 1, subscriberClientCount = 0, subscriberCount = 0

2026-05-17 15:12:53,727 INFO [long-pulling] client count 0

2026-05-17 15:12:53,788 INFO toNotifyTaskSize = 0

2026-05-17 15:12:53,788 INFO toClientNotifyTaskSize = 0

2026-05-17 15:13:03,631 INFO groupCount = 1, subscriberClientCount = 0, subscriberCount = 0

2026-05-17 15:13:03,741 INFO [long-pulling] client count 0

2026-05-17 15:13:03,803 INFO toNotifyTaskSize = 0

2026-05-17 15:13:03,803 INFO toClientNotifyTaskSize = 0

2026-05-17 15:13:13,644 INFO groupCount = 1, subscriberClientCount = 0, subscriberCount = 0

2026-05-17 15:13:13,752 INFO [long-pulling] client count 0

2026-05-17 15:13:13,815 INFO toNotifyTaskSize = 0

2026-05-17 15:13:13,817 INFO toClientNotifyTaskSize = 0

2026-05-17 15:13:23,650 INFO groupCount = 1, subscriberClientCount = 0, subscriberCount = 0

2026-05-17 15:13:23,759 INFO [long-pulling] client count 0

2026-05-17 15:13:23,820 INFO toNotifyTaskSize = 0

2026-05-17 15:13:23,820 INFO toClientNotifyTaskSize = 0

2026-05-17 15:13:33,659 INFO groupCount = 1, subscriberClientCount = 0, subscriberCount = 0

2026-05-17 15:13:33,768 INFO [long-pulling] client count 0

2026-05-17 15:13:33,829 INFO toNotifyTaskSize = 0

2026-05-17 15:13:33,829 INFO toClientNotifyTaskSize = 0

2026-05-17 15:13:43,673 INFO groupCount = 1, subscriberClientCount = 0, subscriberCount = 0

2026-05-17 15:13:43,782 INFO [long-pulling] client count 0

2026-05-17 15:13:43,844 INFO toNotifyTaskSize = 0

2026-05-17 15:13:43,844 INFO toClientNotifyTaskSize = 0

2026-05-17 15:13:53,687 INFO groupCount = 1, subscriberClientCount = 0, subscriberCount = 0

2026-05-17 15:13:53,796 INFO [long-pulling] client count 0

2026-05-17 15:13:53,860 INFO toNotifyTaskSize = 0

2026-05-17 15:13:53,860 INFO toClientNotifyTaskSize = 0

2026-05-17 15:14:03,697 INFO groupCount = 1, subscriberClientCount = 0, subscriberCount = 0

2026-05-17 15:14:03,805 INFO [long-pulling] client count 0

2026-05-17 15:14:03,867 INFO toNotifyTaskSize = 0

2026-05-17 15:14:03,867 INFO toClientNotifyTaskSize = 0

2026-05-17 15:14:13,704 INFO groupCount = 1, subscriberClientCount = 0, subscriberCount = 0

2026-05-17 15:14:13,813 INFO [long-pulling] client count 0

2026-05-17 15:14:13,877 INFO toNotifyTaskSize = 0

2026-05-17 15:14:13,877 INFO toClientNotifyTaskSize = 0

2026-05-17 15:14:23,710 INFO groupCount = 1, subscriberClientCount = 0, subscriberCount = 0

2026-05-17 15:14:23,820 INFO [long-pulling] client count 0

2026-05-17 15:14:23,882 INFO toNotifyTaskSize = 0

2026-05-17 15:14:23,882 INFO toClientNotifyTaskSize = 0

2026-05-17 15:14:33,715 INFO groupCount = 1, subscriberClientCount = 0, subscriberCount = 0

2026-05-17 15:14:33,824 INFO [long-pulling] client count 0

2026-05-17 15:14:33,886 INFO toNotifyTaskSize = 0

2026-05-17 15:14:33,886 INFO toClientNotifyTaskSize = 0

2026-05-17 15:14:43,720 INFO groupCount = 1, subscriberClientCount = 0, subscriberCount = 0

2026-05-17 15:14:43,830 INFO [long-pulling] client count 0

2026-05-17 15:14:43,893 INFO toNotifyTaskSize = 0

2026-05-17 15:14:43,893 INFO toClientNotifyTaskSize = 0

2026-05-17 15:14:53,728 INFO groupCount = 1, subscriberClientCount = 0, subscriberCount = 0

2026-05-17 15:14:53,838 INFO [long-pulling] client count 0

2026-05-17 15:14:53,902 INFO toNotifyTaskSize = 0

2026-05-17 15:14:53,902 INFO toClientNotifyTaskSize = 0

2026-05-17 15:15:03,738 INFO groupCount = 1, subscriberClientCount = 0, subscriberCount = 0

2026-05-17 15:15:03,847 INFO [long-pulling] client count 0

2026-05-17 15:15:03,911 INFO toNotifyTaskSize = 0

2026-05-17 15:15:03,911 INFO toClientNotifyTaskSize = 0

2026-05-17 15:15:13,746 INFO groupCount = 1, subscriberClientCount = 0, subscriberCount = 0

2026-05-17 15:15:13,858 INFO [long-pulling] client count 0

2026-05-17 15:15:13,922 INFO toNotifyTaskSize = 0

2026-05-17 15:15:13,922 INFO toClientNotifyTaskSize = 0

2026-05-17 15:15:23,751 INFO groupCount = 1, subscriberClientCount = 0, subscriberCount = 0

2026-05-17 15:15:23,862 INFO [long-pulling] client count 0

2026-05-17 15:15:23,925 INFO toNotifyTaskSize = 0

2026-05-17 15:15:23,925 INFO toClientNotifyTaskSize = 0

2026-05-17 15:15:33,765 INFO groupCount = 1, subscriberClientCount = 0, subscriberCount = 0

2026-05-17 15:15:33,878 INFO [long-pulling] client count 0

2026-05-17 15:15:33,941 INFO toNotifyTaskSize = 0

2026-05-17 15:15:33,941 INFO toClientNotifyTaskSize = 0

2026-05-17 15:15:43,768 INFO groupCount = 1, subscriberClientCount = 0, subscriberCount = 0

2026-05-17 15:15:43,881 INFO [long-pulling] client count 0

2026-05-17 15:15:43,944 INFO toNotifyTaskSize = 0

2026-05-17 15:15:43,944 INFO toClientNotifyTaskSize = 0

2026-05-17 15:15:53,775 INFO groupCount = 1, subscriberClientCount = 0, subscriberCount = 0

2026-05-17 15:15:53,885 INFO [long-pulling] client count 0

2026-05-17 15:15:53,948 INFO toNotifyTaskSize = 0

2026-05-17 15:15:53,948 INFO toClientNotifyTaskSize = 0

2026-05-17 15:16:03,781 INFO groupCount = 1, subscriberClientCount = 0, subscriberCount = 0

2026-05-17 15:16:03,892 INFO [long-pulling] client count 0

2026-05-17 15:16:03,956 INFO toNotifyTaskSize = 0

2026-05-17 15:16:03,956 INFO toClientNotifyTaskSize = 0

2026-05-17 15:16:13,789 INFO groupCount = 1, subscriberClientCount = 0, subscriberCount = 0

2026-05-17 15:16:13,901 INFO [long-pulling] client count 0

2026-05-17 15:16:13,965 INFO toNotifyTaskSize = 0

2026-05-17 15:16:13,965 INFO toClientNotifyTaskSize = 0

2026-05-17 15:16:23,799 INFO groupCount = 1, subscriberClientCount = 0, subscriberCount = 0

2026-05-17 15:16:23,909 INFO [long-pulling] client count 0

2026-05-17 15:16:23,972 INFO toNotifyTaskSize = 0

2026-05-17 15:16:23,972 INFO toClientNotifyTaskSize = 0

2026-05-17 15:16:33,799 INFO groupCount = 1, subscriberClientCount = 0, subscriberCount = 0

2026-05-17 15:16:33,925 INFO [long-pulling] client count 0

2026-05-17 15:16:33,986 INFO toNotifyTaskSize = 0

2026-05-17 15:16:33,986 INFO toClientNotifyTaskSize = 0

2026-05-17 15:16:43,816 INFO groupCount = 1, subscriberClientCount = 0, subscriberCount = 0

2026-05-17 15:16:43,927 INFO [long-pulling] client count 0

2026-05-17 15:16:43,991 INFO toNotifyTaskSize = 0

2026-05-17 15:16:43,991 INFO toClientNotifyTaskSize = 0

2026-05-17 15:16:53,819 INFO groupCount = 1, subscriberClientCount = 0, subscriberCount = 0

2026-05-17 15:16:53,933 INFO [long-pulling] client count 0

2026-05-17 15:16:53,994 INFO toNotifyTaskSize = 0

2026-05-17 15:16:53,994 INFO toClientNotifyTaskSize = 0

2026-05-17 15:17:03,823 INFO groupCount = 1, subscriberClientCount = 0, subscriberCount = 0

2026-05-17 15:17:03,948 INFO [long-pulling] client count 0

2026-05-17 15:17:04,010 INFO toNotifyTaskSize = 0

2026-05-17 15:17:04,010 INFO toClientNotifyTaskSize = 0

2026-05-17 15:17:13,825 INFO groupCount = 1, subscriberClientCount = 0, subscriberCount = 0

2026-05-17 15:17:13,952 INFO [long-pulling] client count 0

2026-05-17 15:17:14,015 INFO toNotifyTaskSize = 0

2026-05-17 15:17:14,015 INFO toClientNotifyTaskSize = 0

