2026-05-17 10:59:23,908 INFO PERFORMANCE:|serviceCount|ipCount|subscribeCount|maxPushCost|avgPushCost|totalPushCount|failPushCount

2026-05-17 10:59:23,910 INFO DISTRO:|V1SyncDone|V1SyncFail|V2SyncDone|V2SyncFail|V2VerifyFail|

2026-05-17 10:59:23,911 INFO PERFORMANCE:|0|0|0|-1|-1|0|0

2026-05-17 10:59:23,913 INFO Task worker status: 
naming_0%16, pending tasks: 0
naming_1%16, pending tasks: 0
naming_2%16, pending tasks: 0
naming_3%16, pending tasks: 0
naming_4%16, pending tasks: 0
naming_5%16, pending tasks: 0
naming_6%16, pending tasks: 0
naming_7%16, pending tasks: 0
naming_8%16, pending tasks: 0
naming_9%16, pending tasks: 0
naming_10%16, pending tasks: 0
naming_11%16, pending tasks: 0
naming_12%16, pending tasks: 0
naming_13%16, pending tasks: 0
naming_14%16, pending tasks: 0
naming_15%16, pending tasks: 0


2026-05-17 10:59:23,937 INFO DISTRO:|0|0|0|

2026-05-17 11:00:23,939 INFO PERFORMANCE:|0|0|0|-1|-1|0|0

2026-05-17 11:00:23,939 INFO Task worker status: 
naming_0%16, pending tasks: 0
naming_1%16, pending tasks: 0
naming_2%16, pending tasks: 0
naming_3%16, pending tasks: 0
naming_4%16, pending tasks: 0
naming_5%16, pending tasks: 0
naming_6%16, pending tasks: 0
naming_7%16, pending tasks: 0
naming_8%16, pending tasks: 0
naming_9%16, pending tasks: 0
naming_10%16, pending tasks: 0
naming_11%16, pending tasks: 0
naming_12%16, pending tasks: 0
naming_13%16, pending tasks: 0
naming_14%16, pending tasks: 0
naming_15%16, pending tasks: 0


2026-05-17 11:00:23,940 INFO DISTRO:|0|0|0|

2026-05-17 11:01:23,952 INFO PERFORMANCE:|0|0|0|-1|-1|0|0

2026-05-17 11:01:23,952 INFO Task worker status: 
naming_0%16, pending tasks: 0
naming_1%16, pending tasks: 0
naming_2%16, pending tasks: 0
naming_3%16, pending tasks: 0
naming_4%16, pending tasks: 0
naming_5%16, pending tasks: 0
naming_6%16, pending tasks: 0
naming_7%16, pending tasks: 0
naming_8%16, pending tasks: 0
naming_9%16, pending tasks: 0
naming_10%16, pending tasks: 0
naming_11%16, pending tasks: 0
naming_12%16, pending tasks: 0
naming_13%16, pending tasks: 0
naming_14%16, pending tasks: 0
naming_15%16, pending tasks: 0


2026-05-17 11:01:23,952 INFO DISTRO:|0|0|0|

2026-05-17 11:02:23,965 INFO PERFORMANCE:|0|0|0|-1|-1|0|0

2026-05-17 11:02:23,965 INFO Task worker status: 
naming_0%16, pending tasks: 0
naming_1%16, pending tasks: 0
naming_2%16, pending tasks: 0
naming_3%16, pending tasks: 0
naming_4%16, pending tasks: 0
naming_5%16, pending tasks: 0
naming_6%16, pending tasks: 0
naming_7%16, pending tasks: 0
naming_8%16, pending tasks: 0
naming_9%16, pending tasks: 0
naming_10%16, pending tasks: 0
naming_11%16, pending tasks: 0
naming_12%16, pending tasks: 0
naming_13%16, pending tasks: 0
naming_14%16, pending tasks: 0
naming_15%16, pending tasks: 0


2026-05-17 11:02:23,965 INFO DISTRO:|0|0|0|

2026-05-17 11:03:23,967 INFO PERFORMANCE:|0|0|0|-1|-1|0|0

2026-05-17 11:03:23,967 INFO Task worker status: 
naming_0%16, pending tasks: 0
naming_1%16, pending tasks: 0
naming_2%16, pending tasks: 0
naming_3%16, pending tasks: 0
naming_4%16, pending tasks: 0
naming_5%16, pending tasks: 0
naming_6%16, pending tasks: 0
naming_7%16, pending tasks: 0
naming_8%16, pending tasks: 0
naming_9%16, pending tasks: 0
naming_10%16, pending tasks: 0
naming_11%16, pending tasks: 0
naming_12%16, pending tasks: 0
naming_13%16, pending tasks: 0
naming_14%16, pending tasks: 0
naming_15%16, pending tasks: 0


2026-05-17 11:03:23,967 INFO DISTRO:|0|0|0|

2026-05-17 11:04:23,969 INFO PERFORMANCE:|0|0|0|-1|-1|0|0

2026-05-17 11:04:23,970 INFO Task worker status: 
naming_0%16, pending tasks: 0
naming_1%16, pending tasks: 0
naming_2%16, pending tasks: 0
naming_3%16, pending tasks: 0
naming_4%16, pending tasks: 0
naming_5%16, pending tasks: 0
naming_6%16, pending tasks: 0
naming_7%16, pending tasks: 0
naming_8%16, pending tasks: 0
naming_9%16, pending tasks: 0
naming_10%16, pending tasks: 0
naming_11%16, pending tasks: 0
naming_12%16, pending tasks: 0
naming_13%16, pending tasks: 0
naming_14%16, pending tasks: 0
naming_15%16, pending tasks: 0


2026-05-17 11:04:23,970 INFO DISTRO:|0|0|0|

2026-05-17 11:05:23,974 INFO PERFORMANCE:|1|2|0|-1|-1|0|0

2026-05-17 11:05:23,974 INFO Task worker status: 
naming_0%16, pending tasks: 0
naming_1%16, pending tasks: 0
naming_2%16, pending tasks: 0
naming_3%16, pending tasks: 0
naming_4%16, pending tasks: 0
naming_5%16, pending tasks: 0
naming_6%16, pending tasks: 0
naming_7%16, pending tasks: 0
naming_8%16, pending tasks: 0
naming_9%16, pending tasks: 0
naming_10%16, pending tasks: 0
naming_11%16, pending tasks: 0
naming_12%16, pending tasks: 0
naming_13%16, pending tasks: 0
naming_14%16, pending tasks: 0
naming_15%16, pending tasks: 0


2026-05-17 11:05:23,974 INFO DISTRO:|0|0|0|

2026-05-17 11:06:23,983 INFO PERFORMANCE:|1|2|0|-1|-1|0|0

2026-05-17 11:06:23,983 INFO Task worker status: 
naming_0%16, pending tasks: 0
naming_1%16, pending tasks: 0
naming_2%16, pending tasks: 0
naming_3%16, pending tasks: 0
naming_4%16, pending tasks: 0
naming_5%16, pending tasks: 0
naming_6%16, pending tasks: 0
naming_7%16, pending tasks: 0
naming_8%16, pending tasks: 0
naming_9%16, pending tasks: 0
naming_10%16, pending tasks: 0
naming_11%16, pending tasks: 0
naming_12%16, pending tasks: 0
naming_13%16, pending tasks: 0
naming_14%16, pending tasks: 0
naming_15%16, pending tasks: 0


2026-05-17 11:06:23,984 INFO DISTRO:|0|0|0|

2026-05-17 11:07:23,986 INFO PERFORMANCE:|1|2|0|-1|-1|0|0

2026-05-17 11:07:23,986 INFO Task worker status: 
naming_0%16, pending tasks: 0
naming_1%16, pending tasks: 0
naming_2%16, pending tasks: 0
naming_3%16, pending tasks: 0
naming_4%16, pending tasks: 0
naming_5%16, pending tasks: 0
naming_6%16, pending tasks: 0
naming_7%16, pending tasks: 0
naming_8%16, pending tasks: 0
naming_9%16, pending tasks: 0
naming_10%16, pending tasks: 0
naming_11%16, pending tasks: 0
naming_12%16, pending tasks: 0
naming_13%16, pending tasks: 0
naming_14%16, pending tasks: 0
naming_15%16, pending tasks: 0


2026-05-17 11:07:23,986 INFO DISTRO:|0|0|0|

2026-05-17 11:08:23,999 INFO PERFORMANCE:|1|2|0|-1|-1|0|0

2026-05-17 11:08:23,999 INFO Task worker status: 
naming_0%16, pending tasks: 0
naming_1%16, pending tasks: 0
naming_2%16, pending tasks: 0
naming_3%16, pending tasks: 0
naming_4%16, pending tasks: 0
naming_5%16, pending tasks: 0
naming_6%16, pending tasks: 0
naming_7%16, pending tasks: 0
naming_8%16, pending tasks: 0
naming_9%16, pending tasks: 0
naming_10%16, pending tasks: 0
naming_11%16, pending tasks: 0
naming_12%16, pending tasks: 0
naming_13%16, pending tasks: 0
naming_14%16, pending tasks: 0
naming_15%16, pending tasks: 0


2026-05-17 11:08:23,999 INFO DISTRO:|0|0|0|

2026-05-17 11:09:24,013 INFO PERFORMANCE:|serviceCount|ipCount|subscribeCount|maxPushCost|avgPushCost|totalPushCount|failPushCount

2026-05-17 11:09:24,013 INFO DISTRO:|V1SyncDone|V1SyncFail|V2SyncDone|V2SyncFail|V2VerifyFail|

2026-05-17 11:09:24,013 INFO PERFORMANCE:|1|2|0|-1|-1|0|0

2026-05-17 11:09:24,013 INFO Task worker status: 
naming_0%16, pending tasks: 0
naming_1%16, pending tasks: 0
naming_2%16, pending tasks: 0
naming_3%16, pending tasks: 0
naming_4%16, pending tasks: 0
naming_5%16, pending tasks: 0
naming_6%16, pending tasks: 0
naming_7%16, pending tasks: 0
naming_8%16, pending tasks: 0
naming_9%16, pending tasks: 0
naming_10%16, pending tasks: 0
naming_11%16, pending tasks: 0
naming_12%16, pending tasks: 0
naming_13%16, pending tasks: 0
naming_14%16, pending tasks: 0
naming_15%16, pending tasks: 0


2026-05-17 11:09:24,013 INFO DISTRO:|0|0|0|

2026-05-17 11:10:24,027 INFO PERFORMANCE:|1|2|0|-1|-1|0|0

2026-05-17 11:10:24,027 INFO Task worker status: 
naming_0%16, pending tasks: 0
naming_1%16, pending tasks: 0
naming_2%16, pending tasks: 0
naming_3%16, pending tasks: 0
naming_4%16, pending tasks: 0
naming_5%16, pending tasks: 0
naming_6%16, pending tasks: 0
naming_7%16, pending tasks: 0
naming_8%16, pending tasks: 0
naming_9%16, pending tasks: 0
naming_10%16, pending tasks: 0
naming_11%16, pending tasks: 0
naming_12%16, pending tasks: 0
naming_13%16, pending tasks: 0
naming_14%16, pending tasks: 0
naming_15%16, pending tasks: 0


2026-05-17 11:10:24,027 INFO DISTRO:|0|0|0|

2026-05-17 11:11:24,041 INFO PERFORMANCE:|1|2|0|-1|-1|0|0

2026-05-17 11:11:24,041 INFO Task worker status: 
naming_0%16, pending tasks: 0
naming_1%16, pending tasks: 0
naming_2%16, pending tasks: 0
naming_3%16, pending tasks: 0
naming_4%16, pending tasks: 0
naming_5%16, pending tasks: 0
naming_6%16, pending tasks: 0
naming_7%16, pending tasks: 0
naming_8%16, pending tasks: 0
naming_9%16, pending tasks: 0
naming_10%16, pending tasks: 0
naming_11%16, pending tasks: 0
naming_12%16, pending tasks: 0
naming_13%16, pending tasks: 0
naming_14%16, pending tasks: 0
naming_15%16, pending tasks: 0


2026-05-17 11:11:24,041 INFO DISTRO:|0|0|0|

2026-05-17 11:12:24,050 INFO PERFORMANCE:|1|2|0|-1|-1|0|0

2026-05-17 11:12:24,050 INFO Task worker status: 
naming_0%16, pending tasks: 0
naming_1%16, pending tasks: 0
naming_2%16, pending tasks: 0
naming_3%16, pending tasks: 0
naming_4%16, pending tasks: 0
naming_5%16, pending tasks: 0
naming_6%16, pending tasks: 0
naming_7%16, pending tasks: 0
naming_8%16, pending tasks: 0
naming_9%16, pending tasks: 0
naming_10%16, pending tasks: 0
naming_11%16, pending tasks: 0
naming_12%16, pending tasks: 0
naming_13%16, pending tasks: 0
naming_14%16, pending tasks: 0
naming_15%16, pending tasks: 0


2026-05-17 11:12:24,050 INFO DISTRO:|0|0|0|

2026-05-17 11:13:24,061 INFO PERFORMANCE:|1|2|0|-1|-1|0|0

2026-05-17 11:13:24,061 INFO Task worker status: 
naming_0%16, pending tasks: 0
naming_1%16, pending tasks: 0
naming_2%16, pending tasks: 0
naming_3%16, pending tasks: 0
naming_4%16, pending tasks: 0
naming_5%16, pending tasks: 0
naming_6%16, pending tasks: 0
naming_7%16, pending tasks: 0
naming_8%16, pending tasks: 0
naming_9%16, pending tasks: 0
naming_10%16, pending tasks: 0
naming_11%16, pending tasks: 0
naming_12%16, pending tasks: 0
naming_13%16, pending tasks: 0
naming_14%16, pending tasks: 0
naming_15%16, pending tasks: 0


2026-05-17 11:13:24,061 INFO DISTRO:|0|0|0|

2026-05-17 11:14:24,072 INFO PERFORMANCE:|1|2|0|-1|-1|0|0

2026-05-17 11:14:24,072 INFO Task worker status: 
naming_0%16, pending tasks: 0
naming_1%16, pending tasks: 0
naming_2%16, pending tasks: 0
naming_3%16, pending tasks: 0
naming_4%16, pending tasks: 0
naming_5%16, pending tasks: 0
naming_6%16, pending tasks: 0
naming_7%16, pending tasks: 0
naming_8%16, pending tasks: 0
naming_9%16, pending tasks: 0
naming_10%16, pending tasks: 0
naming_11%16, pending tasks: 0
naming_12%16, pending tasks: 0
naming_13%16, pending tasks: 0
naming_14%16, pending tasks: 0
naming_15%16, pending tasks: 0


2026-05-17 11:14:24,072 INFO DISTRO:|0|0|0|

2026-05-17 11:15:24,076 INFO PERFORMANCE:|1|2|0|-1|-1|0|0

2026-05-17 11:15:24,076 INFO Task worker status: 
naming_0%16, pending tasks: 0
naming_1%16, pending tasks: 0
naming_2%16, pending tasks: 0
naming_3%16, pending tasks: 0
naming_4%16, pending tasks: 0
naming_5%16, pending tasks: 0
naming_6%16, pending tasks: 0
naming_7%16, pending tasks: 0
naming_8%16, pending tasks: 0
naming_9%16, pending tasks: 0
naming_10%16, pending tasks: 0
naming_11%16, pending tasks: 0
naming_12%16, pending tasks: 0
naming_13%16, pending tasks: 0
naming_14%16, pending tasks: 0
naming_15%16, pending tasks: 0


2026-05-17 11:15:24,076 INFO DISTRO:|0|0|0|

2026-05-17 11:16:24,089 INFO PERFORMANCE:|1|2|0|-1|-1|0|0

2026-05-17 11:16:24,089 INFO Task worker status: 
naming_0%16, pending tasks: 0
naming_1%16, pending tasks: 0
naming_2%16, pending tasks: 0
naming_3%16, pending tasks: 0
naming_4%16, pending tasks: 0
naming_5%16, pending tasks: 0
naming_6%16, pending tasks: 0
naming_7%16, pending tasks: 0
naming_8%16, pending tasks: 0
naming_9%16, pending tasks: 0
naming_10%16, pending tasks: 0
naming_11%16, pending tasks: 0
naming_12%16, pending tasks: 0
naming_13%16, pending tasks: 0
naming_14%16, pending tasks: 0
naming_15%16, pending tasks: 0


2026-05-17 11:16:24,089 INFO DISTRO:|0|0|0|

2026-05-17 11:17:24,091 INFO PERFORMANCE:|1|2|0|-1|-1|0|0

2026-05-17 11:17:24,091 INFO Task worker status: 
naming_0%16, pending tasks: 0
naming_1%16, pending tasks: 0
naming_2%16, pending tasks: 0
naming_3%16, pending tasks: 0
naming_4%16, pending tasks: 0
naming_5%16, pending tasks: 0
naming_6%16, pending tasks: 0
naming_7%16, pending tasks: 0
naming_8%16, pending tasks: 0
naming_9%16, pending tasks: 0
naming_10%16, pending tasks: 0
naming_11%16, pending tasks: 0
naming_12%16, pending tasks: 0
naming_13%16, pending tasks: 0
naming_14%16, pending tasks: 0
naming_15%16, pending tasks: 0


2026-05-17 11:17:24,092 INFO DISTRO:|0|0|0|

2026-05-17 11:18:24,096 INFO PERFORMANCE:|1|2|0|-1|-1|0|0

2026-05-17 11:18:24,096 INFO Task worker status: 
naming_0%16, pending tasks: 0
naming_1%16, pending tasks: 0
naming_2%16, pending tasks: 0
naming_3%16, pending tasks: 0
naming_4%16, pending tasks: 0
naming_5%16, pending tasks: 0
naming_6%16, pending tasks: 0
naming_7%16, pending tasks: 0
naming_8%16, pending tasks: 0
naming_9%16, pending tasks: 0
naming_10%16, pending tasks: 0
naming_11%16, pending tasks: 0
naming_12%16, pending tasks: 0
naming_13%16, pending tasks: 0
naming_14%16, pending tasks: 0
naming_15%16, pending tasks: 0


2026-05-17 11:18:24,096 INFO DISTRO:|0|0|0|

2026-05-17 11:19:24,100 INFO PERFORMANCE:|serviceCount|ipCount|subscribeCount|maxPushCost|avgPushCost|totalPushCount|failPushCount

2026-05-17 11:19:24,100 INFO DISTRO:|V1SyncDone|V1SyncFail|V2SyncDone|V2SyncFail|V2VerifyFail|

2026-05-17 11:19:24,100 INFO PERFORMANCE:|1|2|0|-1|-1|0|0

2026-05-17 11:19:24,100 INFO Task worker status: 
naming_0%16, pending tasks: 0
naming_1%16, pending tasks: 0
naming_2%16, pending tasks: 0
naming_3%16, pending tasks: 0
naming_4%16, pending tasks: 0
naming_5%16, pending tasks: 0
naming_6%16, pending tasks: 0
naming_7%16, pending tasks: 0
naming_8%16, pending tasks: 0
naming_9%16, pending tasks: 0
naming_10%16, pending tasks: 0
naming_11%16, pending tasks: 0
naming_12%16, pending tasks: 0
naming_13%16, pending tasks: 0
naming_14%16, pending tasks: 0
naming_15%16, pending tasks: 0


2026-05-17 11:19:24,100 INFO DISTRO:|0|0|0|

2026-05-17 11:20:24,105 INFO PERFORMANCE:|1|2|0|-1|-1|0|0

2026-05-17 11:20:24,105 INFO Task worker status: 
naming_0%16, pending tasks: 0
naming_1%16, pending tasks: 0
naming_2%16, pending tasks: 0
naming_3%16, pending tasks: 0
naming_4%16, pending tasks: 0
naming_5%16, pending tasks: 0
naming_6%16, pending tasks: 0
naming_7%16, pending tasks: 0
naming_8%16, pending tasks: 0
naming_9%16, pending tasks: 0
naming_10%16, pending tasks: 0
naming_11%16, pending tasks: 0
naming_12%16, pending tasks: 0
naming_13%16, pending tasks: 0
naming_14%16, pending tasks: 0
naming_15%16, pending tasks: 0


2026-05-17 11:20:24,105 INFO DISTRO:|0|0|0|

2026-05-17 11:21:24,121 INFO PERFORMANCE:|1|2|0|-1|-1|0|0

2026-05-17 11:21:24,121 INFO Task worker status: 
naming_0%16, pending tasks: 0
naming_1%16, pending tasks: 0
naming_2%16, pending tasks: 0
naming_3%16, pending tasks: 0
naming_4%16, pending tasks: 0
naming_5%16, pending tasks: 0
naming_6%16, pending tasks: 0
naming_7%16, pending tasks: 0
naming_8%16, pending tasks: 0
naming_9%16, pending tasks: 0
naming_10%16, pending tasks: 0
naming_11%16, pending tasks: 0
naming_12%16, pending tasks: 0
naming_13%16, pending tasks: 0
naming_14%16, pending tasks: 0
naming_15%16, pending tasks: 0


2026-05-17 11:21:24,121 INFO DISTRO:|0|0|0|

2026-05-17 11:22:24,126 INFO PERFORMANCE:|1|2|0|-1|-1|0|0

2026-05-17 11:22:24,126 INFO Task worker status: 
naming_0%16, pending tasks: 0
naming_1%16, pending tasks: 0
naming_2%16, pending tasks: 0
naming_3%16, pending tasks: 0
naming_4%16, pending tasks: 0
naming_5%16, pending tasks: 0
naming_6%16, pending tasks: 0
naming_7%16, pending tasks: 0
naming_8%16, pending tasks: 0
naming_9%16, pending tasks: 0
naming_10%16, pending tasks: 0
naming_11%16, pending tasks: 0
naming_12%16, pending tasks: 0
naming_13%16, pending tasks: 0
naming_14%16, pending tasks: 0
naming_15%16, pending tasks: 0


2026-05-17 11:22:24,126 INFO DISTRO:|0|0|0|

2026-05-17 11:23:24,134 INFO PERFORMANCE:|1|2|0|-1|-1|0|0

2026-05-17 11:23:24,134 INFO Task worker status: 
naming_0%16, pending tasks: 0
naming_1%16, pending tasks: 0
naming_2%16, pending tasks: 0
naming_3%16, pending tasks: 0
naming_4%16, pending tasks: 0
naming_5%16, pending tasks: 0
naming_6%16, pending tasks: 0
naming_7%16, pending tasks: 0
naming_8%16, pending tasks: 0
naming_9%16, pending tasks: 0
naming_10%16, pending tasks: 0
naming_11%16, pending tasks: 0
naming_12%16, pending tasks: 0
naming_13%16, pending tasks: 0
naming_14%16, pending tasks: 0
naming_15%16, pending tasks: 0


2026-05-17 11:23:24,134 INFO DISTRO:|0|0|0|

2026-05-17 11:24:24,150 INFO PERFORMANCE:|1|2|0|-1|-1|0|0

2026-05-17 11:24:24,150 INFO Task worker status: 
naming_0%16, pending tasks: 0
naming_1%16, pending tasks: 0
naming_2%16, pending tasks: 0
naming_3%16, pending tasks: 0
naming_4%16, pending tasks: 0
naming_5%16, pending tasks: 0
naming_6%16, pending tasks: 0
naming_7%16, pending tasks: 0
naming_8%16, pending tasks: 0
naming_9%16, pending tasks: 0
naming_10%16, pending tasks: 0
naming_11%16, pending tasks: 0
naming_12%16, pending tasks: 0
naming_13%16, pending tasks: 0
naming_14%16, pending tasks: 0
naming_15%16, pending tasks: 0


2026-05-17 11:24:24,150 INFO DISTRO:|0|0|0|

2026-05-17 11:25:24,156 INFO PERFORMANCE:|1|2|0|-1|-1|0|0

2026-05-17 11:25:24,156 INFO Task worker status: 
naming_0%16, pending tasks: 0
naming_1%16, pending tasks: 0
naming_2%16, pending tasks: 0
naming_3%16, pending tasks: 0
naming_4%16, pending tasks: 0
naming_5%16, pending tasks: 0
naming_6%16, pending tasks: 0
naming_7%16, pending tasks: 0
naming_8%16, pending tasks: 0
naming_9%16, pending tasks: 0
naming_10%16, pending tasks: 0
naming_11%16, pending tasks: 0
naming_12%16, pending tasks: 0
naming_13%16, pending tasks: 0
naming_14%16, pending tasks: 0
naming_15%16, pending tasks: 0


2026-05-17 11:25:24,156 INFO DISTRO:|0|0|0|

2026-05-17 11:26:24,164 INFO PERFORMANCE:|1|2|0|-1|-1|0|0

2026-05-17 11:26:24,164 INFO Task worker status: 
naming_0%16, pending tasks: 0
naming_1%16, pending tasks: 0
naming_2%16, pending tasks: 0
naming_3%16, pending tasks: 0
naming_4%16, pending tasks: 0
naming_5%16, pending tasks: 0
naming_6%16, pending tasks: 0
naming_7%16, pending tasks: 0
naming_8%16, pending tasks: 0
naming_9%16, pending tasks: 0
naming_10%16, pending tasks: 0
naming_11%16, pending tasks: 0
naming_12%16, pending tasks: 0
naming_13%16, pending tasks: 0
naming_14%16, pending tasks: 0
naming_15%16, pending tasks: 0


2026-05-17 11:26:24,164 INFO DISTRO:|0|0|0|

2026-05-17 11:27:24,168 INFO PERFORMANCE:|1|2|0|-1|-1|0|0

2026-05-17 11:27:24,168 INFO Task worker status: 
naming_0%16, pending tasks: 0
naming_1%16, pending tasks: 0
naming_2%16, pending tasks: 0
naming_3%16, pending tasks: 0
naming_4%16, pending tasks: 0
naming_5%16, pending tasks: 0
naming_6%16, pending tasks: 0
naming_7%16, pending tasks: 0
naming_8%16, pending tasks: 0
naming_9%16, pending tasks: 0
naming_10%16, pending tasks: 0
naming_11%16, pending tasks: 0
naming_12%16, pending tasks: 0
naming_13%16, pending tasks: 0
naming_14%16, pending tasks: 0
naming_15%16, pending tasks: 0


2026-05-17 11:27:24,168 INFO DISTRO:|0|0|0|

2026-05-17 11:28:24,171 INFO PERFORMANCE:|1|2|0|-1|-1|0|0

2026-05-17 11:28:24,171 INFO Task worker status: 
naming_0%16, pending tasks: 0
naming_1%16, pending tasks: 0
naming_2%16, pending tasks: 0
naming_3%16, pending tasks: 0
naming_4%16, pending tasks: 0
naming_5%16, pending tasks: 0
naming_6%16, pending tasks: 0
naming_7%16, pending tasks: 0
naming_8%16, pending tasks: 0
naming_9%16, pending tasks: 0
naming_10%16, pending tasks: 0
naming_11%16, pending tasks: 0
naming_12%16, pending tasks: 0
naming_13%16, pending tasks: 0
naming_14%16, pending tasks: 0
naming_15%16, pending tasks: 0


2026-05-17 11:28:24,171 INFO DISTRO:|0|0|0|

2026-05-17 11:29:24,174 INFO PERFORMANCE:|serviceCount|ipCount|subscribeCount|maxPushCost|avgPushCost|totalPushCount|failPushCount

2026-05-17 11:29:24,174 INFO DISTRO:|V1SyncDone|V1SyncFail|V2SyncDone|V2SyncFail|V2VerifyFail|

2026-05-17 11:29:24,174 INFO PERFORMANCE:|1|2|0|-1|-1|0|0

2026-05-17 11:29:24,174 INFO Task worker status: 
naming_0%16, pending tasks: 0
naming_1%16, pending tasks: 0
naming_2%16, pending tasks: 0
naming_3%16, pending tasks: 0
naming_4%16, pending tasks: 0
naming_5%16, pending tasks: 0
naming_6%16, pending tasks: 0
naming_7%16, pending tasks: 0
naming_8%16, pending tasks: 0
naming_9%16, pending tasks: 0
naming_10%16, pending tasks: 0
naming_11%16, pending tasks: 0
naming_12%16, pending tasks: 0
naming_13%16, pending tasks: 0
naming_14%16, pending tasks: 0
naming_15%16, pending tasks: 0


2026-05-17 11:29:24,174 INFO DISTRO:|0|0|0|

2026-05-17 11:30:24,187 INFO PERFORMANCE:|1|2|0|-1|-1|0|0

2026-05-17 11:30:24,187 INFO Task worker status: 
naming_0%16, pending tasks: 0
naming_1%16, pending tasks: 0
naming_2%16, pending tasks: 0
naming_3%16, pending tasks: 0
naming_4%16, pending tasks: 0
naming_5%16, pending tasks: 0
naming_6%16, pending tasks: 0
naming_7%16, pending tasks: 0
naming_8%16, pending tasks: 0
naming_9%16, pending tasks: 0
naming_10%16, pending tasks: 0
naming_11%16, pending tasks: 0
naming_12%16, pending tasks: 0
naming_13%16, pending tasks: 0
naming_14%16, pending tasks: 0
naming_15%16, pending tasks: 0


2026-05-17 11:30:24,187 INFO DISTRO:|0|0|0|

2026-05-17 11:31:24,189 INFO PERFORMANCE:|1|2|0|-1|-1|0|0

2026-05-17 11:31:24,189 INFO Task worker status: 
naming_0%16, pending tasks: 0
naming_1%16, pending tasks: 0
naming_2%16, pending tasks: 0
naming_3%16, pending tasks: 0
naming_4%16, pending tasks: 0
naming_5%16, pending tasks: 0
naming_6%16, pending tasks: 0
naming_7%16, pending tasks: 0
naming_8%16, pending tasks: 0
naming_9%16, pending tasks: 0
naming_10%16, pending tasks: 0
naming_11%16, pending tasks: 0
naming_12%16, pending tasks: 0
naming_13%16, pending tasks: 0
naming_14%16, pending tasks: 0
naming_15%16, pending tasks: 0


2026-05-17 11:31:24,189 INFO DISTRO:|0|0|0|

2026-05-17 11:32:24,198 INFO PERFORMANCE:|1|2|0|-1|-1|0|0

2026-05-17 11:32:24,198 INFO Task worker status: 
naming_0%16, pending tasks: 0
naming_1%16, pending tasks: 0
naming_2%16, pending tasks: 0
naming_3%16, pending tasks: 0
naming_4%16, pending tasks: 0
naming_5%16, pending tasks: 0
naming_6%16, pending tasks: 0
naming_7%16, pending tasks: 0
naming_8%16, pending tasks: 0
naming_9%16, pending tasks: 0
naming_10%16, pending tasks: 0
naming_11%16, pending tasks: 0
naming_12%16, pending tasks: 0
naming_13%16, pending tasks: 0
naming_14%16, pending tasks: 0
naming_15%16, pending tasks: 0


2026-05-17 11:32:24,198 INFO DISTRO:|0|0|0|

2026-05-17 11:33:24,201 INFO PERFORMANCE:|1|2|0|-1|-1|0|0

2026-05-17 11:33:24,201 INFO Task worker status: 
naming_0%16, pending tasks: 0
naming_1%16, pending tasks: 0
naming_2%16, pending tasks: 0
naming_3%16, pending tasks: 0
naming_4%16, pending tasks: 0
naming_5%16, pending tasks: 0
naming_6%16, pending tasks: 0
naming_7%16, pending tasks: 0
naming_8%16, pending tasks: 0
naming_9%16, pending tasks: 0
naming_10%16, pending tasks: 0
naming_11%16, pending tasks: 0
naming_12%16, pending tasks: 0
naming_13%16, pending tasks: 0
naming_14%16, pending tasks: 0
naming_15%16, pending tasks: 0


2026-05-17 11:33:24,201 INFO DISTRO:|0|0|0|

2026-05-17 11:34:24,206 INFO PERFORMANCE:|1|2|0|-1|-1|0|0

2026-05-17 11:34:24,206 INFO Task worker status: 
naming_0%16, pending tasks: 0
naming_1%16, pending tasks: 0
naming_2%16, pending tasks: 0
naming_3%16, pending tasks: 0
naming_4%16, pending tasks: 0
naming_5%16, pending tasks: 0
naming_6%16, pending tasks: 0
naming_7%16, pending tasks: 0
naming_8%16, pending tasks: 0
naming_9%16, pending tasks: 0
naming_10%16, pending tasks: 0
naming_11%16, pending tasks: 0
naming_12%16, pending tasks: 0
naming_13%16, pending tasks: 0
naming_14%16, pending tasks: 0
naming_15%16, pending tasks: 0


2026-05-17 11:34:24,206 INFO DISTRO:|0|0|0|

2026-05-17 11:35:24,214 INFO PERFORMANCE:|1|2|0|-1|-1|0|0

2026-05-17 11:35:24,214 INFO Task worker status: 
naming_0%16, pending tasks: 0
naming_1%16, pending tasks: 0
naming_2%16, pending tasks: 0
naming_3%16, pending tasks: 0
naming_4%16, pending tasks: 0
naming_5%16, pending tasks: 0
naming_6%16, pending tasks: 0
naming_7%16, pending tasks: 0
naming_8%16, pending tasks: 0
naming_9%16, pending tasks: 0
naming_10%16, pending tasks: 0
naming_11%16, pending tasks: 0
naming_12%16, pending tasks: 0
naming_13%16, pending tasks: 0
naming_14%16, pending tasks: 0
naming_15%16, pending tasks: 0


2026-05-17 11:35:24,214 INFO DISTRO:|0|0|0|

2026-05-17 11:36:24,237 INFO PERFORMANCE:|1|2|0|-1|-1|0|0

2026-05-17 11:36:24,238 INFO Task worker status: 
naming_0%16, pending tasks: 0
naming_1%16, pending tasks: 0
naming_2%16, pending tasks: 0
naming_3%16, pending tasks: 0
naming_4%16, pending tasks: 0
naming_5%16, pending tasks: 0
naming_6%16, pending tasks: 0
naming_7%16, pending tasks: 0
naming_8%16, pending tasks: 0
naming_9%16, pending tasks: 0
naming_10%16, pending tasks: 0
naming_11%16, pending tasks: 0
naming_12%16, pending tasks: 0
naming_13%16, pending tasks: 0
naming_14%16, pending tasks: 0
naming_15%16, pending tasks: 0


2026-05-17 11:36:24,238 INFO DISTRO:|0|0|0|

2026-05-17 11:37:24,252 INFO PERFORMANCE:|1|2|0|-1|-1|0|0

2026-05-17 11:37:24,252 INFO Task worker status: 
naming_0%16, pending tasks: 0
naming_1%16, pending tasks: 0
naming_2%16, pending tasks: 0
naming_3%16, pending tasks: 0
naming_4%16, pending tasks: 0
naming_5%16, pending tasks: 0
naming_6%16, pending tasks: 0
naming_7%16, pending tasks: 0
naming_8%16, pending tasks: 0
naming_9%16, pending tasks: 0
naming_10%16, pending tasks: 0
naming_11%16, pending tasks: 0
naming_12%16, pending tasks: 0
naming_13%16, pending tasks: 0
naming_14%16, pending tasks: 0
naming_15%16, pending tasks: 0


2026-05-17 11:37:24,252 INFO DISTRO:|0|0|0|

2026-05-17 11:38:24,261 INFO PERFORMANCE:|1|2|0|-1|-1|0|0

2026-05-17 11:38:24,262 INFO Task worker status: 
naming_0%16, pending tasks: 0
naming_1%16, pending tasks: 0
naming_2%16, pending tasks: 0
naming_3%16, pending tasks: 0
naming_4%16, pending tasks: 0
naming_5%16, pending tasks: 0
naming_6%16, pending tasks: 0
naming_7%16, pending tasks: 0
naming_8%16, pending tasks: 0
naming_9%16, pending tasks: 0
naming_10%16, pending tasks: 0
naming_11%16, pending tasks: 0
naming_12%16, pending tasks: 0
naming_13%16, pending tasks: 0
naming_14%16, pending tasks: 0
naming_15%16, pending tasks: 0


2026-05-17 11:38:24,262 INFO DISTRO:|0|0|0|

2026-05-17 11:39:24,278 INFO PERFORMANCE:|serviceCount|ipCount|subscribeCount|maxPushCost|avgPushCost|totalPushCount|failPushCount

2026-05-17 11:39:24,278 INFO DISTRO:|V1SyncDone|V1SyncFail|V2SyncDone|V2SyncFail|V2VerifyFail|

2026-05-17 11:39:24,278 INFO PERFORMANCE:|1|2|0|-1|-1|0|0

2026-05-17 11:39:24,278 INFO Task worker status: 
naming_0%16, pending tasks: 0
naming_1%16, pending tasks: 0
naming_2%16, pending tasks: 0
naming_3%16, pending tasks: 0
naming_4%16, pending tasks: 0
naming_5%16, pending tasks: 0
naming_6%16, pending tasks: 0
naming_7%16, pending tasks: 0
naming_8%16, pending tasks: 0
naming_9%16, pending tasks: 0
naming_10%16, pending tasks: 0
naming_11%16, pending tasks: 0
naming_12%16, pending tasks: 0
naming_13%16, pending tasks: 0
naming_14%16, pending tasks: 0
naming_15%16, pending tasks: 0


2026-05-17 11:39:24,278 INFO DISTRO:|0|0|0|

2026-05-17 11:40:24,293 INFO PERFORMANCE:|1|2|0|-1|-1|0|0

2026-05-17 11:40:24,293 INFO Task worker status: 
naming_0%16, pending tasks: 0
naming_1%16, pending tasks: 0
naming_2%16, pending tasks: 0
naming_3%16, pending tasks: 0
naming_4%16, pending tasks: 0
naming_5%16, pending tasks: 0
naming_6%16, pending tasks: 0
naming_7%16, pending tasks: 0
naming_8%16, pending tasks: 0
naming_9%16, pending tasks: 0
naming_10%16, pending tasks: 0
naming_11%16, pending tasks: 0
naming_12%16, pending tasks: 0
naming_13%16, pending tasks: 0
naming_14%16, pending tasks: 0
naming_15%16, pending tasks: 0


2026-05-17 11:40:24,293 INFO DISTRO:|0|0|0|

2026-05-17 11:41:24,298 INFO PERFORMANCE:|1|2|0|-1|-1|0|0

2026-05-17 11:41:24,298 INFO Task worker status: 
naming_0%16, pending tasks: 0
naming_1%16, pending tasks: 0
naming_2%16, pending tasks: 0
naming_3%16, pending tasks: 0
naming_4%16, pending tasks: 0
naming_5%16, pending tasks: 0
naming_6%16, pending tasks: 0
naming_7%16, pending tasks: 0
naming_8%16, pending tasks: 0
naming_9%16, pending tasks: 0
naming_10%16, pending tasks: 0
naming_11%16, pending tasks: 0
naming_12%16, pending tasks: 0
naming_13%16, pending tasks: 0
naming_14%16, pending tasks: 0
naming_15%16, pending tasks: 0


2026-05-17 11:41:24,298 INFO DISTRO:|0|0|0|

2026-05-17 11:42:24,307 INFO PERFORMANCE:|1|2|0|-1|-1|0|0

2026-05-17 11:42:24,307 INFO Task worker status: 
naming_0%16, pending tasks: 0
naming_1%16, pending tasks: 0
naming_2%16, pending tasks: 0
naming_3%16, pending tasks: 0
naming_4%16, pending tasks: 0
naming_5%16, pending tasks: 0
naming_6%16, pending tasks: 0
naming_7%16, pending tasks: 0
naming_8%16, pending tasks: 0
naming_9%16, pending tasks: 0
naming_10%16, pending tasks: 0
naming_11%16, pending tasks: 0
naming_12%16, pending tasks: 0
naming_13%16, pending tasks: 0
naming_14%16, pending tasks: 0
naming_15%16, pending tasks: 0


2026-05-17 11:42:24,307 INFO DISTRO:|0|0|0|

2026-05-17 11:43:24,323 INFO PERFORMANCE:|1|2|0|-1|-1|0|0

2026-05-17 11:43:24,323 INFO Task worker status: 
naming_0%16, pending tasks: 0
naming_1%16, pending tasks: 0
naming_2%16, pending tasks: 0
naming_3%16, pending tasks: 0
naming_4%16, pending tasks: 0
naming_5%16, pending tasks: 0
naming_6%16, pending tasks: 0
naming_7%16, pending tasks: 0
naming_8%16, pending tasks: 0
naming_9%16, pending tasks: 0
naming_10%16, pending tasks: 0
naming_11%16, pending tasks: 0
naming_12%16, pending tasks: 0
naming_13%16, pending tasks: 0
naming_14%16, pending tasks: 0
naming_15%16, pending tasks: 0


2026-05-17 11:43:24,323 INFO DISTRO:|0|0|0|

2026-05-17 11:44:24,325 INFO PERFORMANCE:|1|2|0|-1|-1|0|0

2026-05-17 11:44:24,325 INFO Task worker status: 
naming_0%16, pending tasks: 0
naming_1%16, pending tasks: 0
naming_2%16, pending tasks: 0
naming_3%16, pending tasks: 0
naming_4%16, pending tasks: 0
naming_5%16, pending tasks: 0
naming_6%16, pending tasks: 0
naming_7%16, pending tasks: 0
naming_8%16, pending tasks: 0
naming_9%16, pending tasks: 0
naming_10%16, pending tasks: 0
naming_11%16, pending tasks: 0
naming_12%16, pending tasks: 0
naming_13%16, pending tasks: 0
naming_14%16, pending tasks: 0
naming_15%16, pending tasks: 0


2026-05-17 11:44:24,325 INFO DISTRO:|0|0|0|

2026-05-17 11:45:24,329 INFO PERFORMANCE:|1|2|0|-1|-1|0|0

2026-05-17 11:45:24,329 INFO Task worker status: 
naming_0%16, pending tasks: 0
naming_1%16, pending tasks: 0
naming_2%16, pending tasks: 0
naming_3%16, pending tasks: 0
naming_4%16, pending tasks: 0
naming_5%16, pending tasks: 0
naming_6%16, pending tasks: 0
naming_7%16, pending tasks: 0
naming_8%16, pending tasks: 0
naming_9%16, pending tasks: 0
naming_10%16, pending tasks: 0
naming_11%16, pending tasks: 0
naming_12%16, pending tasks: 0
naming_13%16, pending tasks: 0
naming_14%16, pending tasks: 0
naming_15%16, pending tasks: 0


2026-05-17 11:45:24,329 INFO DISTRO:|0|0|0|

2026-05-17 11:46:24,345 INFO PERFORMANCE:|1|2|0|-1|-1|0|0

2026-05-17 11:46:24,345 INFO Task worker status: 
naming_0%16, pending tasks: 0
naming_1%16, pending tasks: 0
naming_2%16, pending tasks: 0
naming_3%16, pending tasks: 0
naming_4%16, pending tasks: 0
naming_5%16, pending tasks: 0
naming_6%16, pending tasks: 0
naming_7%16, pending tasks: 0
naming_8%16, pending tasks: 0
naming_9%16, pending tasks: 0
naming_10%16, pending tasks: 0
naming_11%16, pending tasks: 0
naming_12%16, pending tasks: 0
naming_13%16, pending tasks: 0
naming_14%16, pending tasks: 0
naming_15%16, pending tasks: 0


2026-05-17 11:46:24,346 INFO DISTRO:|0|0|0|

2026-05-17 11:47:24,360 INFO PERFORMANCE:|1|2|0|-1|-1|0|0

2026-05-17 11:47:24,360 INFO Task worker status: 
naming_0%16, pending tasks: 0
naming_1%16, pending tasks: 0
naming_2%16, pending tasks: 0
naming_3%16, pending tasks: 0
naming_4%16, pending tasks: 0
naming_5%16, pending tasks: 0
naming_6%16, pending tasks: 0
naming_7%16, pending tasks: 0
naming_8%16, pending tasks: 0
naming_9%16, pending tasks: 0
naming_10%16, pending tasks: 0
naming_11%16, pending tasks: 0
naming_12%16, pending tasks: 0
naming_13%16, pending tasks: 0
naming_14%16, pending tasks: 0
naming_15%16, pending tasks: 0


2026-05-17 11:47:24,360 INFO DISTRO:|0|0|0|

2026-05-17 11:48:24,362 INFO PERFORMANCE:|1|2|0|-1|-1|0|0

2026-05-17 11:48:24,362 INFO Task worker status: 
naming_0%16, pending tasks: 0
naming_1%16, pending tasks: 0
naming_2%16, pending tasks: 0
naming_3%16, pending tasks: 0
naming_4%16, pending tasks: 0
naming_5%16, pending tasks: 0
naming_6%16, pending tasks: 0
naming_7%16, pending tasks: 0
naming_8%16, pending tasks: 0
naming_9%16, pending tasks: 0
naming_10%16, pending tasks: 0
naming_11%16, pending tasks: 0
naming_12%16, pending tasks: 0
naming_13%16, pending tasks: 0
naming_14%16, pending tasks: 0
naming_15%16, pending tasks: 0


2026-05-17 11:48:24,362 INFO DISTRO:|0|0|0|

2026-05-17 11:49:24,377 INFO PERFORMANCE:|serviceCount|ipCount|subscribeCount|maxPushCost|avgPushCost|totalPushCount|failPushCount

2026-05-17 11:49:24,377 INFO DISTRO:|V1SyncDone|V1SyncFail|V2SyncDone|V2SyncFail|V2VerifyFail|

2026-05-17 11:49:24,377 INFO PERFORMANCE:|1|2|0|-1|-1|0|0

2026-05-17 11:49:24,377 INFO Task worker status: 
naming_0%16, pending tasks: 0
naming_1%16, pending tasks: 0
naming_2%16, pending tasks: 0
naming_3%16, pending tasks: 0
naming_4%16, pending tasks: 0
naming_5%16, pending tasks: 0
naming_6%16, pending tasks: 0
naming_7%16, pending tasks: 0
naming_8%16, pending tasks: 0
naming_9%16, pending tasks: 0
naming_10%16, pending tasks: 0
naming_11%16, pending tasks: 0
naming_12%16, pending tasks: 0
naming_13%16, pending tasks: 0
naming_14%16, pending tasks: 0
naming_15%16, pending tasks: 0


2026-05-17 11:49:24,377 INFO DISTRO:|0|0|0|

2026-05-17 11:50:24,389 INFO PERFORMANCE:|1|2|0|-1|-1|0|0

2026-05-17 11:50:24,389 INFO Task worker status: 
naming_0%16, pending tasks: 0
naming_1%16, pending tasks: 0
naming_2%16, pending tasks: 0
naming_3%16, pending tasks: 0
naming_4%16, pending tasks: 0
naming_5%16, pending tasks: 0
naming_6%16, pending tasks: 0
naming_7%16, pending tasks: 0
naming_8%16, pending tasks: 0
naming_9%16, pending tasks: 0
naming_10%16, pending tasks: 0
naming_11%16, pending tasks: 0
naming_12%16, pending tasks: 0
naming_13%16, pending tasks: 0
naming_14%16, pending tasks: 0
naming_15%16, pending tasks: 0


2026-05-17 11:50:24,389 INFO DISTRO:|0|0|0|

2026-05-17 11:51:24,403 INFO PERFORMANCE:|1|2|0|-1|-1|0|0

2026-05-17 11:51:24,403 INFO Task worker status: 
naming_0%16, pending tasks: 0
naming_1%16, pending tasks: 0
naming_2%16, pending tasks: 0
naming_3%16, pending tasks: 0
naming_4%16, pending tasks: 0
naming_5%16, pending tasks: 0
naming_6%16, pending tasks: 0
naming_7%16, pending tasks: 0
naming_8%16, pending tasks: 0
naming_9%16, pending tasks: 0
naming_10%16, pending tasks: 0
naming_11%16, pending tasks: 0
naming_12%16, pending tasks: 0
naming_13%16, pending tasks: 0
naming_14%16, pending tasks: 0
naming_15%16, pending tasks: 0


2026-05-17 11:51:24,403 INFO DISTRO:|0|0|0|

2026-05-17 11:52:24,417 INFO PERFORMANCE:|1|2|0|-1|-1|0|0

2026-05-17 11:52:24,417 INFO Task worker status: 
naming_0%16, pending tasks: 0
naming_1%16, pending tasks: 0
naming_2%16, pending tasks: 0
naming_3%16, pending tasks: 0
naming_4%16, pending tasks: 0
naming_5%16, pending tasks: 0
naming_6%16, pending tasks: 0
naming_7%16, pending tasks: 0
naming_8%16, pending tasks: 0
naming_9%16, pending tasks: 0
naming_10%16, pending tasks: 0
naming_11%16, pending tasks: 0
naming_12%16, pending tasks: 0
naming_13%16, pending tasks: 0
naming_14%16, pending tasks: 0
naming_15%16, pending tasks: 0


2026-05-17 11:52:24,417 INFO DISTRO:|0|0|0|

2026-05-17 11:53:24,420 INFO PERFORMANCE:|1|2|0|-1|-1|0|0

2026-05-17 11:53:24,420 INFO Task worker status: 
naming_0%16, pending tasks: 0
naming_1%16, pending tasks: 0
naming_2%16, pending tasks: 0
naming_3%16, pending tasks: 0
naming_4%16, pending tasks: 0
naming_5%16, pending tasks: 0
naming_6%16, pending tasks: 0
naming_7%16, pending tasks: 0
naming_8%16, pending tasks: 0
naming_9%16, pending tasks: 0
naming_10%16, pending tasks: 0
naming_11%16, pending tasks: 0
naming_12%16, pending tasks: 0
naming_13%16, pending tasks: 0
naming_14%16, pending tasks: 0
naming_15%16, pending tasks: 0


2026-05-17 11:53:24,420 INFO DISTRO:|0|0|0|

2026-05-17 11:54:24,421 INFO PERFORMANCE:|1|2|0|-1|-1|0|0

2026-05-17 11:54:24,421 INFO Task worker status: 
naming_0%16, pending tasks: 0
naming_1%16, pending tasks: 0
naming_2%16, pending tasks: 0
naming_3%16, pending tasks: 0
naming_4%16, pending tasks: 0
naming_5%16, pending tasks: 0
naming_6%16, pending tasks: 0
naming_7%16, pending tasks: 0
naming_8%16, pending tasks: 0
naming_9%16, pending tasks: 0
naming_10%16, pending tasks: 0
naming_11%16, pending tasks: 0
naming_12%16, pending tasks: 0
naming_13%16, pending tasks: 0
naming_14%16, pending tasks: 0
naming_15%16, pending tasks: 0


2026-05-17 11:54:24,421 INFO DISTRO:|0|0|0|

2026-05-17 11:55:24,435 INFO PERFORMANCE:|1|2|0|-1|-1|0|0

2026-05-17 11:55:24,435 INFO Task worker status: 
naming_0%16, pending tasks: 0
naming_1%16, pending tasks: 0
naming_2%16, pending tasks: 0
naming_3%16, pending tasks: 0
naming_4%16, pending tasks: 0
naming_5%16, pending tasks: 0
naming_6%16, pending tasks: 0
naming_7%16, pending tasks: 0
naming_8%16, pending tasks: 0
naming_9%16, pending tasks: 0
naming_10%16, pending tasks: 0
naming_11%16, pending tasks: 0
naming_12%16, pending tasks: 0
naming_13%16, pending tasks: 0
naming_14%16, pending tasks: 0
naming_15%16, pending tasks: 0


2026-05-17 11:55:24,435 INFO DISTRO:|0|0|0|

2026-05-17 11:56:24,438 INFO PERFORMANCE:|1|2|0|-1|-1|0|0

2026-05-17 11:56:24,438 INFO Task worker status: 
naming_0%16, pending tasks: 0
naming_1%16, pending tasks: 0
naming_2%16, pending tasks: 0
naming_3%16, pending tasks: 0
naming_4%16, pending tasks: 0
naming_5%16, pending tasks: 0
naming_6%16, pending tasks: 0
naming_7%16, pending tasks: 0
naming_8%16, pending tasks: 0
naming_9%16, pending tasks: 0
naming_10%16, pending tasks: 0
naming_11%16, pending tasks: 0
naming_12%16, pending tasks: 0
naming_13%16, pending tasks: 0
naming_14%16, pending tasks: 0
naming_15%16, pending tasks: 0


2026-05-17 11:56:24,438 INFO DISTRO:|0|0|0|

2026-05-17 11:57:24,441 INFO PERFORMANCE:|1|2|0|-1|-1|0|0

2026-05-17 11:57:24,441 INFO Task worker status: 
naming_0%16, pending tasks: 0
naming_1%16, pending tasks: 0
naming_2%16, pending tasks: 0
naming_3%16, pending tasks: 0
naming_4%16, pending tasks: 0
naming_5%16, pending tasks: 0
naming_6%16, pending tasks: 0
naming_7%16, pending tasks: 0
naming_8%16, pending tasks: 0
naming_9%16, pending tasks: 0
naming_10%16, pending tasks: 0
naming_11%16, pending tasks: 0
naming_12%16, pending tasks: 0
naming_13%16, pending tasks: 0
naming_14%16, pending tasks: 0
naming_15%16, pending tasks: 0


2026-05-17 11:57:24,441 INFO DISTRO:|0|0|0|

2026-05-17 11:58:24,449 INFO PERFORMANCE:|1|2|0|-1|-1|0|0

2026-05-17 11:58:24,449 INFO Task worker status: 
naming_0%16, pending tasks: 0
naming_1%16, pending tasks: 0
naming_2%16, pending tasks: 0
naming_3%16, pending tasks: 0
naming_4%16, pending tasks: 0
naming_5%16, pending tasks: 0
naming_6%16, pending tasks: 0
naming_7%16, pending tasks: 0
naming_8%16, pending tasks: 0
naming_9%16, pending tasks: 0
naming_10%16, pending tasks: 0
naming_11%16, pending tasks: 0
naming_12%16, pending tasks: 0
naming_13%16, pending tasks: 0
naming_14%16, pending tasks: 0
naming_15%16, pending tasks: 0


2026-05-17 11:58:24,449 INFO DISTRO:|0|0|0|

2026-05-17 11:59:24,460 INFO PERFORMANCE:|serviceCount|ipCount|subscribeCount|maxPushCost|avgPushCost|totalPushCount|failPushCount

2026-05-17 11:59:24,460 INFO DISTRO:|V1SyncDone|V1SyncFail|V2SyncDone|V2SyncFail|V2VerifyFail|

2026-05-17 11:59:24,460 INFO PERFORMANCE:|1|2|0|-1|-1|0|0

2026-05-17 11:59:24,460 INFO Task worker status: 
naming_0%16, pending tasks: 0
naming_1%16, pending tasks: 0
naming_2%16, pending tasks: 0
naming_3%16, pending tasks: 0
naming_4%16, pending tasks: 0
naming_5%16, pending tasks: 0
naming_6%16, pending tasks: 0
naming_7%16, pending tasks: 0
naming_8%16, pending tasks: 0
naming_9%16, pending tasks: 0
naming_10%16, pending tasks: 0
naming_11%16, pending tasks: 0
naming_12%16, pending tasks: 0
naming_13%16, pending tasks: 0
naming_14%16, pending tasks: 0
naming_15%16, pending tasks: 0


2026-05-17 11:59:24,460 INFO DISTRO:|0|0|0|

2026-05-17 12:00:24,473 INFO PERFORMANCE:|1|2|0|-1|-1|0|0

2026-05-17 12:00:24,473 INFO Task worker status: 
naming_0%16, pending tasks: 0
naming_1%16, pending tasks: 0
naming_2%16, pending tasks: 0
naming_3%16, pending tasks: 0
naming_4%16, pending tasks: 0
naming_5%16, pending tasks: 0
naming_6%16, pending tasks: 0
naming_7%16, pending tasks: 0
naming_8%16, pending tasks: 0
naming_9%16, pending tasks: 0
naming_10%16, pending tasks: 0
naming_11%16, pending tasks: 0
naming_12%16, pending tasks: 0
naming_13%16, pending tasks: 0
naming_14%16, pending tasks: 0
naming_15%16, pending tasks: 0


2026-05-17 12:00:24,473 INFO DISTRO:|0|0|0|

2026-05-17 12:01:24,489 INFO PERFORMANCE:|1|2|0|-1|-1|0|0

2026-05-17 12:01:24,489 INFO Task worker status: 
naming_0%16, pending tasks: 0
naming_1%16, pending tasks: 0
naming_2%16, pending tasks: 0
naming_3%16, pending tasks: 0
naming_4%16, pending tasks: 0
naming_5%16, pending tasks: 0
naming_6%16, pending tasks: 0
naming_7%16, pending tasks: 0
naming_8%16, pending tasks: 0
naming_9%16, pending tasks: 0
naming_10%16, pending tasks: 0
naming_11%16, pending tasks: 0
naming_12%16, pending tasks: 0
naming_13%16, pending tasks: 0
naming_14%16, pending tasks: 0
naming_15%16, pending tasks: 0


2026-05-17 12:01:24,489 INFO DISTRO:|0|0|0|

2026-05-17 12:02:24,499 INFO PERFORMANCE:|1|2|0|-1|-1|0|0

2026-05-17 12:02:24,499 INFO Task worker status: 
naming_0%16, pending tasks: 0
naming_1%16, pending tasks: 0
naming_2%16, pending tasks: 0
naming_3%16, pending tasks: 0
naming_4%16, pending tasks: 0
naming_5%16, pending tasks: 0
naming_6%16, pending tasks: 0
naming_7%16, pending tasks: 0
naming_8%16, pending tasks: 0
naming_9%16, pending tasks: 0
naming_10%16, pending tasks: 0
naming_11%16, pending tasks: 0
naming_12%16, pending tasks: 0
naming_13%16, pending tasks: 0
naming_14%16, pending tasks: 0
naming_15%16, pending tasks: 0


2026-05-17 12:02:24,499 INFO DISTRO:|0|0|0|

2026-05-17 12:03:24,511 INFO PERFORMANCE:|1|2|0|-1|-1|0|0

2026-05-17 12:03:24,511 INFO Task worker status: 
naming_0%16, pending tasks: 0
naming_1%16, pending tasks: 0
naming_2%16, pending tasks: 0
naming_3%16, pending tasks: 0
naming_4%16, pending tasks: 0
naming_5%16, pending tasks: 0
naming_6%16, pending tasks: 0
naming_7%16, pending tasks: 0
naming_8%16, pending tasks: 0
naming_9%16, pending tasks: 0
naming_10%16, pending tasks: 0
naming_11%16, pending tasks: 0
naming_12%16, pending tasks: 0
naming_13%16, pending tasks: 0
naming_14%16, pending tasks: 0
naming_15%16, pending tasks: 0


2026-05-17 12:03:24,511 INFO DISTRO:|0|0|0|

2026-05-17 12:04:24,516 INFO PERFORMANCE:|1|2|0|-1|-1|0|0

2026-05-17 12:04:24,516 INFO Task worker status: 
naming_0%16, pending tasks: 0
naming_1%16, pending tasks: 0
naming_2%16, pending tasks: 0
naming_3%16, pending tasks: 0
naming_4%16, pending tasks: 0
naming_5%16, pending tasks: 0
naming_6%16, pending tasks: 0
naming_7%16, pending tasks: 0
naming_8%16, pending tasks: 0
naming_9%16, pending tasks: 0
naming_10%16, pending tasks: 0
naming_11%16, pending tasks: 0
naming_12%16, pending tasks: 0
naming_13%16, pending tasks: 0
naming_14%16, pending tasks: 0
naming_15%16, pending tasks: 0


2026-05-17 12:04:24,516 INFO DISTRO:|0|0|0|

2026-05-17 12:05:24,523 INFO PERFORMANCE:|1|2|0|-1|-1|0|0

2026-05-17 12:05:24,523 INFO Task worker status: 
naming_0%16, pending tasks: 0
naming_1%16, pending tasks: 0
naming_2%16, pending tasks: 0
naming_3%16, pending tasks: 0
naming_4%16, pending tasks: 0
naming_5%16, pending tasks: 0
naming_6%16, pending tasks: 0
naming_7%16, pending tasks: 0
naming_8%16, pending tasks: 0
naming_9%16, pending tasks: 0
naming_10%16, pending tasks: 0
naming_11%16, pending tasks: 0
naming_12%16, pending tasks: 0
naming_13%16, pending tasks: 0
naming_14%16, pending tasks: 0
naming_15%16, pending tasks: 0


2026-05-17 12:05:24,523 INFO DISTRO:|0|0|0|

2026-05-17 12:06:24,538 INFO PERFORMANCE:|1|2|0|-1|-1|0|0

2026-05-17 12:06:24,538 INFO Task worker status: 
naming_0%16, pending tasks: 0
naming_1%16, pending tasks: 0
naming_2%16, pending tasks: 0
naming_3%16, pending tasks: 0
naming_4%16, pending tasks: 0
naming_5%16, pending tasks: 0
naming_6%16, pending tasks: 0
naming_7%16, pending tasks: 0
naming_8%16, pending tasks: 0
naming_9%16, pending tasks: 0
naming_10%16, pending tasks: 0
naming_11%16, pending tasks: 0
naming_12%16, pending tasks: 0
naming_13%16, pending tasks: 0
naming_14%16, pending tasks: 0
naming_15%16, pending tasks: 0


2026-05-17 12:06:24,538 INFO DISTRO:|0|0|0|

2026-05-17 12:07:24,546 INFO PERFORMANCE:|1|2|0|-1|-1|0|0

2026-05-17 12:07:24,546 INFO Task worker status: 
naming_0%16, pending tasks: 0
naming_1%16, pending tasks: 0
naming_2%16, pending tasks: 0
naming_3%16, pending tasks: 0
naming_4%16, pending tasks: 0
naming_5%16, pending tasks: 0
naming_6%16, pending tasks: 0
naming_7%16, pending tasks: 0
naming_8%16, pending tasks: 0
naming_9%16, pending tasks: 0
naming_10%16, pending tasks: 0
naming_11%16, pending tasks: 0
naming_12%16, pending tasks: 0
naming_13%16, pending tasks: 0
naming_14%16, pending tasks: 0
naming_15%16, pending tasks: 0


2026-05-17 12:07:24,546 INFO DISTRO:|0|0|0|

2026-05-17 12:08:24,559 INFO PERFORMANCE:|1|2|0|-1|-1|0|0

2026-05-17 12:08:24,559 INFO Task worker status: 
naming_0%16, pending tasks: 0
naming_1%16, pending tasks: 0
naming_2%16, pending tasks: 0
naming_3%16, pending tasks: 0
naming_4%16, pending tasks: 0
naming_5%16, pending tasks: 0
naming_6%16, pending tasks: 0
naming_7%16, pending tasks: 0
naming_8%16, pending tasks: 0
naming_9%16, pending tasks: 0
naming_10%16, pending tasks: 0
naming_11%16, pending tasks: 0
naming_12%16, pending tasks: 0
naming_13%16, pending tasks: 0
naming_14%16, pending tasks: 0
naming_15%16, pending tasks: 0


2026-05-17 12:08:24,559 INFO DISTRO:|0|0|0|

2026-05-17 12:09:24,562 INFO PERFORMANCE:|serviceCount|ipCount|subscribeCount|maxPushCost|avgPushCost|totalPushCount|failPushCount

2026-05-17 12:09:24,562 INFO DISTRO:|V1SyncDone|V1SyncFail|V2SyncDone|V2SyncFail|V2VerifyFail|

2026-05-17 12:09:24,562 INFO PERFORMANCE:|1|2|0|-1|-1|0|0

2026-05-17 12:09:24,562 INFO Task worker status: 
naming_0%16, pending tasks: 0
naming_1%16, pending tasks: 0
naming_2%16, pending tasks: 0
naming_3%16, pending tasks: 0
naming_4%16, pending tasks: 0
naming_5%16, pending tasks: 0
naming_6%16, pending tasks: 0
naming_7%16, pending tasks: 0
naming_8%16, pending tasks: 0
naming_9%16, pending tasks: 0
naming_10%16, pending tasks: 0
naming_11%16, pending tasks: 0
naming_12%16, pending tasks: 0
naming_13%16, pending tasks: 0
naming_14%16, pending tasks: 0
naming_15%16, pending tasks: 0


2026-05-17 12:09:24,562 INFO DISTRO:|0|0|0|

2026-05-17 12:10:24,565 INFO PERFORMANCE:|1|2|0|-1|-1|0|0

2026-05-17 12:10:24,565 INFO Task worker status: 
naming_0%16, pending tasks: 0
naming_1%16, pending tasks: 0
naming_2%16, pending tasks: 0
naming_3%16, pending tasks: 0
naming_4%16, pending tasks: 0
naming_5%16, pending tasks: 0
naming_6%16, pending tasks: 0
naming_7%16, pending tasks: 0
naming_8%16, pending tasks: 0
naming_9%16, pending tasks: 0
naming_10%16, pending tasks: 0
naming_11%16, pending tasks: 0
naming_12%16, pending tasks: 0
naming_13%16, pending tasks: 0
naming_14%16, pending tasks: 0
naming_15%16, pending tasks: 0


2026-05-17 12:10:24,565 INFO DISTRO:|0|0|0|

2026-05-17 12:11:24,574 INFO PERFORMANCE:|1|2|0|-1|-1|0|0

2026-05-17 12:11:24,574 INFO Task worker status: 
naming_0%16, pending tasks: 0
naming_1%16, pending tasks: 0
naming_2%16, pending tasks: 0
naming_3%16, pending tasks: 0
naming_4%16, pending tasks: 0
naming_5%16, pending tasks: 0
naming_6%16, pending tasks: 0
naming_7%16, pending tasks: 0
naming_8%16, pending tasks: 0
naming_9%16, pending tasks: 0
naming_10%16, pending tasks: 0
naming_11%16, pending tasks: 0
naming_12%16, pending tasks: 0
naming_13%16, pending tasks: 0
naming_14%16, pending tasks: 0
naming_15%16, pending tasks: 0


2026-05-17 12:11:24,574 INFO DISTRO:|0|0|0|

2026-05-17 12:12:24,582 INFO PERFORMANCE:|1|2|0|-1|-1|0|0

2026-05-17 12:12:24,582 INFO Task worker status: 
naming_0%16, pending tasks: 0
naming_1%16, pending tasks: 0
naming_2%16, pending tasks: 0
naming_3%16, pending tasks: 0
naming_4%16, pending tasks: 0
naming_5%16, pending tasks: 0
naming_6%16, pending tasks: 0
naming_7%16, pending tasks: 0
naming_8%16, pending tasks: 0
naming_9%16, pending tasks: 0
naming_10%16, pending tasks: 0
naming_11%16, pending tasks: 0
naming_12%16, pending tasks: 0
naming_13%16, pending tasks: 0
naming_14%16, pending tasks: 0
naming_15%16, pending tasks: 0


2026-05-17 12:12:24,582 INFO DISTRO:|0|0|0|

2026-05-17 12:13:24,595 INFO PERFORMANCE:|1|2|0|-1|-1|0|0

2026-05-17 12:13:24,595 INFO Task worker status: 
naming_0%16, pending tasks: 0
naming_1%16, pending tasks: 0
naming_2%16, pending tasks: 0
naming_3%16, pending tasks: 0
naming_4%16, pending tasks: 0
naming_5%16, pending tasks: 0
naming_6%16, pending tasks: 0
naming_7%16, pending tasks: 0
naming_8%16, pending tasks: 0
naming_9%16, pending tasks: 0
naming_10%16, pending tasks: 0
naming_11%16, pending tasks: 0
naming_12%16, pending tasks: 0
naming_13%16, pending tasks: 0
naming_14%16, pending tasks: 0
naming_15%16, pending tasks: 0


2026-05-17 12:13:24,595 INFO DISTRO:|0|0|0|

2026-05-17 12:14:24,606 INFO PERFORMANCE:|1|2|0|-1|-1|0|0

2026-05-17 12:14:24,606 INFO Task worker status: 
naming_0%16, pending tasks: 0
naming_1%16, pending tasks: 0
naming_2%16, pending tasks: 0
naming_3%16, pending tasks: 0
naming_4%16, pending tasks: 0
naming_5%16, pending tasks: 0
naming_6%16, pending tasks: 0
naming_7%16, pending tasks: 0
naming_8%16, pending tasks: 0
naming_9%16, pending tasks: 0
naming_10%16, pending tasks: 0
naming_11%16, pending tasks: 0
naming_12%16, pending tasks: 0
naming_13%16, pending tasks: 0
naming_14%16, pending tasks: 0
naming_15%16, pending tasks: 0


2026-05-17 12:14:24,606 INFO DISTRO:|0|0|0|

2026-05-17 12:15:24,618 INFO PERFORMANCE:|1|2|0|-1|-1|0|0

2026-05-17 12:15:24,619 INFO Task worker status: 
naming_0%16, pending tasks: 0
naming_1%16, pending tasks: 0
naming_2%16, pending tasks: 0
naming_3%16, pending tasks: 0
naming_4%16, pending tasks: 0
naming_5%16, pending tasks: 0
naming_6%16, pending tasks: 0
naming_7%16, pending tasks: 0
naming_8%16, pending tasks: 0
naming_9%16, pending tasks: 0
naming_10%16, pending tasks: 0
naming_11%16, pending tasks: 0
naming_12%16, pending tasks: 0
naming_13%16, pending tasks: 0
naming_14%16, pending tasks: 0
naming_15%16, pending tasks: 0


2026-05-17 12:15:24,619 INFO DISTRO:|0|0|0|

2026-05-17 12:16:24,635 INFO PERFORMANCE:|1|2|0|-1|-1|0|0

2026-05-17 12:16:24,635 INFO Task worker status: 
naming_0%16, pending tasks: 0
naming_1%16, pending tasks: 0
naming_2%16, pending tasks: 0
naming_3%16, pending tasks: 0
naming_4%16, pending tasks: 0
naming_5%16, pending tasks: 0
naming_6%16, pending tasks: 0
naming_7%16, pending tasks: 0
naming_8%16, pending tasks: 0
naming_9%16, pending tasks: 0
naming_10%16, pending tasks: 0
naming_11%16, pending tasks: 0
naming_12%16, pending tasks: 0
naming_13%16, pending tasks: 0
naming_14%16, pending tasks: 0
naming_15%16, pending tasks: 0


2026-05-17 12:16:24,635 INFO DISTRO:|0|0|0|

2026-05-17 12:17:24,650 INFO PERFORMANCE:|1|2|0|-1|-1|0|0

2026-05-17 12:17:24,651 INFO Task worker status: 
naming_0%16, pending tasks: 0
naming_1%16, pending tasks: 0
naming_2%16, pending tasks: 0
naming_3%16, pending tasks: 0
naming_4%16, pending tasks: 0
naming_5%16, pending tasks: 0
naming_6%16, pending tasks: 0
naming_7%16, pending tasks: 0
naming_8%16, pending tasks: 0
naming_9%16, pending tasks: 0
naming_10%16, pending tasks: 0
naming_11%16, pending tasks: 0
naming_12%16, pending tasks: 0
naming_13%16, pending tasks: 0
naming_14%16, pending tasks: 0
naming_15%16, pending tasks: 0


2026-05-17 12:17:24,651 INFO DISTRO:|0|0|0|

2026-05-17 12:18:24,652 INFO PERFORMANCE:|1|2|0|-1|-1|0|0

2026-05-17 12:18:24,652 INFO Task worker status: 
naming_0%16, pending tasks: 0
naming_1%16, pending tasks: 0
naming_2%16, pending tasks: 0
naming_3%16, pending tasks: 0
naming_4%16, pending tasks: 0
naming_5%16, pending tasks: 0
naming_6%16, pending tasks: 0
naming_7%16, pending tasks: 0
naming_8%16, pending tasks: 0
naming_9%16, pending tasks: 0
naming_10%16, pending tasks: 0
naming_11%16, pending tasks: 0
naming_12%16, pending tasks: 0
naming_13%16, pending tasks: 0
naming_14%16, pending tasks: 0
naming_15%16, pending tasks: 0


2026-05-17 12:18:24,652 INFO DISTRO:|0|0|0|

2026-05-17 12:19:24,653 INFO PERFORMANCE:|serviceCount|ipCount|subscribeCount|maxPushCost|avgPushCost|totalPushCount|failPushCount

2026-05-17 12:19:24,653 INFO DISTRO:|V1SyncDone|V1SyncFail|V2SyncDone|V2SyncFail|V2VerifyFail|

2026-05-17 12:19:24,653 INFO PERFORMANCE:|1|2|0|-1|-1|0|0

2026-05-17 12:19:24,653 INFO Task worker status: 
naming_0%16, pending tasks: 0
naming_1%16, pending tasks: 0
naming_2%16, pending tasks: 0
naming_3%16, pending tasks: 0
naming_4%16, pending tasks: 0
naming_5%16, pending tasks: 0
naming_6%16, pending tasks: 0
naming_7%16, pending tasks: 0
naming_8%16, pending tasks: 0
naming_9%16, pending tasks: 0
naming_10%16, pending tasks: 0
naming_11%16, pending tasks: 0
naming_12%16, pending tasks: 0
naming_13%16, pending tasks: 0
naming_14%16, pending tasks: 0
naming_15%16, pending tasks: 0


2026-05-17 12:19:24,653 INFO DISTRO:|0|0|0|

2026-05-17 12:20:24,658 INFO PERFORMANCE:|1|2|0|-1|-1|0|0

2026-05-17 12:20:24,658 INFO Task worker status: 
naming_0%16, pending tasks: 0
naming_1%16, pending tasks: 0
naming_2%16, pending tasks: 0
naming_3%16, pending tasks: 0
naming_4%16, pending tasks: 0
naming_5%16, pending tasks: 0
naming_6%16, pending tasks: 0
naming_7%16, pending tasks: 0
naming_8%16, pending tasks: 0
naming_9%16, pending tasks: 0
naming_10%16, pending tasks: 0
naming_11%16, pending tasks: 0
naming_12%16, pending tasks: 0
naming_13%16, pending tasks: 0
naming_14%16, pending tasks: 0
naming_15%16, pending tasks: 0


2026-05-17 12:20:24,658 INFO DISTRO:|0|0|0|

2026-05-17 12:21:24,666 INFO PERFORMANCE:|1|2|0|-1|-1|0|0

2026-05-17 12:21:24,666 INFO Task worker status: 
naming_0%16, pending tasks: 0
naming_1%16, pending tasks: 0
naming_2%16, pending tasks: 0
naming_3%16, pending tasks: 0
naming_4%16, pending tasks: 0
naming_5%16, pending tasks: 0
naming_6%16, pending tasks: 0
naming_7%16, pending tasks: 0
naming_8%16, pending tasks: 0
naming_9%16, pending tasks: 0
naming_10%16, pending tasks: 0
naming_11%16, pending tasks: 0
naming_12%16, pending tasks: 0
naming_13%16, pending tasks: 0
naming_14%16, pending tasks: 0
naming_15%16, pending tasks: 0


2026-05-17 12:21:24,666 INFO DISTRO:|0|0|0|

2026-05-17 12:22:24,675 INFO PERFORMANCE:|1|2|0|-1|-1|0|0

2026-05-17 12:22:24,675 INFO Task worker status: 
naming_0%16, pending tasks: 0
naming_1%16, pending tasks: 0
naming_2%16, pending tasks: 0
naming_3%16, pending tasks: 0
naming_4%16, pending tasks: 0
naming_5%16, pending tasks: 0
naming_6%16, pending tasks: 0
naming_7%16, pending tasks: 0
naming_8%16, pending tasks: 0
naming_9%16, pending tasks: 0
naming_10%16, pending tasks: 0
naming_11%16, pending tasks: 0
naming_12%16, pending tasks: 0
naming_13%16, pending tasks: 0
naming_14%16, pending tasks: 0
naming_15%16, pending tasks: 0


2026-05-17 12:22:24,675 INFO DISTRO:|0|0|0|

2026-05-17 12:23:24,684 INFO PERFORMANCE:|1|2|0|-1|-1|0|0

2026-05-17 12:23:24,684 INFO Task worker status: 
naming_0%16, pending tasks: 0
naming_1%16, pending tasks: 0
naming_2%16, pending tasks: 0
naming_3%16, pending tasks: 0
naming_4%16, pending tasks: 0
naming_5%16, pending tasks: 0
naming_6%16, pending tasks: 0
naming_7%16, pending tasks: 0
naming_8%16, pending tasks: 0
naming_9%16, pending tasks: 0
naming_10%16, pending tasks: 0
naming_11%16, pending tasks: 0
naming_12%16, pending tasks: 0
naming_13%16, pending tasks: 0
naming_14%16, pending tasks: 0
naming_15%16, pending tasks: 0


2026-05-17 12:23:24,684 INFO DISTRO:|0|0|0|

2026-05-17 12:24:24,698 INFO PERFORMANCE:|1|2|0|-1|-1|0|0

2026-05-17 12:24:24,698 INFO Task worker status: 
naming_0%16, pending tasks: 0
naming_1%16, pending tasks: 0
naming_2%16, pending tasks: 0
naming_3%16, pending tasks: 0
naming_4%16, pending tasks: 0
naming_5%16, pending tasks: 0
naming_6%16, pending tasks: 0
naming_7%16, pending tasks: 0
naming_8%16, pending tasks: 0
naming_9%16, pending tasks: 0
naming_10%16, pending tasks: 0
naming_11%16, pending tasks: 0
naming_12%16, pending tasks: 0
naming_13%16, pending tasks: 0
naming_14%16, pending tasks: 0
naming_15%16, pending tasks: 0


2026-05-17 12:24:24,698 INFO DISTRO:|0|0|0|

2026-05-17 12:25:24,712 INFO PERFORMANCE:|1|2|0|-1|-1|0|0

2026-05-17 12:25:24,712 INFO Task worker status: 
naming_0%16, pending tasks: 0
naming_1%16, pending tasks: 0
naming_2%16, pending tasks: 0
naming_3%16, pending tasks: 0
naming_4%16, pending tasks: 0
naming_5%16, pending tasks: 0
naming_6%16, pending tasks: 0
naming_7%16, pending tasks: 0
naming_8%16, pending tasks: 0
naming_9%16, pending tasks: 0
naming_10%16, pending tasks: 0
naming_11%16, pending tasks: 0
naming_12%16, pending tasks: 0
naming_13%16, pending tasks: 0
naming_14%16, pending tasks: 0
naming_15%16, pending tasks: 0


2026-05-17 12:25:24,712 INFO DISTRO:|0|0|0|

2026-05-17 12:26:24,719 INFO PERFORMANCE:|1|2|0|-1|-1|0|0

2026-05-17 12:26:24,719 INFO Task worker status: 
naming_0%16, pending tasks: 0
naming_1%16, pending tasks: 0
naming_2%16, pending tasks: 0
naming_3%16, pending tasks: 0
naming_4%16, pending tasks: 0
naming_5%16, pending tasks: 0
naming_6%16, pending tasks: 0
naming_7%16, pending tasks: 0
naming_8%16, pending tasks: 0
naming_9%16, pending tasks: 0
naming_10%16, pending tasks: 0
naming_11%16, pending tasks: 0
naming_12%16, pending tasks: 0
naming_13%16, pending tasks: 0
naming_14%16, pending tasks: 0
naming_15%16, pending tasks: 0


2026-05-17 12:26:24,719 INFO DISTRO:|0|0|0|

2026-05-17 12:27:24,731 INFO PERFORMANCE:|1|2|0|-1|-1|0|0

2026-05-17 12:27:24,731 INFO Task worker status: 
naming_0%16, pending tasks: 0
naming_1%16, pending tasks: 0
naming_2%16, pending tasks: 0
naming_3%16, pending tasks: 0
naming_4%16, pending tasks: 0
naming_5%16, pending tasks: 0
naming_6%16, pending tasks: 0
naming_7%16, pending tasks: 0
naming_8%16, pending tasks: 0
naming_9%16, pending tasks: 0
naming_10%16, pending tasks: 0
naming_11%16, pending tasks: 0
naming_12%16, pending tasks: 0
naming_13%16, pending tasks: 0
naming_14%16, pending tasks: 0
naming_15%16, pending tasks: 0


2026-05-17 12:27:24,731 INFO DISTRO:|0|0|0|

2026-05-17 12:28:24,733 INFO PERFORMANCE:|1|2|0|-1|-1|0|0

2026-05-17 12:28:24,733 INFO Task worker status: 
naming_0%16, pending tasks: 0
naming_1%16, pending tasks: 0
naming_2%16, pending tasks: 0
naming_3%16, pending tasks: 0
naming_4%16, pending tasks: 0
naming_5%16, pending tasks: 0
naming_6%16, pending tasks: 0
naming_7%16, pending tasks: 0
naming_8%16, pending tasks: 0
naming_9%16, pending tasks: 0
naming_10%16, pending tasks: 0
naming_11%16, pending tasks: 0
naming_12%16, pending tasks: 0
naming_13%16, pending tasks: 0
naming_14%16, pending tasks: 0
naming_15%16, pending tasks: 0


2026-05-17 12:28:24,733 INFO DISTRO:|0|0|0|

2026-05-17 12:29:24,735 INFO PERFORMANCE:|serviceCount|ipCount|subscribeCount|maxPushCost|avgPushCost|totalPushCount|failPushCount

2026-05-17 12:29:24,735 INFO DISTRO:|V1SyncDone|V1SyncFail|V2SyncDone|V2SyncFail|V2VerifyFail|

2026-05-17 12:29:24,735 INFO PERFORMANCE:|1|2|0|-1|-1|0|0

2026-05-17 12:29:24,735 INFO Task worker status: 
naming_0%16, pending tasks: 0
naming_1%16, pending tasks: 0
naming_2%16, pending tasks: 0
naming_3%16, pending tasks: 0
naming_4%16, pending tasks: 0
naming_5%16, pending tasks: 0
naming_6%16, pending tasks: 0
naming_7%16, pending tasks: 0
naming_8%16, pending tasks: 0
naming_9%16, pending tasks: 0
naming_10%16, pending tasks: 0
naming_11%16, pending tasks: 0
naming_12%16, pending tasks: 0
naming_13%16, pending tasks: 0
naming_14%16, pending tasks: 0
naming_15%16, pending tasks: 0


2026-05-17 12:29:24,735 INFO DISTRO:|0|0|0|

2026-05-17 12:30:24,748 INFO PERFORMANCE:|1|2|0|-1|-1|0|0

2026-05-17 12:30:24,750 INFO Task worker status: 
naming_0%16, pending tasks: 0
naming_1%16, pending tasks: 0
naming_2%16, pending tasks: 0
naming_3%16, pending tasks: 0
naming_4%16, pending tasks: 0
naming_5%16, pending tasks: 0
naming_6%16, pending tasks: 0
naming_7%16, pending tasks: 0
naming_8%16, pending tasks: 0
naming_9%16, pending tasks: 0
naming_10%16, pending tasks: 0
naming_11%16, pending tasks: 0
naming_12%16, pending tasks: 0
naming_13%16, pending tasks: 0
naming_14%16, pending tasks: 0
naming_15%16, pending tasks: 0


2026-05-17 12:30:24,750 INFO DISTRO:|0|0|0|

2026-05-17 12:31:24,759 INFO PERFORMANCE:|1|2|0|-1|-1|0|0

2026-05-17 12:31:24,759 INFO Task worker status: 
naming_0%16, pending tasks: 0
naming_1%16, pending tasks: 0
naming_2%16, pending tasks: 0
naming_3%16, pending tasks: 0
naming_4%16, pending tasks: 0
naming_5%16, pending tasks: 0
naming_6%16, pending tasks: 0
naming_7%16, pending tasks: 0
naming_8%16, pending tasks: 0
naming_9%16, pending tasks: 0
naming_10%16, pending tasks: 0
naming_11%16, pending tasks: 0
naming_12%16, pending tasks: 0
naming_13%16, pending tasks: 0
naming_14%16, pending tasks: 0
naming_15%16, pending tasks: 0


2026-05-17 12:31:24,759 INFO DISTRO:|0|0|0|

2026-05-17 12:32:24,773 INFO PERFORMANCE:|1|2|0|-1|-1|0|0

2026-05-17 12:32:24,773 INFO Task worker status: 
naming_0%16, pending tasks: 0
naming_1%16, pending tasks: 0
naming_2%16, pending tasks: 0
naming_3%16, pending tasks: 0
naming_4%16, pending tasks: 0
naming_5%16, pending tasks: 0
naming_6%16, pending tasks: 0
naming_7%16, pending tasks: 0
naming_8%16, pending tasks: 0
naming_9%16, pending tasks: 0
naming_10%16, pending tasks: 0
naming_11%16, pending tasks: 0
naming_12%16, pending tasks: 0
naming_13%16, pending tasks: 0
naming_14%16, pending tasks: 0
naming_15%16, pending tasks: 0


2026-05-17 12:32:24,773 INFO DISTRO:|0|0|0|

2026-05-17 12:33:24,784 INFO PERFORMANCE:|1|2|0|-1|-1|0|0

2026-05-17 12:33:24,784 INFO Task worker status: 
naming_0%16, pending tasks: 0
naming_1%16, pending tasks: 0
naming_2%16, pending tasks: 0
naming_3%16, pending tasks: 0
naming_4%16, pending tasks: 0
naming_5%16, pending tasks: 0
naming_6%16, pending tasks: 0
naming_7%16, pending tasks: 0
naming_8%16, pending tasks: 0
naming_9%16, pending tasks: 0
naming_10%16, pending tasks: 0
naming_11%16, pending tasks: 0
naming_12%16, pending tasks: 0
naming_13%16, pending tasks: 0
naming_14%16, pending tasks: 0
naming_15%16, pending tasks: 0


2026-05-17 12:33:24,784 INFO DISTRO:|0|0|0|

2026-05-17 12:34:24,785 INFO PERFORMANCE:|1|2|0|-1|-1|0|0

2026-05-17 12:34:24,785 INFO Task worker status: 
naming_0%16, pending tasks: 0
naming_1%16, pending tasks: 0
naming_2%16, pending tasks: 0
naming_3%16, pending tasks: 0
naming_4%16, pending tasks: 0
naming_5%16, pending tasks: 0
naming_6%16, pending tasks: 0
naming_7%16, pending tasks: 0
naming_8%16, pending tasks: 0
naming_9%16, pending tasks: 0
naming_10%16, pending tasks: 0
naming_11%16, pending tasks: 0
naming_12%16, pending tasks: 0
naming_13%16, pending tasks: 0
naming_14%16, pending tasks: 0
naming_15%16, pending tasks: 0


2026-05-17 12:34:24,785 INFO DISTRO:|0|0|0|

2026-05-17 12:35:24,799 INFO PERFORMANCE:|1|2|0|-1|-1|0|0

2026-05-17 12:35:24,799 INFO Task worker status: 
naming_0%16, pending tasks: 0
naming_1%16, pending tasks: 0
naming_2%16, pending tasks: 0
naming_3%16, pending tasks: 0
naming_4%16, pending tasks: 0
naming_5%16, pending tasks: 0
naming_6%16, pending tasks: 0
naming_7%16, pending tasks: 0
naming_8%16, pending tasks: 0
naming_9%16, pending tasks: 0
naming_10%16, pending tasks: 0
naming_11%16, pending tasks: 0
naming_12%16, pending tasks: 0
naming_13%16, pending tasks: 0
naming_14%16, pending tasks: 0
naming_15%16, pending tasks: 0


2026-05-17 12:35:24,799 INFO DISTRO:|0|0|0|

2026-05-17 12:36:24,813 INFO PERFORMANCE:|1|2|0|-1|-1|0|0

2026-05-17 12:36:24,813 INFO Task worker status: 
naming_0%16, pending tasks: 0
naming_1%16, pending tasks: 0
naming_2%16, pending tasks: 0
naming_3%16, pending tasks: 0
naming_4%16, pending tasks: 0
naming_5%16, pending tasks: 0
naming_6%16, pending tasks: 0
naming_7%16, pending tasks: 0
naming_8%16, pending tasks: 0
naming_9%16, pending tasks: 0
naming_10%16, pending tasks: 0
naming_11%16, pending tasks: 0
naming_12%16, pending tasks: 0
naming_13%16, pending tasks: 0
naming_14%16, pending tasks: 0
naming_15%16, pending tasks: 0


2026-05-17 12:36:24,813 INFO DISTRO:|0|0|0|

2026-05-17 12:37:24,815 INFO PERFORMANCE:|1|2|0|-1|-1|0|0

2026-05-17 12:37:24,817 INFO Task worker status: 
naming_0%16, pending tasks: 0
naming_1%16, pending tasks: 0
naming_2%16, pending tasks: 0
naming_3%16, pending tasks: 0
naming_4%16, pending tasks: 0
naming_5%16, pending tasks: 0
naming_6%16, pending tasks: 0
naming_7%16, pending tasks: 0
naming_8%16, pending tasks: 0
naming_9%16, pending tasks: 0
naming_10%16, pending tasks: 0
naming_11%16, pending tasks: 0
naming_12%16, pending tasks: 0
naming_13%16, pending tasks: 0
naming_14%16, pending tasks: 0
naming_15%16, pending tasks: 0


2026-05-17 12:37:24,817 INFO DISTRO:|0|0|0|

2026-05-17 12:38:24,820 INFO PERFORMANCE:|1|2|0|-1|-1|0|0

2026-05-17 12:38:24,820 INFO Task worker status: 
naming_0%16, pending tasks: 0
naming_1%16, pending tasks: 0
naming_2%16, pending tasks: 0
naming_3%16, pending tasks: 0
naming_4%16, pending tasks: 0
naming_5%16, pending tasks: 0
naming_6%16, pending tasks: 0
naming_7%16, pending tasks: 0
naming_8%16, pending tasks: 0
naming_9%16, pending tasks: 0
naming_10%16, pending tasks: 0
naming_11%16, pending tasks: 0
naming_12%16, pending tasks: 0
naming_13%16, pending tasks: 0
naming_14%16, pending tasks: 0
naming_15%16, pending tasks: 0


2026-05-17 12:38:24,820 INFO DISTRO:|0|0|0|

2026-05-17 12:39:24,822 INFO PERFORMANCE:|serviceCount|ipCount|subscribeCount|maxPushCost|avgPushCost|totalPushCount|failPushCount

2026-05-17 12:39:24,822 INFO DISTRO:|V1SyncDone|V1SyncFail|V2SyncDone|V2SyncFail|V2VerifyFail|

2026-05-17 12:39:24,822 INFO PERFORMANCE:|1|2|0|-1|-1|0|0

2026-05-17 12:39:24,822 INFO Task worker status: 
naming_0%16, pending tasks: 0
naming_1%16, pending tasks: 0
naming_2%16, pending tasks: 0
naming_3%16, pending tasks: 0
naming_4%16, pending tasks: 0
naming_5%16, pending tasks: 0
naming_6%16, pending tasks: 0
naming_7%16, pending tasks: 0
naming_8%16, pending tasks: 0
naming_9%16, pending tasks: 0
naming_10%16, pending tasks: 0
naming_11%16, pending tasks: 0
naming_12%16, pending tasks: 0
naming_13%16, pending tasks: 0
naming_14%16, pending tasks: 0
naming_15%16, pending tasks: 0


2026-05-17 12:39:24,822 INFO DISTRO:|0|0|0|

2026-05-17 12:40:24,833 INFO PERFORMANCE:|1|2|0|-1|-1|0|0

2026-05-17 12:40:24,833 INFO Task worker status: 
naming_0%16, pending tasks: 0
naming_1%16, pending tasks: 0
naming_2%16, pending tasks: 0
naming_3%16, pending tasks: 0
naming_4%16, pending tasks: 0
naming_5%16, pending tasks: 0
naming_6%16, pending tasks: 0
naming_7%16, pending tasks: 0
naming_8%16, pending tasks: 0
naming_9%16, pending tasks: 0
naming_10%16, pending tasks: 0
naming_11%16, pending tasks: 0
naming_12%16, pending tasks: 0
naming_13%16, pending tasks: 0
naming_14%16, pending tasks: 0
naming_15%16, pending tasks: 0


2026-05-17 12:40:24,833 INFO DISTRO:|0|0|0|

2026-05-17 12:41:24,847 INFO PERFORMANCE:|1|2|0|-1|-1|0|0

2026-05-17 12:41:24,847 INFO Task worker status: 
naming_0%16, pending tasks: 0
naming_1%16, pending tasks: 0
naming_2%16, pending tasks: 0
naming_3%16, pending tasks: 0
naming_4%16, pending tasks: 0
naming_5%16, pending tasks: 0
naming_6%16, pending tasks: 0
naming_7%16, pending tasks: 0
naming_8%16, pending tasks: 0
naming_9%16, pending tasks: 0
naming_10%16, pending tasks: 0
naming_11%16, pending tasks: 0
naming_12%16, pending tasks: 0
naming_13%16, pending tasks: 0
naming_14%16, pending tasks: 0
naming_15%16, pending tasks: 0


2026-05-17 12:41:24,847 INFO DISTRO:|0|0|0|

2026-05-17 12:42:24,855 INFO PERFORMANCE:|1|2|0|-1|-1|0|0

2026-05-17 12:42:24,855 INFO Task worker status: 
naming_0%16, pending tasks: 0
naming_1%16, pending tasks: 0
naming_2%16, pending tasks: 0
naming_3%16, pending tasks: 0
naming_4%16, pending tasks: 0
naming_5%16, pending tasks: 0
naming_6%16, pending tasks: 0
naming_7%16, pending tasks: 0
naming_8%16, pending tasks: 0
naming_9%16, pending tasks: 0
naming_10%16, pending tasks: 0
naming_11%16, pending tasks: 0
naming_12%16, pending tasks: 0
naming_13%16, pending tasks: 0
naming_14%16, pending tasks: 0
naming_15%16, pending tasks: 0


2026-05-17 12:42:24,855 INFO DISTRO:|0|0|0|

2026-05-17 12:43:24,864 INFO PERFORMANCE:|1|2|0|-1|-1|0|0

2026-05-17 12:43:24,864 INFO Task worker status: 
naming_0%16, pending tasks: 0
naming_1%16, pending tasks: 0
naming_2%16, pending tasks: 0
naming_3%16, pending tasks: 0
naming_4%16, pending tasks: 0
naming_5%16, pending tasks: 0
naming_6%16, pending tasks: 0
naming_7%16, pending tasks: 0
naming_8%16, pending tasks: 0
naming_9%16, pending tasks: 0
naming_10%16, pending tasks: 0
naming_11%16, pending tasks: 0
naming_12%16, pending tasks: 0
naming_13%16, pending tasks: 0
naming_14%16, pending tasks: 0
naming_15%16, pending tasks: 0


2026-05-17 12:43:24,864 INFO DISTRO:|0|0|0|

2026-05-17 12:44:24,881 INFO PERFORMANCE:|1|2|0|-1|-1|0|0

2026-05-17 12:44:24,881 INFO Task worker status: 
naming_0%16, pending tasks: 0
naming_1%16, pending tasks: 0
naming_2%16, pending tasks: 0
naming_3%16, pending tasks: 0
naming_4%16, pending tasks: 0
naming_5%16, pending tasks: 0
naming_6%16, pending tasks: 0
naming_7%16, pending tasks: 0
naming_8%16, pending tasks: 0
naming_9%16, pending tasks: 0
naming_10%16, pending tasks: 0
naming_11%16, pending tasks: 0
naming_12%16, pending tasks: 0
naming_13%16, pending tasks: 0
naming_14%16, pending tasks: 0
naming_15%16, pending tasks: 0


2026-05-17 12:44:24,881 INFO DISTRO:|0|0|0|

2026-05-17 12:45:24,893 INFO PERFORMANCE:|1|2|0|-1|-1|0|0

2026-05-17 12:45:24,893 INFO Task worker status: 
naming_0%16, pending tasks: 0
naming_1%16, pending tasks: 0
naming_2%16, pending tasks: 0
naming_3%16, pending tasks: 0
naming_4%16, pending tasks: 0
naming_5%16, pending tasks: 0
naming_6%16, pending tasks: 0
naming_7%16, pending tasks: 0
naming_8%16, pending tasks: 0
naming_9%16, pending tasks: 0
naming_10%16, pending tasks: 0
naming_11%16, pending tasks: 0
naming_12%16, pending tasks: 0
naming_13%16, pending tasks: 0
naming_14%16, pending tasks: 0
naming_15%16, pending tasks: 0


2026-05-17 12:45:24,893 INFO DISTRO:|0|0|0|

2026-05-17 12:46:24,897 INFO PERFORMANCE:|1|2|0|-1|-1|0|0

2026-05-17 12:46:24,897 INFO Task worker status: 
naming_0%16, pending tasks: 0
naming_1%16, pending tasks: 0
naming_2%16, pending tasks: 0
naming_3%16, pending tasks: 0
naming_4%16, pending tasks: 0
naming_5%16, pending tasks: 0
naming_6%16, pending tasks: 0
naming_7%16, pending tasks: 0
naming_8%16, pending tasks: 0
naming_9%16, pending tasks: 0
naming_10%16, pending tasks: 0
naming_11%16, pending tasks: 0
naming_12%16, pending tasks: 0
naming_13%16, pending tasks: 0
naming_14%16, pending tasks: 0
naming_15%16, pending tasks: 0


2026-05-17 12:46:24,897 INFO DISTRO:|0|0|0|

2026-05-17 12:47:24,903 INFO PERFORMANCE:|1|2|0|-1|-1|0|0

2026-05-17 12:47:24,903 INFO Task worker status: 
naming_0%16, pending tasks: 0
naming_1%16, pending tasks: 0
naming_2%16, pending tasks: 0
naming_3%16, pending tasks: 0
naming_4%16, pending tasks: 0
naming_5%16, pending tasks: 0
naming_6%16, pending tasks: 0
naming_7%16, pending tasks: 0
naming_8%16, pending tasks: 0
naming_9%16, pending tasks: 0
naming_10%16, pending tasks: 0
naming_11%16, pending tasks: 0
naming_12%16, pending tasks: 0
naming_13%16, pending tasks: 0
naming_14%16, pending tasks: 0
naming_15%16, pending tasks: 0


2026-05-17 12:47:24,903 INFO DISTRO:|0|0|0|

2026-05-17 12:48:24,904 INFO PERFORMANCE:|1|2|0|-1|-1|0|0

2026-05-17 12:48:24,904 INFO Task worker status: 
naming_0%16, pending tasks: 0
naming_1%16, pending tasks: 0
naming_2%16, pending tasks: 0
naming_3%16, pending tasks: 0
naming_4%16, pending tasks: 0
naming_5%16, pending tasks: 0
naming_6%16, pending tasks: 0
naming_7%16, pending tasks: 0
naming_8%16, pending tasks: 0
naming_9%16, pending tasks: 0
naming_10%16, pending tasks: 0
naming_11%16, pending tasks: 0
naming_12%16, pending tasks: 0
naming_13%16, pending tasks: 0
naming_14%16, pending tasks: 0
naming_15%16, pending tasks: 0


2026-05-17 12:48:24,904 INFO DISTRO:|0|0|0|

2026-05-17 12:49:24,919 INFO PERFORMANCE:|serviceCount|ipCount|subscribeCount|maxPushCost|avgPushCost|totalPushCount|failPushCount

2026-05-17 12:49:24,919 INFO DISTRO:|V1SyncDone|V1SyncFail|V2SyncDone|V2SyncFail|V2VerifyFail|

2026-05-17 12:49:24,919 INFO PERFORMANCE:|1|2|0|-1|-1|0|0

2026-05-17 12:49:24,919 INFO Task worker status: 
naming_0%16, pending tasks: 0
naming_1%16, pending tasks: 0
naming_2%16, pending tasks: 0
naming_3%16, pending tasks: 0
naming_4%16, pending tasks: 0
naming_5%16, pending tasks: 0
naming_6%16, pending tasks: 0
naming_7%16, pending tasks: 0
naming_8%16, pending tasks: 0
naming_9%16, pending tasks: 0
naming_10%16, pending tasks: 0
naming_11%16, pending tasks: 0
naming_12%16, pending tasks: 0
naming_13%16, pending tasks: 0
naming_14%16, pending tasks: 0
naming_15%16, pending tasks: 0


2026-05-17 12:49:24,919 INFO DISTRO:|0|0|0|

2026-05-17 12:50:24,922 INFO PERFORMANCE:|1|2|0|-1|-1|0|0

2026-05-17 12:50:24,922 INFO Task worker status: 
naming_0%16, pending tasks: 0
naming_1%16, pending tasks: 0
naming_2%16, pending tasks: 0
naming_3%16, pending tasks: 0
naming_4%16, pending tasks: 0
naming_5%16, pending tasks: 0
naming_6%16, pending tasks: 0
naming_7%16, pending tasks: 0
naming_8%16, pending tasks: 0
naming_9%16, pending tasks: 0
naming_10%16, pending tasks: 0
naming_11%16, pending tasks: 0
naming_12%16, pending tasks: 0
naming_13%16, pending tasks: 0
naming_14%16, pending tasks: 0
naming_15%16, pending tasks: 0


2026-05-17 12:50:24,922 INFO DISTRO:|0|0|0|

2026-05-17 12:51:24,934 INFO PERFORMANCE:|1|2|0|-1|-1|0|0

2026-05-17 12:51:24,934 INFO Task worker status: 
naming_0%16, pending tasks: 0
naming_1%16, pending tasks: 0
naming_2%16, pending tasks: 0
naming_3%16, pending tasks: 0
naming_4%16, pending tasks: 0
naming_5%16, pending tasks: 0
naming_6%16, pending tasks: 0
naming_7%16, pending tasks: 0
naming_8%16, pending tasks: 0
naming_9%16, pending tasks: 0
naming_10%16, pending tasks: 0
naming_11%16, pending tasks: 0
naming_12%16, pending tasks: 0
naming_13%16, pending tasks: 0
naming_14%16, pending tasks: 0
naming_15%16, pending tasks: 0


2026-05-17 12:51:24,934 INFO DISTRO:|0|0|0|

2026-05-17 12:52:24,949 INFO PERFORMANCE:|1|2|0|-1|-1|0|0

2026-05-17 12:52:24,949 INFO Task worker status: 
naming_0%16, pending tasks: 0
naming_1%16, pending tasks: 0
naming_2%16, pending tasks: 0
naming_3%16, pending tasks: 0
naming_4%16, pending tasks: 0
naming_5%16, pending tasks: 0
naming_6%16, pending tasks: 0
naming_7%16, pending tasks: 0
naming_8%16, pending tasks: 0
naming_9%16, pending tasks: 0
naming_10%16, pending tasks: 0
naming_11%16, pending tasks: 0
naming_12%16, pending tasks: 0
naming_13%16, pending tasks: 0
naming_14%16, pending tasks: 0
naming_15%16, pending tasks: 0


2026-05-17 12:52:24,949 INFO DISTRO:|0|0|0|

2026-05-17 12:53:24,958 INFO PERFORMANCE:|1|2|0|-1|-1|0|0

2026-05-17 12:53:24,958 INFO Task worker status: 
naming_0%16, pending tasks: 0
naming_1%16, pending tasks: 0
naming_2%16, pending tasks: 0
naming_3%16, pending tasks: 0
naming_4%16, pending tasks: 0
naming_5%16, pending tasks: 0
naming_6%16, pending tasks: 0
naming_7%16, pending tasks: 0
naming_8%16, pending tasks: 0
naming_9%16, pending tasks: 0
naming_10%16, pending tasks: 0
naming_11%16, pending tasks: 0
naming_12%16, pending tasks: 0
naming_13%16, pending tasks: 0
naming_14%16, pending tasks: 0
naming_15%16, pending tasks: 0


2026-05-17 12:53:24,958 INFO DISTRO:|0|0|0|

2026-05-17 12:54:24,964 INFO PERFORMANCE:|1|2|0|-1|-1|0|0

2026-05-17 12:54:24,964 INFO Task worker status: 
naming_0%16, pending tasks: 0
naming_1%16, pending tasks: 0
naming_2%16, pending tasks: 0
naming_3%16, pending tasks: 0
naming_4%16, pending tasks: 0
naming_5%16, pending tasks: 0
naming_6%16, pending tasks: 0
naming_7%16, pending tasks: 0
naming_8%16, pending tasks: 0
naming_9%16, pending tasks: 0
naming_10%16, pending tasks: 0
naming_11%16, pending tasks: 0
naming_12%16, pending tasks: 0
naming_13%16, pending tasks: 0
naming_14%16, pending tasks: 0
naming_15%16, pending tasks: 0


2026-05-17 12:54:24,964 INFO DISTRO:|0|0|0|

2026-05-17 12:55:24,972 INFO PERFORMANCE:|1|2|0|-1|-1|0|0

2026-05-17 12:55:24,972 INFO Task worker status: 
naming_0%16, pending tasks: 0
naming_1%16, pending tasks: 0
naming_2%16, pending tasks: 0
naming_3%16, pending tasks: 0
naming_4%16, pending tasks: 0
naming_5%16, pending tasks: 0
naming_6%16, pending tasks: 0
naming_7%16, pending tasks: 0
naming_8%16, pending tasks: 0
naming_9%16, pending tasks: 0
naming_10%16, pending tasks: 0
naming_11%16, pending tasks: 0
naming_12%16, pending tasks: 0
naming_13%16, pending tasks: 0
naming_14%16, pending tasks: 0
naming_15%16, pending tasks: 0


2026-05-17 12:55:24,972 INFO DISTRO:|0|0|0|

2026-05-17 12:56:24,988 INFO PERFORMANCE:|1|2|0|-1|-1|0|0

2026-05-17 12:56:24,988 INFO Task worker status: 
naming_0%16, pending tasks: 0
naming_1%16, pending tasks: 0
naming_2%16, pending tasks: 0
naming_3%16, pending tasks: 0
naming_4%16, pending tasks: 0
naming_5%16, pending tasks: 0
naming_6%16, pending tasks: 0
naming_7%16, pending tasks: 0
naming_8%16, pending tasks: 0
naming_9%16, pending tasks: 0
naming_10%16, pending tasks: 0
naming_11%16, pending tasks: 0
naming_12%16, pending tasks: 0
naming_13%16, pending tasks: 0
naming_14%16, pending tasks: 0
naming_15%16, pending tasks: 0


2026-05-17 12:56:24,988 INFO DISTRO:|0|0|0|

2026-05-17 12:57:24,996 INFO PERFORMANCE:|1|2|0|-1|-1|0|0

2026-05-17 12:57:24,996 INFO Task worker status: 
naming_0%16, pending tasks: 0
naming_1%16, pending tasks: 0
naming_2%16, pending tasks: 0
naming_3%16, pending tasks: 0
naming_4%16, pending tasks: 0
naming_5%16, pending tasks: 0
naming_6%16, pending tasks: 0
naming_7%16, pending tasks: 0
naming_8%16, pending tasks: 0
naming_9%16, pending tasks: 0
naming_10%16, pending tasks: 0
naming_11%16, pending tasks: 0
naming_12%16, pending tasks: 0
naming_13%16, pending tasks: 0
naming_14%16, pending tasks: 0
naming_15%16, pending tasks: 0


2026-05-17 12:57:24,996 INFO DISTRO:|0|0|0|

2026-05-17 12:58:25,003 INFO PERFORMANCE:|1|2|0|-1|-1|0|0

2026-05-17 12:58:25,003 INFO Task worker status: 
naming_0%16, pending tasks: 0
naming_1%16, pending tasks: 0
naming_2%16, pending tasks: 0
naming_3%16, pending tasks: 0
naming_4%16, pending tasks: 0
naming_5%16, pending tasks: 0
naming_6%16, pending tasks: 0
naming_7%16, pending tasks: 0
naming_8%16, pending tasks: 0
naming_9%16, pending tasks: 0
naming_10%16, pending tasks: 0
naming_11%16, pending tasks: 0
naming_12%16, pending tasks: 0
naming_13%16, pending tasks: 0
naming_14%16, pending tasks: 0
naming_15%16, pending tasks: 0


2026-05-17 12:58:25,003 INFO DISTRO:|0|0|0|

2026-05-17 12:59:25,008 INFO PERFORMANCE:|serviceCount|ipCount|subscribeCount|maxPushCost|avgPushCost|totalPushCount|failPushCount

2026-05-17 12:59:25,008 INFO DISTRO:|V1SyncDone|V1SyncFail|V2SyncDone|V2SyncFail|V2VerifyFail|

2026-05-17 12:59:25,008 INFO PERFORMANCE:|1|2|0|-1|-1|0|0

2026-05-17 12:59:25,009 INFO Task worker status: 
naming_0%16, pending tasks: 0
naming_1%16, pending tasks: 0
naming_2%16, pending tasks: 0
naming_3%16, pending tasks: 0
naming_4%16, pending tasks: 0
naming_5%16, pending tasks: 0
naming_6%16, pending tasks: 0
naming_7%16, pending tasks: 0
naming_8%16, pending tasks: 0
naming_9%16, pending tasks: 0
naming_10%16, pending tasks: 0
naming_11%16, pending tasks: 0
naming_12%16, pending tasks: 0
naming_13%16, pending tasks: 0
naming_14%16, pending tasks: 0
naming_15%16, pending tasks: 0


2026-05-17 12:59:25,009 INFO DISTRO:|0|0|0|

2026-05-17 13:00:25,013 INFO PERFORMANCE:|1|2|0|-1|-1|0|0

2026-05-17 13:00:25,013 INFO Task worker status: 
naming_0%16, pending tasks: 0
naming_1%16, pending tasks: 0
naming_2%16, pending tasks: 0
naming_3%16, pending tasks: 0
naming_4%16, pending tasks: 0
naming_5%16, pending tasks: 0
naming_6%16, pending tasks: 0
naming_7%16, pending tasks: 0
naming_8%16, pending tasks: 0
naming_9%16, pending tasks: 0
naming_10%16, pending tasks: 0
naming_11%16, pending tasks: 0
naming_12%16, pending tasks: 0
naming_13%16, pending tasks: 0
naming_14%16, pending tasks: 0
naming_15%16, pending tasks: 0


2026-05-17 13:00:25,013 INFO DISTRO:|0|0|0|

2026-05-17 13:01:25,018 INFO PERFORMANCE:|1|2|0|-1|-1|0|0

2026-05-17 13:01:25,018 INFO Task worker status: 
naming_0%16, pending tasks: 0
naming_1%16, pending tasks: 0
naming_2%16, pending tasks: 0
naming_3%16, pending tasks: 0
naming_4%16, pending tasks: 0
naming_5%16, pending tasks: 0
naming_6%16, pending tasks: 0
naming_7%16, pending tasks: 0
naming_8%16, pending tasks: 0
naming_9%16, pending tasks: 0
naming_10%16, pending tasks: 0
naming_11%16, pending tasks: 0
naming_12%16, pending tasks: 0
naming_13%16, pending tasks: 0
naming_14%16, pending tasks: 0
naming_15%16, pending tasks: 0


2026-05-17 13:01:25,018 INFO DISTRO:|0|0|0|

2026-05-17 13:02:25,025 INFO PERFORMANCE:|1|2|0|-1|-1|0|0

2026-05-17 13:02:25,025 INFO Task worker status: 
naming_0%16, pending tasks: 0
naming_1%16, pending tasks: 0
naming_2%16, pending tasks: 0
naming_3%16, pending tasks: 0
naming_4%16, pending tasks: 0
naming_5%16, pending tasks: 0
naming_6%16, pending tasks: 0
naming_7%16, pending tasks: 0
naming_8%16, pending tasks: 0
naming_9%16, pending tasks: 0
naming_10%16, pending tasks: 0
naming_11%16, pending tasks: 0
naming_12%16, pending tasks: 0
naming_13%16, pending tasks: 0
naming_14%16, pending tasks: 0
naming_15%16, pending tasks: 0


2026-05-17 13:02:25,025 INFO DISTRO:|0|0|0|

2026-05-17 13:03:25,029 INFO PERFORMANCE:|1|2|0|-1|-1|0|0

2026-05-17 13:03:25,029 INFO Task worker status: 
naming_0%16, pending tasks: 0
naming_1%16, pending tasks: 0
naming_2%16, pending tasks: 0
naming_3%16, pending tasks: 0
naming_4%16, pending tasks: 0
naming_5%16, pending tasks: 0
naming_6%16, pending tasks: 0
naming_7%16, pending tasks: 0
naming_8%16, pending tasks: 0
naming_9%16, pending tasks: 0
naming_10%16, pending tasks: 0
naming_11%16, pending tasks: 0
naming_12%16, pending tasks: 0
naming_13%16, pending tasks: 0
naming_14%16, pending tasks: 0
naming_15%16, pending tasks: 0


2026-05-17 13:03:25,029 INFO DISTRO:|0|0|0|

2026-05-17 13:04:25,045 INFO PERFORMANCE:|1|2|0|-1|-1|0|0

2026-05-17 13:04:25,045 INFO Task worker status: 
naming_0%16, pending tasks: 0
naming_1%16, pending tasks: 0
naming_2%16, pending tasks: 0
naming_3%16, pending tasks: 0
naming_4%16, pending tasks: 0
naming_5%16, pending tasks: 0
naming_6%16, pending tasks: 0
naming_7%16, pending tasks: 0
naming_8%16, pending tasks: 0
naming_9%16, pending tasks: 0
naming_10%16, pending tasks: 0
naming_11%16, pending tasks: 0
naming_12%16, pending tasks: 0
naming_13%16, pending tasks: 0
naming_14%16, pending tasks: 0
naming_15%16, pending tasks: 0


2026-05-17 13:04:25,045 INFO DISTRO:|0|0|0|

2026-05-17 13:05:25,058 INFO PERFORMANCE:|1|2|0|-1|-1|0|0

2026-05-17 13:05:25,058 INFO Task worker status: 
naming_0%16, pending tasks: 0
naming_1%16, pending tasks: 0
naming_2%16, pending tasks: 0
naming_3%16, pending tasks: 0
naming_4%16, pending tasks: 0
naming_5%16, pending tasks: 0
naming_6%16, pending tasks: 0
naming_7%16, pending tasks: 0
naming_8%16, pending tasks: 0
naming_9%16, pending tasks: 0
naming_10%16, pending tasks: 0
naming_11%16, pending tasks: 0
naming_12%16, pending tasks: 0
naming_13%16, pending tasks: 0
naming_14%16, pending tasks: 0
naming_15%16, pending tasks: 0


2026-05-17 13:05:25,058 INFO DISTRO:|0|0|0|

2026-05-17 13:06:25,071 INFO PERFORMANCE:|1|2|0|-1|-1|0|0

2026-05-17 13:06:25,071 INFO Task worker status: 
naming_0%16, pending tasks: 0
naming_1%16, pending tasks: 0
naming_2%16, pending tasks: 0
naming_3%16, pending tasks: 0
naming_4%16, pending tasks: 0
naming_5%16, pending tasks: 0
naming_6%16, pending tasks: 0
naming_7%16, pending tasks: 0
naming_8%16, pending tasks: 0
naming_9%16, pending tasks: 0
naming_10%16, pending tasks: 0
naming_11%16, pending tasks: 0
naming_12%16, pending tasks: 0
naming_13%16, pending tasks: 0
naming_14%16, pending tasks: 0
naming_15%16, pending tasks: 0


2026-05-17 13:06:25,071 INFO DISTRO:|0|0|0|

2026-05-17 13:07:25,082 INFO PERFORMANCE:|1|2|0|-1|-1|0|0

2026-05-17 13:07:25,082 INFO Task worker status: 
naming_0%16, pending tasks: 0
naming_1%16, pending tasks: 0
naming_2%16, pending tasks: 0
naming_3%16, pending tasks: 0
naming_4%16, pending tasks: 0
naming_5%16, pending tasks: 0
naming_6%16, pending tasks: 0
naming_7%16, pending tasks: 0
naming_8%16, pending tasks: 0
naming_9%16, pending tasks: 0
naming_10%16, pending tasks: 0
naming_11%16, pending tasks: 0
naming_12%16, pending tasks: 0
naming_13%16, pending tasks: 0
naming_14%16, pending tasks: 0
naming_15%16, pending tasks: 0


2026-05-17 13:07:25,082 INFO DISTRO:|0|0|0|

2026-05-17 13:08:25,091 INFO PERFORMANCE:|1|2|0|-1|-1|0|0

2026-05-17 13:08:25,091 INFO Task worker status: 
naming_0%16, pending tasks: 0
naming_1%16, pending tasks: 0
naming_2%16, pending tasks: 0
naming_3%16, pending tasks: 0
naming_4%16, pending tasks: 0
naming_5%16, pending tasks: 0
naming_6%16, pending tasks: 0
naming_7%16, pending tasks: 0
naming_8%16, pending tasks: 0
naming_9%16, pending tasks: 0
naming_10%16, pending tasks: 0
naming_11%16, pending tasks: 0
naming_12%16, pending tasks: 0
naming_13%16, pending tasks: 0
naming_14%16, pending tasks: 0
naming_15%16, pending tasks: 0


2026-05-17 13:08:25,091 INFO DISTRO:|0|0|0|

2026-05-17 13:09:25,094 INFO PERFORMANCE:|serviceCount|ipCount|subscribeCount|maxPushCost|avgPushCost|totalPushCount|failPushCount

2026-05-17 13:09:25,094 INFO DISTRO:|V1SyncDone|V1SyncFail|V2SyncDone|V2SyncFail|V2VerifyFail|

2026-05-17 13:09:25,094 INFO PERFORMANCE:|1|2|0|-1|-1|0|0

2026-05-17 13:09:25,094 INFO Task worker status: 
naming_0%16, pending tasks: 0
naming_1%16, pending tasks: 0
naming_2%16, pending tasks: 0
naming_3%16, pending tasks: 0
naming_4%16, pending tasks: 0
naming_5%16, pending tasks: 0
naming_6%16, pending tasks: 0
naming_7%16, pending tasks: 0
naming_8%16, pending tasks: 0
naming_9%16, pending tasks: 0
naming_10%16, pending tasks: 0
naming_11%16, pending tasks: 0
naming_12%16, pending tasks: 0
naming_13%16, pending tasks: 0
naming_14%16, pending tasks: 0
naming_15%16, pending tasks: 0


2026-05-17 13:09:25,094 INFO DISTRO:|0|0|0|

2026-05-17 13:10:25,104 INFO PERFORMANCE:|1|2|0|-1|-1|0|0

2026-05-17 13:10:25,104 INFO Task worker status: 
naming_0%16, pending tasks: 0
naming_1%16, pending tasks: 0
naming_2%16, pending tasks: 0
naming_3%16, pending tasks: 0
naming_4%16, pending tasks: 0
naming_5%16, pending tasks: 0
naming_6%16, pending tasks: 0
naming_7%16, pending tasks: 0
naming_8%16, pending tasks: 0
naming_9%16, pending tasks: 0
naming_10%16, pending tasks: 0
naming_11%16, pending tasks: 0
naming_12%16, pending tasks: 0
naming_13%16, pending tasks: 0
naming_14%16, pending tasks: 0
naming_15%16, pending tasks: 0


2026-05-17 13:10:25,105 INFO DISTRO:|0|0|0|

2026-05-17 13:11:25,114 INFO PERFORMANCE:|1|2|0|-1|-1|0|0

2026-05-17 13:11:25,114 INFO Task worker status: 
naming_0%16, pending tasks: 0
naming_1%16, pending tasks: 0
naming_2%16, pending tasks: 0
naming_3%16, pending tasks: 0
naming_4%16, pending tasks: 0
naming_5%16, pending tasks: 0
naming_6%16, pending tasks: 0
naming_7%16, pending tasks: 0
naming_8%16, pending tasks: 0
naming_9%16, pending tasks: 0
naming_10%16, pending tasks: 0
naming_11%16, pending tasks: 0
naming_12%16, pending tasks: 0
naming_13%16, pending tasks: 0
naming_14%16, pending tasks: 0
naming_15%16, pending tasks: 0


2026-05-17 13:11:25,114 INFO DISTRO:|0|0|0|

2026-05-17 13:12:25,119 INFO PERFORMANCE:|1|2|0|-1|-1|0|0

2026-05-17 13:12:25,120 INFO Task worker status: 
naming_0%16, pending tasks: 0
naming_1%16, pending tasks: 0
naming_2%16, pending tasks: 0
naming_3%16, pending tasks: 0
naming_4%16, pending tasks: 0
naming_5%16, pending tasks: 0
naming_6%16, pending tasks: 0
naming_7%16, pending tasks: 0
naming_8%16, pending tasks: 0
naming_9%16, pending tasks: 0
naming_10%16, pending tasks: 0
naming_11%16, pending tasks: 0
naming_12%16, pending tasks: 0
naming_13%16, pending tasks: 0
naming_14%16, pending tasks: 0
naming_15%16, pending tasks: 0


2026-05-17 13:12:25,120 INFO DISTRO:|0|0|0|

2026-05-17 13:13:25,128 INFO PERFORMANCE:|1|2|0|-1|-1|0|0

2026-05-17 13:13:25,128 INFO Task worker status: 
naming_0%16, pending tasks: 0
naming_1%16, pending tasks: 0
naming_2%16, pending tasks: 0
naming_3%16, pending tasks: 0
naming_4%16, pending tasks: 0
naming_5%16, pending tasks: 0
naming_6%16, pending tasks: 0
naming_7%16, pending tasks: 0
naming_8%16, pending tasks: 0
naming_9%16, pending tasks: 0
naming_10%16, pending tasks: 0
naming_11%16, pending tasks: 0
naming_12%16, pending tasks: 0
naming_13%16, pending tasks: 0
naming_14%16, pending tasks: 0
naming_15%16, pending tasks: 0


2026-05-17 13:13:25,128 INFO DISTRO:|0|0|0|

2026-05-17 13:14:25,136 INFO PERFORMANCE:|1|2|0|-1|-1|0|0

2026-05-17 13:14:25,136 INFO Task worker status: 
naming_0%16, pending tasks: 0
naming_1%16, pending tasks: 0
naming_2%16, pending tasks: 0
naming_3%16, pending tasks: 0
naming_4%16, pending tasks: 0
naming_5%16, pending tasks: 0
naming_6%16, pending tasks: 0
naming_7%16, pending tasks: 0
naming_8%16, pending tasks: 0
naming_9%16, pending tasks: 0
naming_10%16, pending tasks: 0
naming_11%16, pending tasks: 0
naming_12%16, pending tasks: 0
naming_13%16, pending tasks: 0
naming_14%16, pending tasks: 0
naming_15%16, pending tasks: 0


2026-05-17 13:14:25,136 INFO DISTRO:|0|0|0|

2026-05-17 13:15:25,149 INFO PERFORMANCE:|1|2|0|-1|-1|0|0

2026-05-17 13:15:25,149 INFO Task worker status: 
naming_0%16, pending tasks: 0
naming_1%16, pending tasks: 0
naming_2%16, pending tasks: 0
naming_3%16, pending tasks: 0
naming_4%16, pending tasks: 0
naming_5%16, pending tasks: 0
naming_6%16, pending tasks: 0
naming_7%16, pending tasks: 0
naming_8%16, pending tasks: 0
naming_9%16, pending tasks: 0
naming_10%16, pending tasks: 0
naming_11%16, pending tasks: 0
naming_12%16, pending tasks: 0
naming_13%16, pending tasks: 0
naming_14%16, pending tasks: 0
naming_15%16, pending tasks: 0


2026-05-17 13:15:25,149 INFO DISTRO:|0|0|0|

2026-05-17 13:16:25,153 INFO PERFORMANCE:|1|2|0|-1|-1|0|0

2026-05-17 13:16:25,153 INFO Task worker status: 
naming_0%16, pending tasks: 0
naming_1%16, pending tasks: 0
naming_2%16, pending tasks: 0
naming_3%16, pending tasks: 0
naming_4%16, pending tasks: 0
naming_5%16, pending tasks: 0
naming_6%16, pending tasks: 0
naming_7%16, pending tasks: 0
naming_8%16, pending tasks: 0
naming_9%16, pending tasks: 0
naming_10%16, pending tasks: 0
naming_11%16, pending tasks: 0
naming_12%16, pending tasks: 0
naming_13%16, pending tasks: 0
naming_14%16, pending tasks: 0
naming_15%16, pending tasks: 0


2026-05-17 13:16:25,153 INFO DISTRO:|0|0|0|

2026-05-17 13:17:25,162 INFO PERFORMANCE:|1|2|0|-1|-1|0|0

2026-05-17 13:17:25,162 INFO Task worker status: 
naming_0%16, pending tasks: 0
naming_1%16, pending tasks: 0
naming_2%16, pending tasks: 0
naming_3%16, pending tasks: 0
naming_4%16, pending tasks: 0
naming_5%16, pending tasks: 0
naming_6%16, pending tasks: 0
naming_7%16, pending tasks: 0
naming_8%16, pending tasks: 0
naming_9%16, pending tasks: 0
naming_10%16, pending tasks: 0
naming_11%16, pending tasks: 0
naming_12%16, pending tasks: 0
naming_13%16, pending tasks: 0
naming_14%16, pending tasks: 0
naming_15%16, pending tasks: 0


2026-05-17 13:17:25,162 INFO DISTRO:|0|0|0|

2026-05-17 13:18:25,175 INFO PERFORMANCE:|1|2|0|-1|-1|0|0

2026-05-17 13:18:25,175 INFO Task worker status: 
naming_0%16, pending tasks: 0
naming_1%16, pending tasks: 0
naming_2%16, pending tasks: 0
naming_3%16, pending tasks: 0
naming_4%16, pending tasks: 0
naming_5%16, pending tasks: 0
naming_6%16, pending tasks: 0
naming_7%16, pending tasks: 0
naming_8%16, pending tasks: 0
naming_9%16, pending tasks: 0
naming_10%16, pending tasks: 0
naming_11%16, pending tasks: 0
naming_12%16, pending tasks: 0
naming_13%16, pending tasks: 0
naming_14%16, pending tasks: 0
naming_15%16, pending tasks: 0


2026-05-17 13:18:25,175 INFO DISTRO:|0|0|0|

2026-05-17 13:19:25,177 INFO PERFORMANCE:|serviceCount|ipCount|subscribeCount|maxPushCost|avgPushCost|totalPushCount|failPushCount

2026-05-17 13:19:25,177 INFO DISTRO:|V1SyncDone|V1SyncFail|V2SyncDone|V2SyncFail|V2VerifyFail|

2026-05-17 13:19:25,177 INFO PERFORMANCE:|1|2|0|-1|-1|0|0

2026-05-17 13:19:25,177 INFO Task worker status: 
naming_0%16, pending tasks: 0
naming_1%16, pending tasks: 0
naming_2%16, pending tasks: 0
naming_3%16, pending tasks: 0
naming_4%16, pending tasks: 0
naming_5%16, pending tasks: 0
naming_6%16, pending tasks: 0
naming_7%16, pending tasks: 0
naming_8%16, pending tasks: 0
naming_9%16, pending tasks: 0
naming_10%16, pending tasks: 0
naming_11%16, pending tasks: 0
naming_12%16, pending tasks: 0
naming_13%16, pending tasks: 0
naming_14%16, pending tasks: 0
naming_15%16, pending tasks: 0


2026-05-17 13:19:25,177 INFO DISTRO:|0|0|0|

2026-05-17 13:20:25,179 INFO PERFORMANCE:|1|2|0|-1|-1|0|0

2026-05-17 13:20:25,179 INFO Task worker status: 
naming_0%16, pending tasks: 0
naming_1%16, pending tasks: 0
naming_2%16, pending tasks: 0
naming_3%16, pending tasks: 0
naming_4%16, pending tasks: 0
naming_5%16, pending tasks: 0
naming_6%16, pending tasks: 0
naming_7%16, pending tasks: 0
naming_8%16, pending tasks: 0
naming_9%16, pending tasks: 0
naming_10%16, pending tasks: 0
naming_11%16, pending tasks: 0
naming_12%16, pending tasks: 0
naming_13%16, pending tasks: 0
naming_14%16, pending tasks: 0
naming_15%16, pending tasks: 0


2026-05-17 13:20:25,179 INFO DISTRO:|0|0|0|

2026-05-17 13:21:25,182 INFO PERFORMANCE:|1|2|0|-1|-1|0|0

2026-05-17 13:21:25,182 INFO Task worker status: 
naming_0%16, pending tasks: 0
naming_1%16, pending tasks: 0
naming_2%16, pending tasks: 0
naming_3%16, pending tasks: 0
naming_4%16, pending tasks: 0
naming_5%16, pending tasks: 0
naming_6%16, pending tasks: 0
naming_7%16, pending tasks: 0
naming_8%16, pending tasks: 0
naming_9%16, pending tasks: 0
naming_10%16, pending tasks: 0
naming_11%16, pending tasks: 0
naming_12%16, pending tasks: 0
naming_13%16, pending tasks: 0
naming_14%16, pending tasks: 0
naming_15%16, pending tasks: 0


2026-05-17 13:21:25,182 INFO DISTRO:|0|0|0|

2026-05-17 13:22:25,187 INFO PERFORMANCE:|1|2|0|-1|-1|0|0

2026-05-17 13:22:25,188 INFO Task worker status: 
naming_0%16, pending tasks: 0
naming_1%16, pending tasks: 0
naming_2%16, pending tasks: 0
naming_3%16, pending tasks: 0
naming_4%16, pending tasks: 0
naming_5%16, pending tasks: 0
naming_6%16, pending tasks: 0
naming_7%16, pending tasks: 0
naming_8%16, pending tasks: 0
naming_9%16, pending tasks: 0
naming_10%16, pending tasks: 0
naming_11%16, pending tasks: 0
naming_12%16, pending tasks: 0
naming_13%16, pending tasks: 0
naming_14%16, pending tasks: 0
naming_15%16, pending tasks: 0


2026-05-17 13:22:25,188 INFO DISTRO:|0|0|0|

2026-05-17 13:23:25,198 INFO PERFORMANCE:|1|2|0|-1|-1|0|0

2026-05-17 13:23:25,198 INFO Task worker status: 
naming_0%16, pending tasks: 0
naming_1%16, pending tasks: 0
naming_2%16, pending tasks: 0
naming_3%16, pending tasks: 0
naming_4%16, pending tasks: 0
naming_5%16, pending tasks: 0
naming_6%16, pending tasks: 0
naming_7%16, pending tasks: 0
naming_8%16, pending tasks: 0
naming_9%16, pending tasks: 0
naming_10%16, pending tasks: 0
naming_11%16, pending tasks: 0
naming_12%16, pending tasks: 0
naming_13%16, pending tasks: 0
naming_14%16, pending tasks: 0
naming_15%16, pending tasks: 0


2026-05-17 13:23:25,198 INFO DISTRO:|0|0|0|

2026-05-17 13:24:25,208 INFO PERFORMANCE:|1|2|0|-1|-1|0|0

2026-05-17 13:24:25,208 INFO Task worker status: 
naming_0%16, pending tasks: 0
naming_1%16, pending tasks: 0
naming_2%16, pending tasks: 0
naming_3%16, pending tasks: 0
naming_4%16, pending tasks: 0
naming_5%16, pending tasks: 0
naming_6%16, pending tasks: 0
naming_7%16, pending tasks: 0
naming_8%16, pending tasks: 0
naming_9%16, pending tasks: 0
naming_10%16, pending tasks: 0
naming_11%16, pending tasks: 0
naming_12%16, pending tasks: 0
naming_13%16, pending tasks: 0
naming_14%16, pending tasks: 0
naming_15%16, pending tasks: 0


2026-05-17 13:24:25,208 INFO DISTRO:|0|0|0|

2026-05-17 13:25:25,210 INFO PERFORMANCE:|1|2|0|-1|-1|0|0

2026-05-17 13:25:25,210 INFO Task worker status: 
naming_0%16, pending tasks: 0
naming_1%16, pending tasks: 0
naming_2%16, pending tasks: 0
naming_3%16, pending tasks: 0
naming_4%16, pending tasks: 0
naming_5%16, pending tasks: 0
naming_6%16, pending tasks: 0
naming_7%16, pending tasks: 0
naming_8%16, pending tasks: 0
naming_9%16, pending tasks: 0
naming_10%16, pending tasks: 0
naming_11%16, pending tasks: 0
naming_12%16, pending tasks: 0
naming_13%16, pending tasks: 0
naming_14%16, pending tasks: 0
naming_15%16, pending tasks: 0


2026-05-17 13:25:25,210 INFO DISTRO:|0|0|0|

2026-05-17 13:26:25,217 INFO PERFORMANCE:|1|2|0|-1|-1|0|0

2026-05-17 13:26:25,218 INFO Task worker status: 
naming_0%16, pending tasks: 0
naming_1%16, pending tasks: 0
naming_2%16, pending tasks: 0
naming_3%16, pending tasks: 0
naming_4%16, pending tasks: 0
naming_5%16, pending tasks: 0
naming_6%16, pending tasks: 0
naming_7%16, pending tasks: 0
naming_8%16, pending tasks: 0
naming_9%16, pending tasks: 0
naming_10%16, pending tasks: 0
naming_11%16, pending tasks: 0
naming_12%16, pending tasks: 0
naming_13%16, pending tasks: 0
naming_14%16, pending tasks: 0
naming_15%16, pending tasks: 0


2026-05-17 13:26:25,218 INFO DISTRO:|0|0|0|

2026-05-17 13:27:25,225 INFO PERFORMANCE:|1|2|0|-1|-1|0|0

2026-05-17 13:27:25,225 INFO Task worker status: 
naming_0%16, pending tasks: 0
naming_1%16, pending tasks: 0
naming_2%16, pending tasks: 0
naming_3%16, pending tasks: 0
naming_4%16, pending tasks: 0
naming_5%16, pending tasks: 0
naming_6%16, pending tasks: 0
naming_7%16, pending tasks: 0
naming_8%16, pending tasks: 0
naming_9%16, pending tasks: 0
naming_10%16, pending tasks: 0
naming_11%16, pending tasks: 0
naming_12%16, pending tasks: 0
naming_13%16, pending tasks: 0
naming_14%16, pending tasks: 0
naming_15%16, pending tasks: 0


2026-05-17 13:27:25,225 INFO DISTRO:|0|0|0|

2026-05-17 13:28:25,230 INFO PERFORMANCE:|1|2|0|-1|-1|0|0

2026-05-17 13:28:25,230 INFO Task worker status: 
naming_0%16, pending tasks: 0
naming_1%16, pending tasks: 0
naming_2%16, pending tasks: 0
naming_3%16, pending tasks: 0
naming_4%16, pending tasks: 0
naming_5%16, pending tasks: 0
naming_6%16, pending tasks: 0
naming_7%16, pending tasks: 0
naming_8%16, pending tasks: 0
naming_9%16, pending tasks: 0
naming_10%16, pending tasks: 0
naming_11%16, pending tasks: 0
naming_12%16, pending tasks: 0
naming_13%16, pending tasks: 0
naming_14%16, pending tasks: 0
naming_15%16, pending tasks: 0


2026-05-17 13:28:25,230 INFO DISTRO:|0|0|0|

2026-05-17 13:29:25,235 INFO PERFORMANCE:|serviceCount|ipCount|subscribeCount|maxPushCost|avgPushCost|totalPushCount|failPushCount

2026-05-17 13:29:25,235 INFO DISTRO:|V1SyncDone|V1SyncFail|V2SyncDone|V2SyncFail|V2VerifyFail|

2026-05-17 13:29:25,235 INFO PERFORMANCE:|1|2|0|-1|-1|0|0

2026-05-17 13:29:25,235 INFO Task worker status: 
naming_0%16, pending tasks: 0
naming_1%16, pending tasks: 0
naming_2%16, pending tasks: 0
naming_3%16, pending tasks: 0
naming_4%16, pending tasks: 0
naming_5%16, pending tasks: 0
naming_6%16, pending tasks: 0
naming_7%16, pending tasks: 0
naming_8%16, pending tasks: 0
naming_9%16, pending tasks: 0
naming_10%16, pending tasks: 0
naming_11%16, pending tasks: 0
naming_12%16, pending tasks: 0
naming_13%16, pending tasks: 0
naming_14%16, pending tasks: 0
naming_15%16, pending tasks: 0


2026-05-17 13:29:25,235 INFO DISTRO:|0|0|0|

2026-05-17 13:30:25,243 INFO PERFORMANCE:|1|2|0|-1|-1|0|0

2026-05-17 13:30:25,243 INFO Task worker status: 
naming_0%16, pending tasks: 0
naming_1%16, pending tasks: 0
naming_2%16, pending tasks: 0
naming_3%16, pending tasks: 0
naming_4%16, pending tasks: 0
naming_5%16, pending tasks: 0
naming_6%16, pending tasks: 0
naming_7%16, pending tasks: 0
naming_8%16, pending tasks: 0
naming_9%16, pending tasks: 0
naming_10%16, pending tasks: 0
naming_11%16, pending tasks: 0
naming_12%16, pending tasks: 0
naming_13%16, pending tasks: 0
naming_14%16, pending tasks: 0
naming_15%16, pending tasks: 0


2026-05-17 13:30:25,243 INFO DISTRO:|0|0|0|

2026-05-17 13:31:25,253 INFO PERFORMANCE:|1|2|0|-1|-1|0|0

2026-05-17 13:31:25,253 INFO Task worker status: 
naming_0%16, pending tasks: 0
naming_1%16, pending tasks: 0
naming_2%16, pending tasks: 0
naming_3%16, pending tasks: 0
naming_4%16, pending tasks: 0
naming_5%16, pending tasks: 0
naming_6%16, pending tasks: 0
naming_7%16, pending tasks: 0
naming_8%16, pending tasks: 0
naming_9%16, pending tasks: 0
naming_10%16, pending tasks: 0
naming_11%16, pending tasks: 0
naming_12%16, pending tasks: 0
naming_13%16, pending tasks: 0
naming_14%16, pending tasks: 0
naming_15%16, pending tasks: 0


2026-05-17 13:31:25,253 INFO DISTRO:|0|0|0|

2026-05-17 13:32:25,265 INFO PERFORMANCE:|1|2|0|-1|-1|0|0

2026-05-17 13:32:25,265 INFO Task worker status: 
naming_0%16, pending tasks: 0
naming_1%16, pending tasks: 0
naming_2%16, pending tasks: 0
naming_3%16, pending tasks: 0
naming_4%16, pending tasks: 0
naming_5%16, pending tasks: 0
naming_6%16, pending tasks: 0
naming_7%16, pending tasks: 0
naming_8%16, pending tasks: 0
naming_9%16, pending tasks: 0
naming_10%16, pending tasks: 0
naming_11%16, pending tasks: 0
naming_12%16, pending tasks: 0
naming_13%16, pending tasks: 0
naming_14%16, pending tasks: 0
naming_15%16, pending tasks: 0


2026-05-17 13:32:25,265 INFO DISTRO:|0|0|0|

2026-05-17 13:33:25,270 INFO PERFORMANCE:|1|2|0|-1|-1|0|0

2026-05-17 13:33:25,270 INFO Task worker status: 
naming_0%16, pending tasks: 0
naming_1%16, pending tasks: 0
naming_2%16, pending tasks: 0
naming_3%16, pending tasks: 0
naming_4%16, pending tasks: 0
naming_5%16, pending tasks: 0
naming_6%16, pending tasks: 0
naming_7%16, pending tasks: 0
naming_8%16, pending tasks: 0
naming_9%16, pending tasks: 0
naming_10%16, pending tasks: 0
naming_11%16, pending tasks: 0
naming_12%16, pending tasks: 0
naming_13%16, pending tasks: 0
naming_14%16, pending tasks: 0
naming_15%16, pending tasks: 0


2026-05-17 13:33:25,270 INFO DISTRO:|0|0|0|

2026-05-17 13:34:25,272 INFO PERFORMANCE:|1|2|0|-1|-1|0|0

2026-05-17 13:34:25,272 INFO Task worker status: 
naming_0%16, pending tasks: 0
naming_1%16, pending tasks: 0
naming_2%16, pending tasks: 0
naming_3%16, pending tasks: 0
naming_4%16, pending tasks: 0
naming_5%16, pending tasks: 0
naming_6%16, pending tasks: 0
naming_7%16, pending tasks: 0
naming_8%16, pending tasks: 0
naming_9%16, pending tasks: 0
naming_10%16, pending tasks: 0
naming_11%16, pending tasks: 0
naming_12%16, pending tasks: 0
naming_13%16, pending tasks: 0
naming_14%16, pending tasks: 0
naming_15%16, pending tasks: 0


2026-05-17 13:34:25,272 INFO DISTRO:|0|0|0|

2026-05-17 13:35:25,282 INFO PERFORMANCE:|1|2|0|-1|-1|0|0

2026-05-17 13:35:25,282 INFO Task worker status: 
naming_0%16, pending tasks: 0
naming_1%16, pending tasks: 0
naming_2%16, pending tasks: 0
naming_3%16, pending tasks: 0
naming_4%16, pending tasks: 0
naming_5%16, pending tasks: 0
naming_6%16, pending tasks: 0
naming_7%16, pending tasks: 0
naming_8%16, pending tasks: 0
naming_9%16, pending tasks: 0
naming_10%16, pending tasks: 0
naming_11%16, pending tasks: 0
naming_12%16, pending tasks: 0
naming_13%16, pending tasks: 0
naming_14%16, pending tasks: 0
naming_15%16, pending tasks: 0


2026-05-17 13:35:25,282 INFO DISTRO:|0|0|0|

2026-05-17 13:36:25,292 INFO PERFORMANCE:|1|2|0|-1|-1|0|0

2026-05-17 13:36:25,292 INFO Task worker status: 
naming_0%16, pending tasks: 0
naming_1%16, pending tasks: 0
naming_2%16, pending tasks: 0
naming_3%16, pending tasks: 0
naming_4%16, pending tasks: 0
naming_5%16, pending tasks: 0
naming_6%16, pending tasks: 0
naming_7%16, pending tasks: 0
naming_8%16, pending tasks: 0
naming_9%16, pending tasks: 0
naming_10%16, pending tasks: 0
naming_11%16, pending tasks: 0
naming_12%16, pending tasks: 0
naming_13%16, pending tasks: 0
naming_14%16, pending tasks: 0
naming_15%16, pending tasks: 0


2026-05-17 13:36:25,292 INFO DISTRO:|0|0|0|

2026-05-17 13:37:25,292 INFO PERFORMANCE:|1|2|0|-1|-1|0|0

2026-05-17 13:37:25,292 INFO Task worker status: 
naming_0%16, pending tasks: 0
naming_1%16, pending tasks: 0
naming_2%16, pending tasks: 0
naming_3%16, pending tasks: 0
naming_4%16, pending tasks: 0
naming_5%16, pending tasks: 0
naming_6%16, pending tasks: 0
naming_7%16, pending tasks: 0
naming_8%16, pending tasks: 0
naming_9%16, pending tasks: 0
naming_10%16, pending tasks: 0
naming_11%16, pending tasks: 0
naming_12%16, pending tasks: 0
naming_13%16, pending tasks: 0
naming_14%16, pending tasks: 0
naming_15%16, pending tasks: 0


2026-05-17 13:37:25,292 INFO DISTRO:|0|0|0|

2026-05-17 13:38:25,296 INFO PERFORMANCE:|1|2|0|-1|-1|0|0

2026-05-17 13:38:25,297 INFO Task worker status: 
naming_0%16, pending tasks: 0
naming_1%16, pending tasks: 0
naming_2%16, pending tasks: 0
naming_3%16, pending tasks: 0
naming_4%16, pending tasks: 0
naming_5%16, pending tasks: 0
naming_6%16, pending tasks: 0
naming_7%16, pending tasks: 0
naming_8%16, pending tasks: 0
naming_9%16, pending tasks: 0
naming_10%16, pending tasks: 0
naming_11%16, pending tasks: 0
naming_12%16, pending tasks: 0
naming_13%16, pending tasks: 0
naming_14%16, pending tasks: 0
naming_15%16, pending tasks: 0


2026-05-17 13:38:25,297 INFO DISTRO:|0|0|0|

2026-05-17 13:39:25,305 INFO PERFORMANCE:|serviceCount|ipCount|subscribeCount|maxPushCost|avgPushCost|totalPushCount|failPushCount

2026-05-17 13:39:25,305 INFO DISTRO:|V1SyncDone|V1SyncFail|V2SyncDone|V2SyncFail|V2VerifyFail|

2026-05-17 13:39:25,305 INFO PERFORMANCE:|1|2|0|-1|-1|0|0

2026-05-17 13:39:25,305 INFO Task worker status: 
naming_0%16, pending tasks: 0
naming_1%16, pending tasks: 0
naming_2%16, pending tasks: 0
naming_3%16, pending tasks: 0
naming_4%16, pending tasks: 0
naming_5%16, pending tasks: 0
naming_6%16, pending tasks: 0
naming_7%16, pending tasks: 0
naming_8%16, pending tasks: 0
naming_9%16, pending tasks: 0
naming_10%16, pending tasks: 0
naming_11%16, pending tasks: 0
naming_12%16, pending tasks: 0
naming_13%16, pending tasks: 0
naming_14%16, pending tasks: 0
naming_15%16, pending tasks: 0


2026-05-17 13:39:25,305 INFO DISTRO:|0|0|0|

2026-05-17 13:40:25,308 INFO PERFORMANCE:|1|2|0|-1|-1|0|0

2026-05-17 13:40:25,308 INFO Task worker status: 
naming_0%16, pending tasks: 0
naming_1%16, pending tasks: 0
naming_2%16, pending tasks: 0
naming_3%16, pending tasks: 0
naming_4%16, pending tasks: 0
naming_5%16, pending tasks: 0
naming_6%16, pending tasks: 0
naming_7%16, pending tasks: 0
naming_8%16, pending tasks: 0
naming_9%16, pending tasks: 0
naming_10%16, pending tasks: 0
naming_11%16, pending tasks: 0
naming_12%16, pending tasks: 0
naming_13%16, pending tasks: 0
naming_14%16, pending tasks: 0
naming_15%16, pending tasks: 0


2026-05-17 13:40:25,308 INFO DISTRO:|0|0|0|

2026-05-17 13:41:25,310 INFO PERFORMANCE:|1|2|0|-1|-1|0|0

2026-05-17 13:41:25,310 INFO Task worker status: 
naming_0%16, pending tasks: 0
naming_1%16, pending tasks: 0
naming_2%16, pending tasks: 0
naming_3%16, pending tasks: 0
naming_4%16, pending tasks: 0
naming_5%16, pending tasks: 0
naming_6%16, pending tasks: 0
naming_7%16, pending tasks: 0
naming_8%16, pending tasks: 0
naming_9%16, pending tasks: 0
naming_10%16, pending tasks: 0
naming_11%16, pending tasks: 0
naming_12%16, pending tasks: 0
naming_13%16, pending tasks: 0
naming_14%16, pending tasks: 0
naming_15%16, pending tasks: 0


2026-05-17 13:41:25,310 INFO DISTRO:|0|0|0|

2026-05-17 13:42:25,311 INFO PERFORMANCE:|1|2|0|-1|-1|0|0

2026-05-17 13:42:25,311 INFO Task worker status: 
naming_0%16, pending tasks: 0
naming_1%16, pending tasks: 0
naming_2%16, pending tasks: 0
naming_3%16, pending tasks: 0
naming_4%16, pending tasks: 0
naming_5%16, pending tasks: 0
naming_6%16, pending tasks: 0
naming_7%16, pending tasks: 0
naming_8%16, pending tasks: 0
naming_9%16, pending tasks: 0
naming_10%16, pending tasks: 0
naming_11%16, pending tasks: 0
naming_12%16, pending tasks: 0
naming_13%16, pending tasks: 0
naming_14%16, pending tasks: 0
naming_15%16, pending tasks: 0


2026-05-17 13:42:25,311 INFO DISTRO:|0|0|0|

2026-05-17 13:43:25,325 INFO PERFORMANCE:|1|2|0|-1|-1|0|0

2026-05-17 13:43:25,325 INFO Task worker status: 
naming_0%16, pending tasks: 0
naming_1%16, pending tasks: 0
naming_2%16, pending tasks: 0
naming_3%16, pending tasks: 0
naming_4%16, pending tasks: 0
naming_5%16, pending tasks: 0
naming_6%16, pending tasks: 0
naming_7%16, pending tasks: 0
naming_8%16, pending tasks: 0
naming_9%16, pending tasks: 0
naming_10%16, pending tasks: 0
naming_11%16, pending tasks: 0
naming_12%16, pending tasks: 0
naming_13%16, pending tasks: 0
naming_14%16, pending tasks: 0
naming_15%16, pending tasks: 0


2026-05-17 13:43:25,325 INFO DISTRO:|0|0|0|

2026-05-17 13:44:25,332 INFO PERFORMANCE:|1|2|0|-1|-1|0|0

2026-05-17 13:44:25,332 INFO Task worker status: 
naming_0%16, pending tasks: 0
naming_1%16, pending tasks: 0
naming_2%16, pending tasks: 0
naming_3%16, pending tasks: 0
naming_4%16, pending tasks: 0
naming_5%16, pending tasks: 0
naming_6%16, pending tasks: 0
naming_7%16, pending tasks: 0
naming_8%16, pending tasks: 0
naming_9%16, pending tasks: 0
naming_10%16, pending tasks: 0
naming_11%16, pending tasks: 0
naming_12%16, pending tasks: 0
naming_13%16, pending tasks: 0
naming_14%16, pending tasks: 0
naming_15%16, pending tasks: 0


2026-05-17 13:44:25,332 INFO DISTRO:|0|0|0|

2026-05-17 13:45:25,335 INFO PERFORMANCE:|1|2|0|-1|-1|0|0

2026-05-17 13:45:25,335 INFO Task worker status: 
naming_0%16, pending tasks: 0
naming_1%16, pending tasks: 0
naming_2%16, pending tasks: 0
naming_3%16, pending tasks: 0
naming_4%16, pending tasks: 0
naming_5%16, pending tasks: 0
naming_6%16, pending tasks: 0
naming_7%16, pending tasks: 0
naming_8%16, pending tasks: 0
naming_9%16, pending tasks: 0
naming_10%16, pending tasks: 0
naming_11%16, pending tasks: 0
naming_12%16, pending tasks: 0
naming_13%16, pending tasks: 0
naming_14%16, pending tasks: 0
naming_15%16, pending tasks: 0


2026-05-17 13:45:25,335 INFO DISTRO:|0|0|0|

2026-05-17 13:46:25,340 INFO PERFORMANCE:|1|2|0|-1|-1|0|0

2026-05-17 13:46:25,340 INFO Task worker status: 
naming_0%16, pending tasks: 0
naming_1%16, pending tasks: 0
naming_2%16, pending tasks: 0
naming_3%16, pending tasks: 0
naming_4%16, pending tasks: 0
naming_5%16, pending tasks: 0
naming_6%16, pending tasks: 0
naming_7%16, pending tasks: 0
naming_8%16, pending tasks: 0
naming_9%16, pending tasks: 0
naming_10%16, pending tasks: 0
naming_11%16, pending tasks: 0
naming_12%16, pending tasks: 0
naming_13%16, pending tasks: 0
naming_14%16, pending tasks: 0
naming_15%16, pending tasks: 0


2026-05-17 13:46:25,340 INFO DISTRO:|0|0|0|

2026-05-17 13:47:25,351 INFO PERFORMANCE:|1|2|0|-1|-1|0|0

2026-05-17 13:47:25,351 INFO Task worker status: 
naming_0%16, pending tasks: 0
naming_1%16, pending tasks: 0
naming_2%16, pending tasks: 0
naming_3%16, pending tasks: 0
naming_4%16, pending tasks: 0
naming_5%16, pending tasks: 0
naming_6%16, pending tasks: 0
naming_7%16, pending tasks: 0
naming_8%16, pending tasks: 0
naming_9%16, pending tasks: 0
naming_10%16, pending tasks: 0
naming_11%16, pending tasks: 0
naming_12%16, pending tasks: 0
naming_13%16, pending tasks: 0
naming_14%16, pending tasks: 0
naming_15%16, pending tasks: 0


2026-05-17 13:47:25,351 INFO DISTRO:|0|0|0|

2026-05-17 13:48:25,355 INFO PERFORMANCE:|1|2|0|-1|-1|0|0

2026-05-17 13:48:25,355 INFO Task worker status: 
naming_0%16, pending tasks: 0
naming_1%16, pending tasks: 0
naming_2%16, pending tasks: 0
naming_3%16, pending tasks: 0
naming_4%16, pending tasks: 0
naming_5%16, pending tasks: 0
naming_6%16, pending tasks: 0
naming_7%16, pending tasks: 0
naming_8%16, pending tasks: 0
naming_9%16, pending tasks: 0
naming_10%16, pending tasks: 0
naming_11%16, pending tasks: 0
naming_12%16, pending tasks: 0
naming_13%16, pending tasks: 0
naming_14%16, pending tasks: 0
naming_15%16, pending tasks: 0


2026-05-17 13:48:25,355 INFO DISTRO:|0|0|0|

2026-05-17 13:49:25,360 INFO PERFORMANCE:|serviceCount|ipCount|subscribeCount|maxPushCost|avgPushCost|totalPushCount|failPushCount

2026-05-17 13:49:25,360 INFO DISTRO:|V1SyncDone|V1SyncFail|V2SyncDone|V2SyncFail|V2VerifyFail|

2026-05-17 13:49:25,360 INFO PERFORMANCE:|1|2|0|-1|-1|0|0

2026-05-17 13:49:25,360 INFO Task worker status: 
naming_0%16, pending tasks: 0
naming_1%16, pending tasks: 0
naming_2%16, pending tasks: 0
naming_3%16, pending tasks: 0
naming_4%16, pending tasks: 0
naming_5%16, pending tasks: 0
naming_6%16, pending tasks: 0
naming_7%16, pending tasks: 0
naming_8%16, pending tasks: 0
naming_9%16, pending tasks: 0
naming_10%16, pending tasks: 0
naming_11%16, pending tasks: 0
naming_12%16, pending tasks: 0
naming_13%16, pending tasks: 0
naming_14%16, pending tasks: 0
naming_15%16, pending tasks: 0


2026-05-17 13:49:25,360 INFO DISTRO:|0|0|0|

2026-05-17 13:50:25,374 INFO PERFORMANCE:|1|2|0|-1|-1|0|0

2026-05-17 13:50:25,374 INFO Task worker status: 
naming_0%16, pending tasks: 0
naming_1%16, pending tasks: 0
naming_2%16, pending tasks: 0
naming_3%16, pending tasks: 0
naming_4%16, pending tasks: 0
naming_5%16, pending tasks: 0
naming_6%16, pending tasks: 0
naming_7%16, pending tasks: 0
naming_8%16, pending tasks: 0
naming_9%16, pending tasks: 0
naming_10%16, pending tasks: 0
naming_11%16, pending tasks: 0
naming_12%16, pending tasks: 0
naming_13%16, pending tasks: 0
naming_14%16, pending tasks: 0
naming_15%16, pending tasks: 0


2026-05-17 13:50:25,374 INFO DISTRO:|0|0|0|

2026-05-17 13:51:25,383 INFO PERFORMANCE:|1|2|0|-1|-1|0|0

2026-05-17 13:51:25,383 INFO Task worker status: 
naming_0%16, pending tasks: 0
naming_1%16, pending tasks: 0
naming_2%16, pending tasks: 0
naming_3%16, pending tasks: 0
naming_4%16, pending tasks: 0
naming_5%16, pending tasks: 0
naming_6%16, pending tasks: 0
naming_7%16, pending tasks: 0
naming_8%16, pending tasks: 0
naming_9%16, pending tasks: 0
naming_10%16, pending tasks: 0
naming_11%16, pending tasks: 0
naming_12%16, pending tasks: 0
naming_13%16, pending tasks: 0
naming_14%16, pending tasks: 0
naming_15%16, pending tasks: 0


2026-05-17 13:51:25,383 INFO DISTRO:|0|0|0|

2026-05-17 13:52:25,389 INFO PERFORMANCE:|1|2|0|-1|-1|0|0

2026-05-17 13:52:25,389 INFO Task worker status: 
naming_0%16, pending tasks: 0
naming_1%16, pending tasks: 0
naming_2%16, pending tasks: 0
naming_3%16, pending tasks: 0
naming_4%16, pending tasks: 0
naming_5%16, pending tasks: 0
naming_6%16, pending tasks: 0
naming_7%16, pending tasks: 0
naming_8%16, pending tasks: 0
naming_9%16, pending tasks: 0
naming_10%16, pending tasks: 0
naming_11%16, pending tasks: 0
naming_12%16, pending tasks: 0
naming_13%16, pending tasks: 0
naming_14%16, pending tasks: 0
naming_15%16, pending tasks: 0


2026-05-17 13:52:25,389 INFO DISTRO:|0|0|0|

2026-05-17 13:53:25,399 INFO PERFORMANCE:|1|2|0|-1|-1|0|0

2026-05-17 13:53:25,399 INFO Task worker status: 
naming_0%16, pending tasks: 0
naming_1%16, pending tasks: 0
naming_2%16, pending tasks: 0
naming_3%16, pending tasks: 0
naming_4%16, pending tasks: 0
naming_5%16, pending tasks: 0
naming_6%16, pending tasks: 0
naming_7%16, pending tasks: 0
naming_8%16, pending tasks: 0
naming_9%16, pending tasks: 0
naming_10%16, pending tasks: 0
naming_11%16, pending tasks: 0
naming_12%16, pending tasks: 0
naming_13%16, pending tasks: 0
naming_14%16, pending tasks: 0
naming_15%16, pending tasks: 0


2026-05-17 13:53:25,399 INFO DISTRO:|0|0|0|

2026-05-17 13:54:25,414 INFO PERFORMANCE:|1|2|0|-1|-1|0|0

2026-05-17 13:54:25,414 INFO Task worker status: 
naming_0%16, pending tasks: 0
naming_1%16, pending tasks: 0
naming_2%16, pending tasks: 0
naming_3%16, pending tasks: 0
naming_4%16, pending tasks: 0
naming_5%16, pending tasks: 0
naming_6%16, pending tasks: 0
naming_7%16, pending tasks: 0
naming_8%16, pending tasks: 0
naming_9%16, pending tasks: 0
naming_10%16, pending tasks: 0
naming_11%16, pending tasks: 0
naming_12%16, pending tasks: 0
naming_13%16, pending tasks: 0
naming_14%16, pending tasks: 0
naming_15%16, pending tasks: 0


2026-05-17 13:54:25,414 INFO DISTRO:|0|0|0|

2026-05-17 13:55:25,429 INFO PERFORMANCE:|1|2|0|-1|-1|0|0

2026-05-17 13:55:25,429 INFO Task worker status: 
naming_0%16, pending tasks: 0
naming_1%16, pending tasks: 0
naming_2%16, pending tasks: 0
naming_3%16, pending tasks: 0
naming_4%16, pending tasks: 0
naming_5%16, pending tasks: 0
naming_6%16, pending tasks: 0
naming_7%16, pending tasks: 0
naming_8%16, pending tasks: 0
naming_9%16, pending tasks: 0
naming_10%16, pending tasks: 0
naming_11%16, pending tasks: 0
naming_12%16, pending tasks: 0
naming_13%16, pending tasks: 0
naming_14%16, pending tasks: 0
naming_15%16, pending tasks: 0


2026-05-17 13:55:25,429 INFO DISTRO:|0|0|0|

2026-05-17 13:56:25,445 INFO PERFORMANCE:|1|2|0|-1|-1|0|0

2026-05-17 13:56:25,445 INFO Task worker status: 
naming_0%16, pending tasks: 0
naming_1%16, pending tasks: 0
naming_2%16, pending tasks: 0
naming_3%16, pending tasks: 0
naming_4%16, pending tasks: 0
naming_5%16, pending tasks: 0
naming_6%16, pending tasks: 0
naming_7%16, pending tasks: 0
naming_8%16, pending tasks: 0
naming_9%16, pending tasks: 0
naming_10%16, pending tasks: 0
naming_11%16, pending tasks: 0
naming_12%16, pending tasks: 0
naming_13%16, pending tasks: 0
naming_14%16, pending tasks: 0
naming_15%16, pending tasks: 0


2026-05-17 13:56:25,445 INFO DISTRO:|0|0|0|

2026-05-17 13:57:25,451 INFO PERFORMANCE:|1|2|0|-1|-1|0|0

2026-05-17 13:57:25,451 INFO Task worker status: 
naming_0%16, pending tasks: 0
naming_1%16, pending tasks: 0
naming_2%16, pending tasks: 0
naming_3%16, pending tasks: 0
naming_4%16, pending tasks: 0
naming_5%16, pending tasks: 0
naming_6%16, pending tasks: 0
naming_7%16, pending tasks: 0
naming_8%16, pending tasks: 0
naming_9%16, pending tasks: 0
naming_10%16, pending tasks: 0
naming_11%16, pending tasks: 0
naming_12%16, pending tasks: 0
naming_13%16, pending tasks: 0
naming_14%16, pending tasks: 0
naming_15%16, pending tasks: 0


2026-05-17 13:57:25,451 INFO DISTRO:|0|0|0|

2026-05-17 13:58:25,455 INFO PERFORMANCE:|1|2|0|-1|-1|0|0

2026-05-17 13:58:25,455 INFO Task worker status: 
naming_0%16, pending tasks: 0
naming_1%16, pending tasks: 0
naming_2%16, pending tasks: 0
naming_3%16, pending tasks: 0
naming_4%16, pending tasks: 0
naming_5%16, pending tasks: 0
naming_6%16, pending tasks: 0
naming_7%16, pending tasks: 0
naming_8%16, pending tasks: 0
naming_9%16, pending tasks: 0
naming_10%16, pending tasks: 0
naming_11%16, pending tasks: 0
naming_12%16, pending tasks: 0
naming_13%16, pending tasks: 0
naming_14%16, pending tasks: 0
naming_15%16, pending tasks: 0


2026-05-17 13:58:25,455 INFO DISTRO:|0|0|0|

2026-05-17 13:59:25,462 INFO PERFORMANCE:|serviceCount|ipCount|subscribeCount|maxPushCost|avgPushCost|totalPushCount|failPushCount

2026-05-17 13:59:25,462 INFO DISTRO:|V1SyncDone|V1SyncFail|V2SyncDone|V2SyncFail|V2VerifyFail|

2026-05-17 13:59:25,462 INFO PERFORMANCE:|1|2|0|-1|-1|0|0

2026-05-17 13:59:25,462 INFO Task worker status: 
naming_0%16, pending tasks: 0
naming_1%16, pending tasks: 0
naming_2%16, pending tasks: 0
naming_3%16, pending tasks: 0
naming_4%16, pending tasks: 0
naming_5%16, pending tasks: 0
naming_6%16, pending tasks: 0
naming_7%16, pending tasks: 0
naming_8%16, pending tasks: 0
naming_9%16, pending tasks: 0
naming_10%16, pending tasks: 0
naming_11%16, pending tasks: 0
naming_12%16, pending tasks: 0
naming_13%16, pending tasks: 0
naming_14%16, pending tasks: 0
naming_15%16, pending tasks: 0


2026-05-17 13:59:25,462 INFO DISTRO:|0|0|0|

2026-05-17 14:00:25,478 INFO PERFORMANCE:|1|2|0|-1|-1|0|0

2026-05-17 14:00:25,478 INFO Task worker status: 
naming_0%16, pending tasks: 0
naming_1%16, pending tasks: 0
naming_2%16, pending tasks: 0
naming_3%16, pending tasks: 0
naming_4%16, pending tasks: 0
naming_5%16, pending tasks: 0
naming_6%16, pending tasks: 0
naming_7%16, pending tasks: 0
naming_8%16, pending tasks: 0
naming_9%16, pending tasks: 0
naming_10%16, pending tasks: 0
naming_11%16, pending tasks: 0
naming_12%16, pending tasks: 0
naming_13%16, pending tasks: 0
naming_14%16, pending tasks: 0
naming_15%16, pending tasks: 0


2026-05-17 14:00:25,478 INFO DISTRO:|0|0|0|

2026-05-17 14:01:25,483 INFO PERFORMANCE:|1|2|0|-1|-1|0|0

2026-05-17 14:01:25,483 INFO Task worker status: 
naming_0%16, pending tasks: 0
naming_1%16, pending tasks: 0
naming_2%16, pending tasks: 0
naming_3%16, pending tasks: 0
naming_4%16, pending tasks: 0
naming_5%16, pending tasks: 0
naming_6%16, pending tasks: 0
naming_7%16, pending tasks: 0
naming_8%16, pending tasks: 0
naming_9%16, pending tasks: 0
naming_10%16, pending tasks: 0
naming_11%16, pending tasks: 0
naming_12%16, pending tasks: 0
naming_13%16, pending tasks: 0
naming_14%16, pending tasks: 0
naming_15%16, pending tasks: 0


2026-05-17 14:01:25,483 INFO DISTRO:|0|0|0|

2026-05-17 14:02:25,495 INFO PERFORMANCE:|1|2|0|-1|-1|0|0

2026-05-17 14:02:25,495 INFO Task worker status: 
naming_0%16, pending tasks: 0
naming_1%16, pending tasks: 0
naming_2%16, pending tasks: 0
naming_3%16, pending tasks: 0
naming_4%16, pending tasks: 0
naming_5%16, pending tasks: 0
naming_6%16, pending tasks: 0
naming_7%16, pending tasks: 0
naming_8%16, pending tasks: 0
naming_9%16, pending tasks: 0
naming_10%16, pending tasks: 0
naming_11%16, pending tasks: 0
naming_12%16, pending tasks: 0
naming_13%16, pending tasks: 0
naming_14%16, pending tasks: 0
naming_15%16, pending tasks: 0


2026-05-17 14:02:25,495 INFO DISTRO:|0|0|0|

2026-05-17 14:03:25,509 INFO PERFORMANCE:|1|2|0|-1|-1|0|0

2026-05-17 14:03:25,509 INFO Task worker status: 
naming_0%16, pending tasks: 0
naming_1%16, pending tasks: 0
naming_2%16, pending tasks: 0
naming_3%16, pending tasks: 0
naming_4%16, pending tasks: 0
naming_5%16, pending tasks: 0
naming_6%16, pending tasks: 0
naming_7%16, pending tasks: 0
naming_8%16, pending tasks: 0
naming_9%16, pending tasks: 0
naming_10%16, pending tasks: 0
naming_11%16, pending tasks: 0
naming_12%16, pending tasks: 0
naming_13%16, pending tasks: 0
naming_14%16, pending tasks: 0
naming_15%16, pending tasks: 0


2026-05-17 14:03:25,509 INFO DISTRO:|0|0|0|

2026-05-17 14:04:25,524 INFO PERFORMANCE:|1|2|0|-1|-1|0|0

2026-05-17 14:04:25,524 INFO Task worker status: 
naming_0%16, pending tasks: 0
naming_1%16, pending tasks: 0
naming_2%16, pending tasks: 0
naming_3%16, pending tasks: 0
naming_4%16, pending tasks: 0
naming_5%16, pending tasks: 0
naming_6%16, pending tasks: 0
naming_7%16, pending tasks: 0
naming_8%16, pending tasks: 0
naming_9%16, pending tasks: 0
naming_10%16, pending tasks: 0
naming_11%16, pending tasks: 0
naming_12%16, pending tasks: 0
naming_13%16, pending tasks: 0
naming_14%16, pending tasks: 0
naming_15%16, pending tasks: 0


2026-05-17 14:04:25,524 INFO DISTRO:|0|0|0|

2026-05-17 14:05:25,530 INFO PERFORMANCE:|1|2|0|-1|-1|0|0

2026-05-17 14:05:25,530 INFO Task worker status: 
naming_0%16, pending tasks: 0
naming_1%16, pending tasks: 0
naming_2%16, pending tasks: 0
naming_3%16, pending tasks: 0
naming_4%16, pending tasks: 0
naming_5%16, pending tasks: 0
naming_6%16, pending tasks: 0
naming_7%16, pending tasks: 0
naming_8%16, pending tasks: 0
naming_9%16, pending tasks: 0
naming_10%16, pending tasks: 0
naming_11%16, pending tasks: 0
naming_12%16, pending tasks: 0
naming_13%16, pending tasks: 0
naming_14%16, pending tasks: 0
naming_15%16, pending tasks: 0


2026-05-17 14:05:25,530 INFO DISTRO:|0|0|0|

2026-05-17 14:06:25,534 INFO PERFORMANCE:|1|2|0|-1|-1|0|0

2026-05-17 14:06:25,534 INFO Task worker status: 
naming_0%16, pending tasks: 0
naming_1%16, pending tasks: 0
naming_2%16, pending tasks: 0
naming_3%16, pending tasks: 0
naming_4%16, pending tasks: 0
naming_5%16, pending tasks: 0
naming_6%16, pending tasks: 0
naming_7%16, pending tasks: 0
naming_8%16, pending tasks: 0
naming_9%16, pending tasks: 0
naming_10%16, pending tasks: 0
naming_11%16, pending tasks: 0
naming_12%16, pending tasks: 0
naming_13%16, pending tasks: 0
naming_14%16, pending tasks: 0
naming_15%16, pending tasks: 0


2026-05-17 14:06:25,534 INFO DISTRO:|0|0|0|

2026-05-17 14:07:25,539 INFO PERFORMANCE:|1|2|0|-1|-1|0|0

2026-05-17 14:07:25,539 INFO Task worker status: 
naming_0%16, pending tasks: 0
naming_1%16, pending tasks: 0
naming_2%16, pending tasks: 0
naming_3%16, pending tasks: 0
naming_4%16, pending tasks: 0
naming_5%16, pending tasks: 0
naming_6%16, pending tasks: 0
naming_7%16, pending tasks: 0
naming_8%16, pending tasks: 0
naming_9%16, pending tasks: 0
naming_10%16, pending tasks: 0
naming_11%16, pending tasks: 0
naming_12%16, pending tasks: 0
naming_13%16, pending tasks: 0
naming_14%16, pending tasks: 0
naming_15%16, pending tasks: 0


2026-05-17 14:07:25,539 INFO DISTRO:|0|0|0|

2026-05-17 14:08:25,550 INFO PERFORMANCE:|1|2|0|-1|-1|0|0

2026-05-17 14:08:25,550 INFO Task worker status: 
naming_0%16, pending tasks: 0
naming_1%16, pending tasks: 0
naming_2%16, pending tasks: 0
naming_3%16, pending tasks: 0
naming_4%16, pending tasks: 0
naming_5%16, pending tasks: 0
naming_6%16, pending tasks: 0
naming_7%16, pending tasks: 0
naming_8%16, pending tasks: 0
naming_9%16, pending tasks: 0
naming_10%16, pending tasks: 0
naming_11%16, pending tasks: 0
naming_12%16, pending tasks: 0
naming_13%16, pending tasks: 0
naming_14%16, pending tasks: 0
naming_15%16, pending tasks: 0


2026-05-17 14:08:25,550 INFO DISTRO:|0|0|0|

2026-05-17 14:09:25,555 INFO PERFORMANCE:|serviceCount|ipCount|subscribeCount|maxPushCost|avgPushCost|totalPushCount|failPushCount

2026-05-17 14:09:25,555 INFO DISTRO:|V1SyncDone|V1SyncFail|V2SyncDone|V2SyncFail|V2VerifyFail|

2026-05-17 14:09:25,555 INFO PERFORMANCE:|1|2|0|-1|-1|0|0

2026-05-17 14:09:25,555 INFO Task worker status: 
naming_0%16, pending tasks: 0
naming_1%16, pending tasks: 0
naming_2%16, pending tasks: 0
naming_3%16, pending tasks: 0
naming_4%16, pending tasks: 0
naming_5%16, pending tasks: 0
naming_6%16, pending tasks: 0
naming_7%16, pending tasks: 0
naming_8%16, pending tasks: 0
naming_9%16, pending tasks: 0
naming_10%16, pending tasks: 0
naming_11%16, pending tasks: 0
naming_12%16, pending tasks: 0
naming_13%16, pending tasks: 0
naming_14%16, pending tasks: 0
naming_15%16, pending tasks: 0


2026-05-17 14:09:25,555 INFO DISTRO:|0|0|0|

2026-05-17 14:10:25,571 INFO PERFORMANCE:|1|2|0|-1|-1|0|0

2026-05-17 14:10:25,571 INFO Task worker status: 
naming_0%16, pending tasks: 0
naming_1%16, pending tasks: 0
naming_2%16, pending tasks: 0
naming_3%16, pending tasks: 0
naming_4%16, pending tasks: 0
naming_5%16, pending tasks: 0
naming_6%16, pending tasks: 0
naming_7%16, pending tasks: 0
naming_8%16, pending tasks: 0
naming_9%16, pending tasks: 0
naming_10%16, pending tasks: 0
naming_11%16, pending tasks: 0
naming_12%16, pending tasks: 0
naming_13%16, pending tasks: 0
naming_14%16, pending tasks: 0
naming_15%16, pending tasks: 0


2026-05-17 14:10:25,571 INFO DISTRO:|0|0|0|

2026-05-17 14:11:25,586 INFO PERFORMANCE:|1|2|0|-1|-1|0|0

2026-05-17 14:11:25,587 INFO Task worker status: 
naming_0%16, pending tasks: 0
naming_1%16, pending tasks: 0
naming_2%16, pending tasks: 0
naming_3%16, pending tasks: 0
naming_4%16, pending tasks: 0
naming_5%16, pending tasks: 0
naming_6%16, pending tasks: 0
naming_7%16, pending tasks: 0
naming_8%16, pending tasks: 0
naming_9%16, pending tasks: 0
naming_10%16, pending tasks: 0
naming_11%16, pending tasks: 0
naming_12%16, pending tasks: 0
naming_13%16, pending tasks: 0
naming_14%16, pending tasks: 0
naming_15%16, pending tasks: 0


2026-05-17 14:11:25,587 INFO DISTRO:|0|0|0|

2026-05-17 14:12:25,595 INFO PERFORMANCE:|1|2|0|-1|-1|0|0

2026-05-17 14:12:25,595 INFO Task worker status: 
naming_0%16, pending tasks: 0
naming_1%16, pending tasks: 0
naming_2%16, pending tasks: 0
naming_3%16, pending tasks: 0
naming_4%16, pending tasks: 0
naming_5%16, pending tasks: 0
naming_6%16, pending tasks: 0
naming_7%16, pending tasks: 0
naming_8%16, pending tasks: 0
naming_9%16, pending tasks: 0
naming_10%16, pending tasks: 0
naming_11%16, pending tasks: 0
naming_12%16, pending tasks: 0
naming_13%16, pending tasks: 0
naming_14%16, pending tasks: 0
naming_15%16, pending tasks: 0


2026-05-17 14:12:25,595 INFO DISTRO:|0|0|0|

2026-05-17 14:13:25,604 INFO PERFORMANCE:|1|2|0|-1|-1|0|0

2026-05-17 14:13:25,604 INFO Task worker status: 
naming_0%16, pending tasks: 0
naming_1%16, pending tasks: 0
naming_2%16, pending tasks: 0
naming_3%16, pending tasks: 0
naming_4%16, pending tasks: 0
naming_5%16, pending tasks: 0
naming_6%16, pending tasks: 0
naming_7%16, pending tasks: 0
naming_8%16, pending tasks: 0
naming_9%16, pending tasks: 0
naming_10%16, pending tasks: 0
naming_11%16, pending tasks: 0
naming_12%16, pending tasks: 0
naming_13%16, pending tasks: 0
naming_14%16, pending tasks: 0
naming_15%16, pending tasks: 0


2026-05-17 14:13:25,604 INFO DISTRO:|0|0|0|

2026-05-17 14:14:25,614 INFO PERFORMANCE:|1|2|0|-1|-1|0|0

2026-05-17 14:14:25,614 INFO Task worker status: 
naming_0%16, pending tasks: 0
naming_1%16, pending tasks: 0
naming_2%16, pending tasks: 0
naming_3%16, pending tasks: 0
naming_4%16, pending tasks: 0
naming_5%16, pending tasks: 0
naming_6%16, pending tasks: 0
naming_7%16, pending tasks: 0
naming_8%16, pending tasks: 0
naming_9%16, pending tasks: 0
naming_10%16, pending tasks: 0
naming_11%16, pending tasks: 0
naming_12%16, pending tasks: 0
naming_13%16, pending tasks: 0
naming_14%16, pending tasks: 0
naming_15%16, pending tasks: 0


2026-05-17 14:14:25,615 INFO DISTRO:|0|0|0|

2026-05-17 14:15:25,622 INFO PERFORMANCE:|1|2|0|-1|-1|0|0

2026-05-17 14:15:25,622 INFO Task worker status: 
naming_0%16, pending tasks: 0
naming_1%16, pending tasks: 0
naming_2%16, pending tasks: 0
naming_3%16, pending tasks: 0
naming_4%16, pending tasks: 0
naming_5%16, pending tasks: 0
naming_6%16, pending tasks: 0
naming_7%16, pending tasks: 0
naming_8%16, pending tasks: 0
naming_9%16, pending tasks: 0
naming_10%16, pending tasks: 0
naming_11%16, pending tasks: 0
naming_12%16, pending tasks: 0
naming_13%16, pending tasks: 0
naming_14%16, pending tasks: 0
naming_15%16, pending tasks: 0


2026-05-17 14:15:25,622 INFO DISTRO:|0|0|0|

2026-05-17 14:16:25,630 INFO PERFORMANCE:|1|2|0|-1|-1|0|0

2026-05-17 14:16:25,630 INFO Task worker status: 
naming_0%16, pending tasks: 0
naming_1%16, pending tasks: 0
naming_2%16, pending tasks: 0
naming_3%16, pending tasks: 0
naming_4%16, pending tasks: 0
naming_5%16, pending tasks: 0
naming_6%16, pending tasks: 0
naming_7%16, pending tasks: 0
naming_8%16, pending tasks: 0
naming_9%16, pending tasks: 0
naming_10%16, pending tasks: 0
naming_11%16, pending tasks: 0
naming_12%16, pending tasks: 0
naming_13%16, pending tasks: 0
naming_14%16, pending tasks: 0
naming_15%16, pending tasks: 0


2026-05-17 14:16:25,630 INFO DISTRO:|0|0|0|

2026-05-17 14:17:25,636 INFO PERFORMANCE:|1|2|0|-1|-1|0|0

2026-05-17 14:17:25,636 INFO Task worker status: 
naming_0%16, pending tasks: 0
naming_1%16, pending tasks: 0
naming_2%16, pending tasks: 0
naming_3%16, pending tasks: 0
naming_4%16, pending tasks: 0
naming_5%16, pending tasks: 0
naming_6%16, pending tasks: 0
naming_7%16, pending tasks: 0
naming_8%16, pending tasks: 0
naming_9%16, pending tasks: 0
naming_10%16, pending tasks: 0
naming_11%16, pending tasks: 0
naming_12%16, pending tasks: 0
naming_13%16, pending tasks: 0
naming_14%16, pending tasks: 0
naming_15%16, pending tasks: 0


2026-05-17 14:17:25,636 INFO DISTRO:|0|0|0|

2026-05-17 14:18:25,640 INFO PERFORMANCE:|1|2|0|-1|-1|0|0

2026-05-17 14:18:25,640 INFO Task worker status: 
naming_0%16, pending tasks: 0
naming_1%16, pending tasks: 0
naming_2%16, pending tasks: 0
naming_3%16, pending tasks: 0
naming_4%16, pending tasks: 0
naming_5%16, pending tasks: 0
naming_6%16, pending tasks: 0
naming_7%16, pending tasks: 0
naming_8%16, pending tasks: 0
naming_9%16, pending tasks: 0
naming_10%16, pending tasks: 0
naming_11%16, pending tasks: 0
naming_12%16, pending tasks: 0
naming_13%16, pending tasks: 0
naming_14%16, pending tasks: 0
naming_15%16, pending tasks: 0


2026-05-17 14:18:25,640 INFO DISTRO:|0|0|0|

2026-05-17 14:19:25,655 INFO PERFORMANCE:|serviceCount|ipCount|subscribeCount|maxPushCost|avgPushCost|totalPushCount|failPushCount

2026-05-17 14:19:25,655 INFO DISTRO:|V1SyncDone|V1SyncFail|V2SyncDone|V2SyncFail|V2VerifyFail|

2026-05-17 14:19:25,655 INFO PERFORMANCE:|1|2|0|-1|-1|0|0

2026-05-17 14:19:25,655 INFO Task worker status: 
naming_0%16, pending tasks: 0
naming_1%16, pending tasks: 0
naming_2%16, pending tasks: 0
naming_3%16, pending tasks: 0
naming_4%16, pending tasks: 0
naming_5%16, pending tasks: 0
naming_6%16, pending tasks: 0
naming_7%16, pending tasks: 0
naming_8%16, pending tasks: 0
naming_9%16, pending tasks: 0
naming_10%16, pending tasks: 0
naming_11%16, pending tasks: 0
naming_12%16, pending tasks: 0
naming_13%16, pending tasks: 0
naming_14%16, pending tasks: 0
naming_15%16, pending tasks: 0


2026-05-17 14:19:25,655 INFO DISTRO:|0|0|0|

2026-05-17 14:20:25,666 INFO PERFORMANCE:|1|2|0|-1|-1|0|0

2026-05-17 14:20:25,666 INFO Task worker status: 
naming_0%16, pending tasks: 0
naming_1%16, pending tasks: 0
naming_2%16, pending tasks: 0
naming_3%16, pending tasks: 0
naming_4%16, pending tasks: 0
naming_5%16, pending tasks: 0
naming_6%16, pending tasks: 0
naming_7%16, pending tasks: 0
naming_8%16, pending tasks: 0
naming_9%16, pending tasks: 0
naming_10%16, pending tasks: 0
naming_11%16, pending tasks: 0
naming_12%16, pending tasks: 0
naming_13%16, pending tasks: 0
naming_14%16, pending tasks: 0
naming_15%16, pending tasks: 0


2026-05-17 14:20:25,666 INFO DISTRO:|0|0|0|

2026-05-17 14:21:25,674 INFO PERFORMANCE:|1|2|0|-1|-1|0|0

2026-05-17 14:21:25,674 INFO Task worker status: 
naming_0%16, pending tasks: 0
naming_1%16, pending tasks: 0
naming_2%16, pending tasks: 0
naming_3%16, pending tasks: 0
naming_4%16, pending tasks: 0
naming_5%16, pending tasks: 0
naming_6%16, pending tasks: 0
naming_7%16, pending tasks: 0
naming_8%16, pending tasks: 0
naming_9%16, pending tasks: 0
naming_10%16, pending tasks: 0
naming_11%16, pending tasks: 0
naming_12%16, pending tasks: 0
naming_13%16, pending tasks: 0
naming_14%16, pending tasks: 0
naming_15%16, pending tasks: 0


2026-05-17 14:21:25,674 INFO DISTRO:|0|0|0|

2026-05-17 14:22:25,690 INFO PERFORMANCE:|1|2|0|-1|-1|0|0

2026-05-17 14:22:25,690 INFO Task worker status: 
naming_0%16, pending tasks: 0
naming_1%16, pending tasks: 0
naming_2%16, pending tasks: 0
naming_3%16, pending tasks: 0
naming_4%16, pending tasks: 0
naming_5%16, pending tasks: 0
naming_6%16, pending tasks: 0
naming_7%16, pending tasks: 0
naming_8%16, pending tasks: 0
naming_9%16, pending tasks: 0
naming_10%16, pending tasks: 0
naming_11%16, pending tasks: 0
naming_12%16, pending tasks: 0
naming_13%16, pending tasks: 0
naming_14%16, pending tasks: 0
naming_15%16, pending tasks: 0


2026-05-17 14:22:25,690 INFO DISTRO:|0|0|0|

2026-05-17 14:23:25,702 INFO PERFORMANCE:|1|2|0|-1|-1|0|0

2026-05-17 14:23:25,702 INFO Task worker status: 
naming_0%16, pending tasks: 0
naming_1%16, pending tasks: 0
naming_2%16, pending tasks: 0
naming_3%16, pending tasks: 0
naming_4%16, pending tasks: 0
naming_5%16, pending tasks: 0
naming_6%16, pending tasks: 0
naming_7%16, pending tasks: 0
naming_8%16, pending tasks: 0
naming_9%16, pending tasks: 0
naming_10%16, pending tasks: 0
naming_11%16, pending tasks: 0
naming_12%16, pending tasks: 0
naming_13%16, pending tasks: 0
naming_14%16, pending tasks: 0
naming_15%16, pending tasks: 0


2026-05-17 14:23:25,702 INFO DISTRO:|0|0|0|

2026-05-17 14:24:25,719 INFO PERFORMANCE:|1|2|0|-1|-1|0|0

2026-05-17 14:24:25,719 INFO Task worker status: 
naming_0%16, pending tasks: 0
naming_1%16, pending tasks: 0
naming_2%16, pending tasks: 0
naming_3%16, pending tasks: 0
naming_4%16, pending tasks: 0
naming_5%16, pending tasks: 0
naming_6%16, pending tasks: 0
naming_7%16, pending tasks: 0
naming_8%16, pending tasks: 0
naming_9%16, pending tasks: 0
naming_10%16, pending tasks: 0
naming_11%16, pending tasks: 0
naming_12%16, pending tasks: 0
naming_13%16, pending tasks: 0
naming_14%16, pending tasks: 0
naming_15%16, pending tasks: 0


2026-05-17 14:24:25,719 INFO DISTRO:|0|0|0|

2026-05-17 14:25:25,733 INFO PERFORMANCE:|1|2|0|-1|-1|0|0

2026-05-17 14:25:25,733 INFO Task worker status: 
naming_0%16, pending tasks: 0
naming_1%16, pending tasks: 0
naming_2%16, pending tasks: 0
naming_3%16, pending tasks: 0
naming_4%16, pending tasks: 0
naming_5%16, pending tasks: 0
naming_6%16, pending tasks: 0
naming_7%16, pending tasks: 0
naming_8%16, pending tasks: 0
naming_9%16, pending tasks: 0
naming_10%16, pending tasks: 0
naming_11%16, pending tasks: 0
naming_12%16, pending tasks: 0
naming_13%16, pending tasks: 0
naming_14%16, pending tasks: 0
naming_15%16, pending tasks: 0


2026-05-17 14:25:25,733 INFO DISTRO:|0|0|0|

2026-05-17 14:26:25,741 INFO PERFORMANCE:|1|2|0|-1|-1|0|0

2026-05-17 14:26:25,741 INFO Task worker status: 
naming_0%16, pending tasks: 0
naming_1%16, pending tasks: 0
naming_2%16, pending tasks: 0
naming_3%16, pending tasks: 0
naming_4%16, pending tasks: 0
naming_5%16, pending tasks: 0
naming_6%16, pending tasks: 0
naming_7%16, pending tasks: 0
naming_8%16, pending tasks: 0
naming_9%16, pending tasks: 0
naming_10%16, pending tasks: 0
naming_11%16, pending tasks: 0
naming_12%16, pending tasks: 0
naming_13%16, pending tasks: 0
naming_14%16, pending tasks: 0
naming_15%16, pending tasks: 0


2026-05-17 14:26:25,741 INFO DISTRO:|0|0|0|

2026-05-17 14:27:25,744 INFO PERFORMANCE:|1|2|0|-1|-1|0|0

2026-05-17 14:27:25,744 INFO Task worker status: 
naming_0%16, pending tasks: 0
naming_1%16, pending tasks: 0
naming_2%16, pending tasks: 0
naming_3%16, pending tasks: 0
naming_4%16, pending tasks: 0
naming_5%16, pending tasks: 0
naming_6%16, pending tasks: 0
naming_7%16, pending tasks: 0
naming_8%16, pending tasks: 0
naming_9%16, pending tasks: 0
naming_10%16, pending tasks: 0
naming_11%16, pending tasks: 0
naming_12%16, pending tasks: 0
naming_13%16, pending tasks: 0
naming_14%16, pending tasks: 0
naming_15%16, pending tasks: 0


2026-05-17 14:27:25,744 INFO DISTRO:|0|0|0|

2026-05-17 14:28:25,760 INFO PERFORMANCE:|1|2|0|-1|-1|0|0

2026-05-17 14:28:25,760 INFO Task worker status: 
naming_0%16, pending tasks: 0
naming_1%16, pending tasks: 0
naming_2%16, pending tasks: 0
naming_3%16, pending tasks: 0
naming_4%16, pending tasks: 0
naming_5%16, pending tasks: 0
naming_6%16, pending tasks: 0
naming_7%16, pending tasks: 0
naming_8%16, pending tasks: 0
naming_9%16, pending tasks: 0
naming_10%16, pending tasks: 0
naming_11%16, pending tasks: 0
naming_12%16, pending tasks: 0
naming_13%16, pending tasks: 0
naming_14%16, pending tasks: 0
naming_15%16, pending tasks: 0


2026-05-17 14:28:25,760 INFO DISTRO:|0|0|0|

2026-05-17 14:29:25,774 INFO PERFORMANCE:|serviceCount|ipCount|subscribeCount|maxPushCost|avgPushCost|totalPushCount|failPushCount

2026-05-17 14:29:25,774 INFO DISTRO:|V1SyncDone|V1SyncFail|V2SyncDone|V2SyncFail|V2VerifyFail|

2026-05-17 14:29:25,775 INFO PERFORMANCE:|1|2|0|-1|-1|0|0

2026-05-17 14:29:25,775 INFO Task worker status: 
naming_0%16, pending tasks: 0
naming_1%16, pending tasks: 0
naming_2%16, pending tasks: 0
naming_3%16, pending tasks: 0
naming_4%16, pending tasks: 0
naming_5%16, pending tasks: 0
naming_6%16, pending tasks: 0
naming_7%16, pending tasks: 0
naming_8%16, pending tasks: 0
naming_9%16, pending tasks: 0
naming_10%16, pending tasks: 0
naming_11%16, pending tasks: 0
naming_12%16, pending tasks: 0
naming_13%16, pending tasks: 0
naming_14%16, pending tasks: 0
naming_15%16, pending tasks: 0


2026-05-17 14:29:25,775 INFO DISTRO:|0|0|0|

2026-05-17 14:30:25,790 INFO PERFORMANCE:|1|2|0|-1|-1|0|0

2026-05-17 14:30:25,790 INFO Task worker status: 
naming_0%16, pending tasks: 0
naming_1%16, pending tasks: 0
naming_2%16, pending tasks: 0
naming_3%16, pending tasks: 0
naming_4%16, pending tasks: 0
naming_5%16, pending tasks: 0
naming_6%16, pending tasks: 0
naming_7%16, pending tasks: 0
naming_8%16, pending tasks: 0
naming_9%16, pending tasks: 0
naming_10%16, pending tasks: 0
naming_11%16, pending tasks: 0
naming_12%16, pending tasks: 0
naming_13%16, pending tasks: 0
naming_14%16, pending tasks: 0
naming_15%16, pending tasks: 0


2026-05-17 14:30:25,790 INFO DISTRO:|0|0|0|

2026-05-17 14:31:25,801 INFO PERFORMANCE:|1|2|0|-1|-1|0|0

2026-05-17 14:31:25,801 INFO Task worker status: 
naming_0%16, pending tasks: 0
naming_1%16, pending tasks: 0
naming_2%16, pending tasks: 0
naming_3%16, pending tasks: 0
naming_4%16, pending tasks: 0
naming_5%16, pending tasks: 0
naming_6%16, pending tasks: 0
naming_7%16, pending tasks: 0
naming_8%16, pending tasks: 0
naming_9%16, pending tasks: 0
naming_10%16, pending tasks: 0
naming_11%16, pending tasks: 0
naming_12%16, pending tasks: 0
naming_13%16, pending tasks: 0
naming_14%16, pending tasks: 0
naming_15%16, pending tasks: 0


2026-05-17 14:31:25,801 INFO DISTRO:|0|0|0|

2026-05-17 14:32:25,805 INFO PERFORMANCE:|1|2|0|-1|-1|0|0

2026-05-17 14:32:25,805 INFO Task worker status: 
naming_0%16, pending tasks: 0
naming_1%16, pending tasks: 0
naming_2%16, pending tasks: 0
naming_3%16, pending tasks: 0
naming_4%16, pending tasks: 0
naming_5%16, pending tasks: 0
naming_6%16, pending tasks: 0
naming_7%16, pending tasks: 0
naming_8%16, pending tasks: 0
naming_9%16, pending tasks: 0
naming_10%16, pending tasks: 0
naming_11%16, pending tasks: 0
naming_12%16, pending tasks: 0
naming_13%16, pending tasks: 0
naming_14%16, pending tasks: 0
naming_15%16, pending tasks: 0


2026-05-17 14:32:25,805 INFO DISTRO:|0|0|0|

2026-05-17 14:33:25,817 INFO PERFORMANCE:|1|2|0|-1|-1|0|0

2026-05-17 14:33:25,817 INFO Task worker status: 
naming_0%16, pending tasks: 0
naming_1%16, pending tasks: 0
naming_2%16, pending tasks: 0
naming_3%16, pending tasks: 0
naming_4%16, pending tasks: 0
naming_5%16, pending tasks: 0
naming_6%16, pending tasks: 0
naming_7%16, pending tasks: 0
naming_8%16, pending tasks: 0
naming_9%16, pending tasks: 0
naming_10%16, pending tasks: 0
naming_11%16, pending tasks: 0
naming_12%16, pending tasks: 0
naming_13%16, pending tasks: 0
naming_14%16, pending tasks: 0
naming_15%16, pending tasks: 0


2026-05-17 14:33:25,817 INFO DISTRO:|0|0|0|

2026-05-17 14:34:25,833 INFO PERFORMANCE:|1|2|0|-1|-1|0|0

2026-05-17 14:34:25,833 INFO Task worker status: 
naming_0%16, pending tasks: 0
naming_1%16, pending tasks: 0
naming_2%16, pending tasks: 0
naming_3%16, pending tasks: 0
naming_4%16, pending tasks: 0
naming_5%16, pending tasks: 0
naming_6%16, pending tasks: 0
naming_7%16, pending tasks: 0
naming_8%16, pending tasks: 0
naming_9%16, pending tasks: 0
naming_10%16, pending tasks: 0
naming_11%16, pending tasks: 0
naming_12%16, pending tasks: 0
naming_13%16, pending tasks: 0
naming_14%16, pending tasks: 0
naming_15%16, pending tasks: 0


2026-05-17 14:34:25,833 INFO DISTRO:|0|0|0|

2026-05-17 14:35:25,838 INFO PERFORMANCE:|1|2|0|-1|-1|0|0

2026-05-17 14:35:25,838 INFO Task worker status: 
naming_0%16, pending tasks: 0
naming_1%16, pending tasks: 0
naming_2%16, pending tasks: 0
naming_3%16, pending tasks: 0
naming_4%16, pending tasks: 0
naming_5%16, pending tasks: 0
naming_6%16, pending tasks: 0
naming_7%16, pending tasks: 0
naming_8%16, pending tasks: 0
naming_9%16, pending tasks: 0
naming_10%16, pending tasks: 0
naming_11%16, pending tasks: 0
naming_12%16, pending tasks: 0
naming_13%16, pending tasks: 0
naming_14%16, pending tasks: 0
naming_15%16, pending tasks: 0


2026-05-17 14:35:25,838 INFO DISTRO:|0|0|0|

2026-05-17 14:36:25,854 INFO PERFORMANCE:|1|2|0|-1|-1|0|0

2026-05-17 14:36:25,854 INFO Task worker status: 
naming_0%16, pending tasks: 0
naming_1%16, pending tasks: 0
naming_2%16, pending tasks: 0
naming_3%16, pending tasks: 0
naming_4%16, pending tasks: 0
naming_5%16, pending tasks: 0
naming_6%16, pending tasks: 0
naming_7%16, pending tasks: 0
naming_8%16, pending tasks: 0
naming_9%16, pending tasks: 0
naming_10%16, pending tasks: 0
naming_11%16, pending tasks: 0
naming_12%16, pending tasks: 0
naming_13%16, pending tasks: 0
naming_14%16, pending tasks: 0
naming_15%16, pending tasks: 0


2026-05-17 14:36:25,854 INFO DISTRO:|0|0|0|

2026-05-17 14:37:25,858 INFO PERFORMANCE:|1|2|0|-1|-1|0|0

2026-05-17 14:37:25,858 INFO Task worker status: 
naming_0%16, pending tasks: 0
naming_1%16, pending tasks: 0
naming_2%16, pending tasks: 0
naming_3%16, pending tasks: 0
naming_4%16, pending tasks: 0
naming_5%16, pending tasks: 0
naming_6%16, pending tasks: 0
naming_7%16, pending tasks: 0
naming_8%16, pending tasks: 0
naming_9%16, pending tasks: 0
naming_10%16, pending tasks: 0
naming_11%16, pending tasks: 0
naming_12%16, pending tasks: 0
naming_13%16, pending tasks: 0
naming_14%16, pending tasks: 0
naming_15%16, pending tasks: 0


2026-05-17 14:37:25,858 INFO DISTRO:|0|0|0|

2026-05-17 14:38:25,866 INFO PERFORMANCE:|1|2|0|-1|-1|0|0

2026-05-17 14:38:25,866 INFO Task worker status: 
naming_0%16, pending tasks: 0
naming_1%16, pending tasks: 0
naming_2%16, pending tasks: 0
naming_3%16, pending tasks: 0
naming_4%16, pending tasks: 0
naming_5%16, pending tasks: 0
naming_6%16, pending tasks: 0
naming_7%16, pending tasks: 0
naming_8%16, pending tasks: 0
naming_9%16, pending tasks: 0
naming_10%16, pending tasks: 0
naming_11%16, pending tasks: 0
naming_12%16, pending tasks: 0
naming_13%16, pending tasks: 0
naming_14%16, pending tasks: 0
naming_15%16, pending tasks: 0


2026-05-17 14:38:25,866 INFO DISTRO:|0|0|0|

2026-05-17 14:39:25,868 INFO PERFORMANCE:|serviceCount|ipCount|subscribeCount|maxPushCost|avgPushCost|totalPushCount|failPushCount

2026-05-17 14:39:25,868 INFO DISTRO:|V1SyncDone|V1SyncFail|V2SyncDone|V2SyncFail|V2VerifyFail|

2026-05-17 14:39:25,868 INFO PERFORMANCE:|1|2|0|-1|-1|0|0

2026-05-17 14:39:25,868 INFO Task worker status: 
naming_0%16, pending tasks: 0
naming_1%16, pending tasks: 0
naming_2%16, pending tasks: 0
naming_3%16, pending tasks: 0
naming_4%16, pending tasks: 0
naming_5%16, pending tasks: 0
naming_6%16, pending tasks: 0
naming_7%16, pending tasks: 0
naming_8%16, pending tasks: 0
naming_9%16, pending tasks: 0
naming_10%16, pending tasks: 0
naming_11%16, pending tasks: 0
naming_12%16, pending tasks: 0
naming_13%16, pending tasks: 0
naming_14%16, pending tasks: 0
naming_15%16, pending tasks: 0


2026-05-17 14:39:25,868 INFO DISTRO:|0|0|0|

2026-05-17 14:40:25,884 INFO PERFORMANCE:|1|2|0|-1|-1|0|0

2026-05-17 14:40:25,884 INFO Task worker status: 
naming_0%16, pending tasks: 0
naming_1%16, pending tasks: 0
naming_2%16, pending tasks: 0
naming_3%16, pending tasks: 0
naming_4%16, pending tasks: 0
naming_5%16, pending tasks: 0
naming_6%16, pending tasks: 0
naming_7%16, pending tasks: 0
naming_8%16, pending tasks: 0
naming_9%16, pending tasks: 0
naming_10%16, pending tasks: 0
naming_11%16, pending tasks: 0
naming_12%16, pending tasks: 0
naming_13%16, pending tasks: 0
naming_14%16, pending tasks: 0
naming_15%16, pending tasks: 0


2026-05-17 14:40:25,884 INFO DISTRO:|0|0|0|

2026-05-17 14:41:25,899 INFO PERFORMANCE:|1|2|0|-1|-1|0|0

2026-05-17 14:41:25,899 INFO Task worker status: 
naming_0%16, pending tasks: 0
naming_1%16, pending tasks: 0
naming_2%16, pending tasks: 0
naming_3%16, pending tasks: 0
naming_4%16, pending tasks: 0
naming_5%16, pending tasks: 0
naming_6%16, pending tasks: 0
naming_7%16, pending tasks: 0
naming_8%16, pending tasks: 0
naming_9%16, pending tasks: 0
naming_10%16, pending tasks: 0
naming_11%16, pending tasks: 0
naming_12%16, pending tasks: 0
naming_13%16, pending tasks: 0
naming_14%16, pending tasks: 0
naming_15%16, pending tasks: 0


2026-05-17 14:41:25,899 INFO DISTRO:|0|0|0|

2026-05-17 14:42:25,905 INFO PERFORMANCE:|1|2|0|-1|-1|0|0

2026-05-17 14:42:25,905 INFO Task worker status: 
naming_0%16, pending tasks: 0
naming_1%16, pending tasks: 0
naming_2%16, pending tasks: 0
naming_3%16, pending tasks: 0
naming_4%16, pending tasks: 0
naming_5%16, pending tasks: 0
naming_6%16, pending tasks: 0
naming_7%16, pending tasks: 0
naming_8%16, pending tasks: 0
naming_9%16, pending tasks: 0
naming_10%16, pending tasks: 0
naming_11%16, pending tasks: 0
naming_12%16, pending tasks: 0
naming_13%16, pending tasks: 0
naming_14%16, pending tasks: 0
naming_15%16, pending tasks: 0


2026-05-17 14:42:25,906 INFO DISTRO:|0|0|0|

2026-05-17 14:43:25,919 INFO PERFORMANCE:|1|2|0|-1|-1|0|0

2026-05-17 14:43:25,919 INFO Task worker status: 
naming_0%16, pending tasks: 0
naming_1%16, pending tasks: 0
naming_2%16, pending tasks: 0
naming_3%16, pending tasks: 0
naming_4%16, pending tasks: 0
naming_5%16, pending tasks: 0
naming_6%16, pending tasks: 0
naming_7%16, pending tasks: 0
naming_8%16, pending tasks: 0
naming_9%16, pending tasks: 0
naming_10%16, pending tasks: 0
naming_11%16, pending tasks: 0
naming_12%16, pending tasks: 0
naming_13%16, pending tasks: 0
naming_14%16, pending tasks: 0
naming_15%16, pending tasks: 0


2026-05-17 14:43:25,919 INFO DISTRO:|0|0|0|

2026-05-17 14:44:25,924 INFO PERFORMANCE:|1|2|0|-1|-1|0|0

2026-05-17 14:44:25,924 INFO Task worker status: 
naming_0%16, pending tasks: 0
naming_1%16, pending tasks: 0
naming_2%16, pending tasks: 0
naming_3%16, pending tasks: 0
naming_4%16, pending tasks: 0
naming_5%16, pending tasks: 0
naming_6%16, pending tasks: 0
naming_7%16, pending tasks: 0
naming_8%16, pending tasks: 0
naming_9%16, pending tasks: 0
naming_10%16, pending tasks: 0
naming_11%16, pending tasks: 0
naming_12%16, pending tasks: 0
naming_13%16, pending tasks: 0
naming_14%16, pending tasks: 0
naming_15%16, pending tasks: 0


2026-05-17 14:44:25,924 INFO DISTRO:|0|0|0|

2026-05-17 14:45:25,928 INFO PERFORMANCE:|1|2|0|-1|-1|0|0

2026-05-17 14:45:25,928 INFO Task worker status: 
naming_0%16, pending tasks: 0
naming_1%16, pending tasks: 0
naming_2%16, pending tasks: 0
naming_3%16, pending tasks: 0
naming_4%16, pending tasks: 0
naming_5%16, pending tasks: 0
naming_6%16, pending tasks: 0
naming_7%16, pending tasks: 0
naming_8%16, pending tasks: 0
naming_9%16, pending tasks: 0
naming_10%16, pending tasks: 0
naming_11%16, pending tasks: 0
naming_12%16, pending tasks: 0
naming_13%16, pending tasks: 0
naming_14%16, pending tasks: 0
naming_15%16, pending tasks: 0


2026-05-17 14:45:25,928 INFO DISTRO:|0|0|0|

2026-05-17 14:46:25,938 INFO PERFORMANCE:|1|2|0|-1|-1|0|0

2026-05-17 14:46:25,938 INFO Task worker status: 
naming_0%16, pending tasks: 0
naming_1%16, pending tasks: 0
naming_2%16, pending tasks: 0
naming_3%16, pending tasks: 0
naming_4%16, pending tasks: 0
naming_5%16, pending tasks: 0
naming_6%16, pending tasks: 0
naming_7%16, pending tasks: 0
naming_8%16, pending tasks: 0
naming_9%16, pending tasks: 0
naming_10%16, pending tasks: 0
naming_11%16, pending tasks: 0
naming_12%16, pending tasks: 0
naming_13%16, pending tasks: 0
naming_14%16, pending tasks: 0
naming_15%16, pending tasks: 0


2026-05-17 14:46:25,938 INFO DISTRO:|0|0|0|

2026-05-17 14:47:25,950 INFO PERFORMANCE:|1|2|0|-1|-1|0|0

2026-05-17 14:47:25,950 INFO Task worker status: 
naming_0%16, pending tasks: 0
naming_1%16, pending tasks: 0
naming_2%16, pending tasks: 0
naming_3%16, pending tasks: 0
naming_4%16, pending tasks: 0
naming_5%16, pending tasks: 0
naming_6%16, pending tasks: 0
naming_7%16, pending tasks: 0
naming_8%16, pending tasks: 0
naming_9%16, pending tasks: 0
naming_10%16, pending tasks: 0
naming_11%16, pending tasks: 0
naming_12%16, pending tasks: 0
naming_13%16, pending tasks: 0
naming_14%16, pending tasks: 0
naming_15%16, pending tasks: 0


2026-05-17 14:47:25,950 INFO DISTRO:|0|0|0|

2026-05-17 14:48:25,959 INFO PERFORMANCE:|1|2|0|-1|-1|0|0

2026-05-17 14:48:25,959 INFO Task worker status: 
naming_0%16, pending tasks: 0
naming_1%16, pending tasks: 0
naming_2%16, pending tasks: 0
naming_3%16, pending tasks: 0
naming_4%16, pending tasks: 0
naming_5%16, pending tasks: 0
naming_6%16, pending tasks: 0
naming_7%16, pending tasks: 0
naming_8%16, pending tasks: 0
naming_9%16, pending tasks: 0
naming_10%16, pending tasks: 0
naming_11%16, pending tasks: 0
naming_12%16, pending tasks: 0
naming_13%16, pending tasks: 0
naming_14%16, pending tasks: 0
naming_15%16, pending tasks: 0


2026-05-17 14:48:25,959 INFO DISTRO:|0|0|0|

2026-05-17 14:49:25,963 INFO PERFORMANCE:|serviceCount|ipCount|subscribeCount|maxPushCost|avgPushCost|totalPushCount|failPushCount

2026-05-17 14:49:25,963 INFO DISTRO:|V1SyncDone|V1SyncFail|V2SyncDone|V2SyncFail|V2VerifyFail|

2026-05-17 14:49:25,963 INFO PERFORMANCE:|1|2|0|-1|-1|0|0

2026-05-17 14:49:25,963 INFO Task worker status: 
naming_0%16, pending tasks: 0
naming_1%16, pending tasks: 0
naming_2%16, pending tasks: 0
naming_3%16, pending tasks: 0
naming_4%16, pending tasks: 0
naming_5%16, pending tasks: 0
naming_6%16, pending tasks: 0
naming_7%16, pending tasks: 0
naming_8%16, pending tasks: 0
naming_9%16, pending tasks: 0
naming_10%16, pending tasks: 0
naming_11%16, pending tasks: 0
naming_12%16, pending tasks: 0
naming_13%16, pending tasks: 0
naming_14%16, pending tasks: 0
naming_15%16, pending tasks: 0


2026-05-17 14:49:25,963 INFO DISTRO:|0|0|0|

2026-05-17 14:50:25,979 INFO PERFORMANCE:|1|2|0|-1|-1|0|0

2026-05-17 14:50:25,979 INFO Task worker status: 
naming_0%16, pending tasks: 0
naming_1%16, pending tasks: 0
naming_2%16, pending tasks: 0
naming_3%16, pending tasks: 0
naming_4%16, pending tasks: 0
naming_5%16, pending tasks: 0
naming_6%16, pending tasks: 0
naming_7%16, pending tasks: 0
naming_8%16, pending tasks: 0
naming_9%16, pending tasks: 0
naming_10%16, pending tasks: 0
naming_11%16, pending tasks: 0
naming_12%16, pending tasks: 0
naming_13%16, pending tasks: 0
naming_14%16, pending tasks: 0
naming_15%16, pending tasks: 0


2026-05-17 14:50:25,979 INFO DISTRO:|0|0|0|

2026-05-17 14:51:25,992 INFO PERFORMANCE:|1|2|0|-1|-1|0|0

2026-05-17 14:51:25,992 INFO Task worker status: 
naming_0%16, pending tasks: 0
naming_1%16, pending tasks: 0
naming_2%16, pending tasks: 0
naming_3%16, pending tasks: 0
naming_4%16, pending tasks: 0
naming_5%16, pending tasks: 0
naming_6%16, pending tasks: 0
naming_7%16, pending tasks: 0
naming_8%16, pending tasks: 0
naming_9%16, pending tasks: 0
naming_10%16, pending tasks: 0
naming_11%16, pending tasks: 0
naming_12%16, pending tasks: 0
naming_13%16, pending tasks: 0
naming_14%16, pending tasks: 0
naming_15%16, pending tasks: 0


2026-05-17 14:51:25,992 INFO DISTRO:|0|0|0|

2026-05-17 14:52:26,003 INFO PERFORMANCE:|1|2|0|-1|-1|0|0

2026-05-17 14:52:26,003 INFO Task worker status: 
naming_0%16, pending tasks: 0
naming_1%16, pending tasks: 0
naming_2%16, pending tasks: 0
naming_3%16, pending tasks: 0
naming_4%16, pending tasks: 0
naming_5%16, pending tasks: 0
naming_6%16, pending tasks: 0
naming_7%16, pending tasks: 0
naming_8%16, pending tasks: 0
naming_9%16, pending tasks: 0
naming_10%16, pending tasks: 0
naming_11%16, pending tasks: 0
naming_12%16, pending tasks: 0
naming_13%16, pending tasks: 0
naming_14%16, pending tasks: 0
naming_15%16, pending tasks: 0


2026-05-17 14:52:26,003 INFO DISTRO:|0|0|0|

2026-05-17 14:53:26,019 INFO PERFORMANCE:|1|2|0|-1|-1|0|0

2026-05-17 14:53:26,019 INFO Task worker status: 
naming_0%16, pending tasks: 0
naming_1%16, pending tasks: 0
naming_2%16, pending tasks: 0
naming_3%16, pending tasks: 0
naming_4%16, pending tasks: 0
naming_5%16, pending tasks: 0
naming_6%16, pending tasks: 0
naming_7%16, pending tasks: 0
naming_8%16, pending tasks: 0
naming_9%16, pending tasks: 0
naming_10%16, pending tasks: 0
naming_11%16, pending tasks: 0
naming_12%16, pending tasks: 0
naming_13%16, pending tasks: 0
naming_14%16, pending tasks: 0
naming_15%16, pending tasks: 0


2026-05-17 14:53:26,020 INFO DISTRO:|0|0|0|

2026-05-17 14:54:26,020 INFO PERFORMANCE:|1|2|0|-1|-1|0|0

2026-05-17 14:54:26,020 INFO Task worker status: 
naming_0%16, pending tasks: 0
naming_1%16, pending tasks: 0
naming_2%16, pending tasks: 0
naming_3%16, pending tasks: 0
naming_4%16, pending tasks: 0
naming_5%16, pending tasks: 0
naming_6%16, pending tasks: 0
naming_7%16, pending tasks: 0
naming_8%16, pending tasks: 0
naming_9%16, pending tasks: 0
naming_10%16, pending tasks: 0
naming_11%16, pending tasks: 0
naming_12%16, pending tasks: 0
naming_13%16, pending tasks: 0
naming_14%16, pending tasks: 0
naming_15%16, pending tasks: 0


2026-05-17 14:54:26,020 INFO DISTRO:|0|0|0|

2026-05-17 14:55:26,029 INFO PERFORMANCE:|1|2|0|-1|-1|0|0

2026-05-17 14:55:26,029 INFO Task worker status: 
naming_0%16, pending tasks: 0
naming_1%16, pending tasks: 0
naming_2%16, pending tasks: 0
naming_3%16, pending tasks: 0
naming_4%16, pending tasks: 0
naming_5%16, pending tasks: 0
naming_6%16, pending tasks: 0
naming_7%16, pending tasks: 0
naming_8%16, pending tasks: 0
naming_9%16, pending tasks: 0
naming_10%16, pending tasks: 0
naming_11%16, pending tasks: 0
naming_12%16, pending tasks: 0
naming_13%16, pending tasks: 0
naming_14%16, pending tasks: 0
naming_15%16, pending tasks: 0


2026-05-17 14:55:26,029 INFO DISTRO:|0|0|0|

2026-05-17 14:56:26,029 INFO PERFORMANCE:|1|2|0|-1|-1|0|0

2026-05-17 14:56:26,029 INFO Task worker status: 
naming_0%16, pending tasks: 0
naming_1%16, pending tasks: 0
naming_2%16, pending tasks: 0
naming_3%16, pending tasks: 0
naming_4%16, pending tasks: 0
naming_5%16, pending tasks: 0
naming_6%16, pending tasks: 0
naming_7%16, pending tasks: 0
naming_8%16, pending tasks: 0
naming_9%16, pending tasks: 0
naming_10%16, pending tasks: 0
naming_11%16, pending tasks: 0
naming_12%16, pending tasks: 0
naming_13%16, pending tasks: 0
naming_14%16, pending tasks: 0
naming_15%16, pending tasks: 0


2026-05-17 14:56:26,029 INFO DISTRO:|0|0|0|

2026-05-17 14:57:26,043 INFO PERFORMANCE:|1|2|0|-1|-1|0|0

2026-05-17 14:57:26,043 INFO Task worker status: 
naming_0%16, pending tasks: 0
naming_1%16, pending tasks: 0
naming_2%16, pending tasks: 0
naming_3%16, pending tasks: 0
naming_4%16, pending tasks: 0
naming_5%16, pending tasks: 0
naming_6%16, pending tasks: 0
naming_7%16, pending tasks: 0
naming_8%16, pending tasks: 0
naming_9%16, pending tasks: 0
naming_10%16, pending tasks: 0
naming_11%16, pending tasks: 0
naming_12%16, pending tasks: 0
naming_13%16, pending tasks: 0
naming_14%16, pending tasks: 0
naming_15%16, pending tasks: 0


2026-05-17 14:57:26,043 INFO DISTRO:|0|0|0|

2026-05-17 14:58:26,047 INFO PERFORMANCE:|1|2|0|-1|-1|0|0

2026-05-17 14:58:26,047 INFO Task worker status: 
naming_0%16, pending tasks: 0
naming_1%16, pending tasks: 0
naming_2%16, pending tasks: 0
naming_3%16, pending tasks: 0
naming_4%16, pending tasks: 0
naming_5%16, pending tasks: 0
naming_6%16, pending tasks: 0
naming_7%16, pending tasks: 0
naming_8%16, pending tasks: 0
naming_9%16, pending tasks: 0
naming_10%16, pending tasks: 0
naming_11%16, pending tasks: 0
naming_12%16, pending tasks: 0
naming_13%16, pending tasks: 0
naming_14%16, pending tasks: 0
naming_15%16, pending tasks: 0


2026-05-17 14:58:26,047 INFO DISTRO:|0|0|0|

2026-05-17 14:59:26,052 INFO PERFORMANCE:|serviceCount|ipCount|subscribeCount|maxPushCost|avgPushCost|totalPushCount|failPushCount

2026-05-17 14:59:26,052 INFO DISTRO:|V1SyncDone|V1SyncFail|V2SyncDone|V2SyncFail|V2VerifyFail|

2026-05-17 14:59:26,052 INFO PERFORMANCE:|1|2|0|-1|-1|0|0

2026-05-17 14:59:26,052 INFO Task worker status: 
naming_0%16, pending tasks: 0
naming_1%16, pending tasks: 0
naming_2%16, pending tasks: 0
naming_3%16, pending tasks: 0
naming_4%16, pending tasks: 0
naming_5%16, pending tasks: 0
naming_6%16, pending tasks: 0
naming_7%16, pending tasks: 0
naming_8%16, pending tasks: 0
naming_9%16, pending tasks: 0
naming_10%16, pending tasks: 0
naming_11%16, pending tasks: 0
naming_12%16, pending tasks: 0
naming_13%16, pending tasks: 0
naming_14%16, pending tasks: 0
naming_15%16, pending tasks: 0


2026-05-17 14:59:26,052 INFO DISTRO:|0|0|0|

2026-05-17 15:00:26,063 INFO PERFORMANCE:|1|2|0|-1|-1|0|0

2026-05-17 15:00:26,063 INFO Task worker status: 
naming_0%16, pending tasks: 0
naming_1%16, pending tasks: 0
naming_2%16, pending tasks: 0
naming_3%16, pending tasks: 0
naming_4%16, pending tasks: 0
naming_5%16, pending tasks: 0
naming_6%16, pending tasks: 0
naming_7%16, pending tasks: 0
naming_8%16, pending tasks: 0
naming_9%16, pending tasks: 0
naming_10%16, pending tasks: 0
naming_11%16, pending tasks: 0
naming_12%16, pending tasks: 0
naming_13%16, pending tasks: 0
naming_14%16, pending tasks: 0
naming_15%16, pending tasks: 0


2026-05-17 15:00:26,063 INFO DISTRO:|0|0|0|

2026-05-17 15:01:26,077 INFO PERFORMANCE:|1|2|0|-1|-1|0|0

2026-05-17 15:01:26,077 INFO Task worker status: 
naming_0%16, pending tasks: 0
naming_1%16, pending tasks: 0
naming_2%16, pending tasks: 0
naming_3%16, pending tasks: 0
naming_4%16, pending tasks: 0
naming_5%16, pending tasks: 0
naming_6%16, pending tasks: 0
naming_7%16, pending tasks: 0
naming_8%16, pending tasks: 0
naming_9%16, pending tasks: 0
naming_10%16, pending tasks: 0
naming_11%16, pending tasks: 0
naming_12%16, pending tasks: 0
naming_13%16, pending tasks: 0
naming_14%16, pending tasks: 0
naming_15%16, pending tasks: 0


2026-05-17 15:01:26,077 INFO DISTRO:|0|0|0|

2026-05-17 15:02:26,088 INFO PERFORMANCE:|1|2|0|-1|-1|0|0

2026-05-17 15:02:26,088 INFO Task worker status: 
naming_0%16, pending tasks: 0
naming_1%16, pending tasks: 0
naming_2%16, pending tasks: 0
naming_3%16, pending tasks: 0
naming_4%16, pending tasks: 0
naming_5%16, pending tasks: 0
naming_6%16, pending tasks: 0
naming_7%16, pending tasks: 0
naming_8%16, pending tasks: 0
naming_9%16, pending tasks: 0
naming_10%16, pending tasks: 0
naming_11%16, pending tasks: 0
naming_12%16, pending tasks: 0
naming_13%16, pending tasks: 0
naming_14%16, pending tasks: 0
naming_15%16, pending tasks: 0


2026-05-17 15:02:26,088 INFO DISTRO:|0|0|0|

2026-05-17 15:03:26,093 INFO PERFORMANCE:|1|2|0|-1|-1|0|0

2026-05-17 15:03:26,093 INFO Task worker status: 
naming_0%16, pending tasks: 0
naming_1%16, pending tasks: 0
naming_2%16, pending tasks: 0
naming_3%16, pending tasks: 0
naming_4%16, pending tasks: 0
naming_5%16, pending tasks: 0
naming_6%16, pending tasks: 0
naming_7%16, pending tasks: 0
naming_8%16, pending tasks: 0
naming_9%16, pending tasks: 0
naming_10%16, pending tasks: 0
naming_11%16, pending tasks: 0
naming_12%16, pending tasks: 0
naming_13%16, pending tasks: 0
naming_14%16, pending tasks: 0
naming_15%16, pending tasks: 0


2026-05-17 15:03:26,093 INFO DISTRO:|0|0|0|

2026-05-17 15:04:26,097 INFO PERFORMANCE:|1|2|0|-1|-1|0|0

2026-05-17 15:04:26,097 INFO Task worker status: 
naming_0%16, pending tasks: 0
naming_1%16, pending tasks: 0
naming_2%16, pending tasks: 0
naming_3%16, pending tasks: 0
naming_4%16, pending tasks: 0
naming_5%16, pending tasks: 0
naming_6%16, pending tasks: 0
naming_7%16, pending tasks: 0
naming_8%16, pending tasks: 0
naming_9%16, pending tasks: 0
naming_10%16, pending tasks: 0
naming_11%16, pending tasks: 0
naming_12%16, pending tasks: 0
naming_13%16, pending tasks: 0
naming_14%16, pending tasks: 0
naming_15%16, pending tasks: 0


2026-05-17 15:04:26,097 INFO DISTRO:|0|0|0|

2026-05-17 15:05:26,106 INFO PERFORMANCE:|1|2|0|-1|-1|0|0

2026-05-17 15:05:26,106 INFO Task worker status: 
naming_0%16, pending tasks: 0
naming_1%16, pending tasks: 0
naming_2%16, pending tasks: 0
naming_3%16, pending tasks: 0
naming_4%16, pending tasks: 0
naming_5%16, pending tasks: 0
naming_6%16, pending tasks: 0
naming_7%16, pending tasks: 0
naming_8%16, pending tasks: 0
naming_9%16, pending tasks: 0
naming_10%16, pending tasks: 0
naming_11%16, pending tasks: 0
naming_12%16, pending tasks: 0
naming_13%16, pending tasks: 0
naming_14%16, pending tasks: 0
naming_15%16, pending tasks: 0


2026-05-17 15:05:26,108 INFO DISTRO:|0|0|0|

2026-05-17 15:06:26,117 INFO PERFORMANCE:|1|2|0|-1|-1|0|0

2026-05-17 15:06:26,118 INFO Task worker status: 
naming_0%16, pending tasks: 0
naming_1%16, pending tasks: 0
naming_2%16, pending tasks: 0
naming_3%16, pending tasks: 0
naming_4%16, pending tasks: 0
naming_5%16, pending tasks: 0
naming_6%16, pending tasks: 0
naming_7%16, pending tasks: 0
naming_8%16, pending tasks: 0
naming_9%16, pending tasks: 0
naming_10%16, pending tasks: 0
naming_11%16, pending tasks: 0
naming_12%16, pending tasks: 0
naming_13%16, pending tasks: 0
naming_14%16, pending tasks: 0
naming_15%16, pending tasks: 0


2026-05-17 15:06:26,118 INFO DISTRO:|0|0|0|

2026-05-17 15:07:26,119 INFO PERFORMANCE:|1|2|0|-1|-1|0|0

2026-05-17 15:07:26,119 INFO Task worker status: 
naming_0%16, pending tasks: 0
naming_1%16, pending tasks: 0
naming_2%16, pending tasks: 0
naming_3%16, pending tasks: 0
naming_4%16, pending tasks: 0
naming_5%16, pending tasks: 0
naming_6%16, pending tasks: 0
naming_7%16, pending tasks: 0
naming_8%16, pending tasks: 0
naming_9%16, pending tasks: 0
naming_10%16, pending tasks: 0
naming_11%16, pending tasks: 0
naming_12%16, pending tasks: 0
naming_13%16, pending tasks: 0
naming_14%16, pending tasks: 0
naming_15%16, pending tasks: 0


2026-05-17 15:07:26,119 INFO DISTRO:|0|0|0|

2026-05-17 15:08:26,121 INFO PERFORMANCE:|1|2|0|-1|-1|0|0

2026-05-17 15:08:26,121 INFO Task worker status: 
naming_0%16, pending tasks: 0
naming_1%16, pending tasks: 0
naming_2%16, pending tasks: 0
naming_3%16, pending tasks: 0
naming_4%16, pending tasks: 0
naming_5%16, pending tasks: 0
naming_6%16, pending tasks: 0
naming_7%16, pending tasks: 0
naming_8%16, pending tasks: 0
naming_9%16, pending tasks: 0
naming_10%16, pending tasks: 0
naming_11%16, pending tasks: 0
naming_12%16, pending tasks: 0
naming_13%16, pending tasks: 0
naming_14%16, pending tasks: 0
naming_15%16, pending tasks: 0


2026-05-17 15:08:26,121 INFO DISTRO:|0|0|0|

2026-05-17 15:09:26,125 INFO PERFORMANCE:|serviceCount|ipCount|subscribeCount|maxPushCost|avgPushCost|totalPushCount|failPushCount

2026-05-17 15:09:26,126 INFO DISTRO:|V1SyncDone|V1SyncFail|V2SyncDone|V2SyncFail|V2VerifyFail|

2026-05-17 15:09:26,126 INFO PERFORMANCE:|1|2|0|-1|-1|0|0

2026-05-17 15:09:26,126 INFO Task worker status: 
naming_0%16, pending tasks: 0
naming_1%16, pending tasks: 0
naming_2%16, pending tasks: 0
naming_3%16, pending tasks: 0
naming_4%16, pending tasks: 0
naming_5%16, pending tasks: 0
naming_6%16, pending tasks: 0
naming_7%16, pending tasks: 0
naming_8%16, pending tasks: 0
naming_9%16, pending tasks: 0
naming_10%16, pending tasks: 0
naming_11%16, pending tasks: 0
naming_12%16, pending tasks: 0
naming_13%16, pending tasks: 0
naming_14%16, pending tasks: 0
naming_15%16, pending tasks: 0


2026-05-17 15:09:26,126 INFO DISTRO:|0|0|0|

2026-05-17 15:10:26,133 INFO PERFORMANCE:|1|2|0|-1|-1|0|0

2026-05-17 15:10:26,133 INFO Task worker status: 
naming_0%16, pending tasks: 0
naming_1%16, pending tasks: 0
naming_2%16, pending tasks: 0
naming_3%16, pending tasks: 0
naming_4%16, pending tasks: 0
naming_5%16, pending tasks: 0
naming_6%16, pending tasks: 0
naming_7%16, pending tasks: 0
naming_8%16, pending tasks: 0
naming_9%16, pending tasks: 0
naming_10%16, pending tasks: 0
naming_11%16, pending tasks: 0
naming_12%16, pending tasks: 0
naming_13%16, pending tasks: 0
naming_14%16, pending tasks: 0
naming_15%16, pending tasks: 0


2026-05-17 15:10:26,133 INFO DISTRO:|0|0|0|

2026-05-17 15:11:26,146 INFO PERFORMANCE:|1|2|0|-1|-1|0|0

2026-05-17 15:11:26,146 INFO Task worker status: 
naming_0%16, pending tasks: 0
naming_1%16, pending tasks: 0
naming_2%16, pending tasks: 0
naming_3%16, pending tasks: 0
naming_4%16, pending tasks: 0
naming_5%16, pending tasks: 0
naming_6%16, pending tasks: 0
naming_7%16, pending tasks: 0
naming_8%16, pending tasks: 0
naming_9%16, pending tasks: 0
naming_10%16, pending tasks: 0
naming_11%16, pending tasks: 0
naming_12%16, pending tasks: 0
naming_13%16, pending tasks: 0
naming_14%16, pending tasks: 0
naming_15%16, pending tasks: 0


2026-05-17 15:11:26,146 INFO DISTRO:|0|0|0|

2026-05-17 15:12:26,149 INFO PERFORMANCE:|1|2|0|-1|-1|0|0

2026-05-17 15:12:26,149 INFO Task worker status: 
naming_0%16, pending tasks: 0
naming_1%16, pending tasks: 0
naming_2%16, pending tasks: 0
naming_3%16, pending tasks: 0
naming_4%16, pending tasks: 0
naming_5%16, pending tasks: 0
naming_6%16, pending tasks: 0
naming_7%16, pending tasks: 0
naming_8%16, pending tasks: 0
naming_9%16, pending tasks: 0
naming_10%16, pending tasks: 0
naming_11%16, pending tasks: 0
naming_12%16, pending tasks: 0
naming_13%16, pending tasks: 0
naming_14%16, pending tasks: 0
naming_15%16, pending tasks: 0


2026-05-17 15:12:26,149 INFO DISTRO:|0|0|0|

2026-05-17 15:13:26,153 INFO PERFORMANCE:|1|2|0|-1|-1|0|0

2026-05-17 15:13:26,154 INFO Task worker status: 
naming_0%16, pending tasks: 0
naming_1%16, pending tasks: 0
naming_2%16, pending tasks: 0
naming_3%16, pending tasks: 0
naming_4%16, pending tasks: 0
naming_5%16, pending tasks: 0
naming_6%16, pending tasks: 0
naming_7%16, pending tasks: 0
naming_8%16, pending tasks: 0
naming_9%16, pending tasks: 0
naming_10%16, pending tasks: 0
naming_11%16, pending tasks: 0
naming_12%16, pending tasks: 0
naming_13%16, pending tasks: 0
naming_14%16, pending tasks: 0
naming_15%16, pending tasks: 0


2026-05-17 15:13:26,154 INFO DISTRO:|0|0|0|

2026-05-17 15:14:26,166 INFO PERFORMANCE:|1|2|0|-1|-1|0|0

2026-05-17 15:14:26,166 INFO Task worker status: 
naming_0%16, pending tasks: 0
naming_1%16, pending tasks: 0
naming_2%16, pending tasks: 0
naming_3%16, pending tasks: 0
naming_4%16, pending tasks: 0
naming_5%16, pending tasks: 0
naming_6%16, pending tasks: 0
naming_7%16, pending tasks: 0
naming_8%16, pending tasks: 0
naming_9%16, pending tasks: 0
naming_10%16, pending tasks: 0
naming_11%16, pending tasks: 0
naming_12%16, pending tasks: 0
naming_13%16, pending tasks: 0
naming_14%16, pending tasks: 0
naming_15%16, pending tasks: 0


2026-05-17 15:14:26,167 INFO DISTRO:|0|0|0|

2026-05-17 15:15:26,171 INFO PERFORMANCE:|1|2|0|-1|-1|0|0

2026-05-17 15:15:26,171 INFO Task worker status: 
naming_0%16, pending tasks: 0
naming_1%16, pending tasks: 0
naming_2%16, pending tasks: 0
naming_3%16, pending tasks: 0
naming_4%16, pending tasks: 0
naming_5%16, pending tasks: 0
naming_6%16, pending tasks: 0
naming_7%16, pending tasks: 0
naming_8%16, pending tasks: 0
naming_9%16, pending tasks: 0
naming_10%16, pending tasks: 0
naming_11%16, pending tasks: 0
naming_12%16, pending tasks: 0
naming_13%16, pending tasks: 0
naming_14%16, pending tasks: 0
naming_15%16, pending tasks: 0


2026-05-17 15:15:26,171 INFO DISTRO:|0|0|0|

2026-05-17 15:16:26,180 INFO PERFORMANCE:|1|2|0|-1|-1|0|0

2026-05-17 15:16:26,180 INFO Task worker status: 
naming_0%16, pending tasks: 0
naming_1%16, pending tasks: 0
naming_2%16, pending tasks: 0
naming_3%16, pending tasks: 0
naming_4%16, pending tasks: 0
naming_5%16, pending tasks: 0
naming_6%16, pending tasks: 0
naming_7%16, pending tasks: 0
naming_8%16, pending tasks: 0
naming_9%16, pending tasks: 0
naming_10%16, pending tasks: 0
naming_11%16, pending tasks: 0
naming_12%16, pending tasks: 0
naming_13%16, pending tasks: 0
naming_14%16, pending tasks: 0
naming_15%16, pending tasks: 0


2026-05-17 15:16:26,180 INFO DISTRO:|0|0|0|

